text,category,cleaned_text,char_count,word_count
Sadly deteriorated facilities & service,Rooms,sadly deteriorated facility service,39,5
Sadly deteriorated quickness & service,Rooms,sadly deteriorated quickness service,39,5
Sadly deteriorated facilities & service,Rooms,sadly deteriorated facility service,39,5
Sadly deteriorated facilities & service of process,Rooms,sadly deteriorated facility service of process,39,5
Sadly deteriorated facilities & serve,Rooms,sadly deteriorated facility serve,39,5
Sadly deteriorated facilities & service,Rooms,sadly deteriorated facility service,39,5
unhappily deteriorated facilities & service,Rooms,unhappily deteriorated facility service,39,5
Sadly deteriorated facilities & service,Rooms,sadly deteriorated facility service,39,5
sadly deteriorated facilities & service,Rooms,sadly deteriorated facility service,39,5
Sadly devolve facilities & service,Rooms,sadly devolve facility service,39,5
Sadly deteriorated facilities & religious service,Rooms,sadly deteriorated facility religious service,39,5
"Our planned highlight, to the end of our Sri Lankan tour, was a frustrating disappointment.  We arrived tired and sick, hoping for a clean comfortable room and some simple food.  Even though we had booked and paid 6 months earlier, it took a long time to allocate us a room.  The room smelled of mould and mould was easily found in the bathroom. My wife complained, but all the staff could do was find the missing outdoor furniture. At dinner, the first night, we had difficulty finding plain food, that would not aggravate our upset stomachs.  The chef kindly offered to prepare mashed potatoes, peas and grilled chicken, for us, the next night. However, the next day, this offer was undone by management, who declared we had been selected for ""Fine dining"". Fearing this was Sringlish for extra spicy, we gave up and went to bed early, without dinned, which we had already paid for.  At least at checkout, as some compensation, the hotel did not charge for the sandwich and hamburger, we had at the bar.  After my wife presented mouldy toiletries to management, they did offer to change rooms, on the second day; but it was too little too late.  The hotel has an impressive entrance and sea view.  But what good are those when the hotel fails the basics of room and food.",Services,our planned highlight to the end of our sri lankan tour wa a frustrating disappointment we arrived tired and sick hoping for a clean comfortable room and some simple food even though we had booked and paid month earlier it took a long time to allocate u a room the room smelled of mould and mould wa easily found in the bathroom my wife complained but all the staff could do wa find the missing outdoor furniture at dinner the first night we had difficulty finding plain food that would not aggravate our upset stomach the chef kindly offered to prepare mashed potato pea and grilled chicken for u the next night however the next day this offer wa undone by management who declared we had been selected for fine dining fearing this wa sringlish for extra spicy we gave up and went to bed early without dinned which we had already paid for at least at checkout a some compensation the hotel did not charge for the sandwich and hamburger we had at the bar after my wife presented mouldy toiletry to management they did offer to change room on the second day but it wa too little too late the hotel ha an impressive entrance and sea view but what good are those when the hotel fails the basic of room and food,1273,226
"Our planned highlight, to the end of our Sri Lankan tour, was a frustrating disappointment. We arrived tired and sick, hop for a fresh comfortable room and roughly simple food. Even though we had booked and give six months earlier, it have a long time to apportion us a room. The way gumption of mould and mould was easily found in the bathroom. My married woman complained, but all the staff could do was find the missing outdoor furniture. At dinner, the first night, we had difficulty finding plain food, that would not aggravate our discomfit stomachs. The chef kindly offered to devise mashed potatoes, pea and grillwork chicken, for us, the side by side night. However, the next day, this provide was undone aside management, who declared we had been selected for ""Fine dining"". revere this was Sringlish for extra spicy, we gave up and went to bed early, without dinned, which we sustain already paid for. atomic number 85 least at checkout, as some compensation, the hotel did not charge for the sandwich and hamburger, we had at the bar. After my wife presented mouldy toiletries to management, they did propose to change rooms, along the second day; but information technology was too piffling too late. The hotel bear an tell entrance and ocean view. But what good are those when the hotel fail the basics of board and food.",Services,our planned highlight to the end of our sri lankan tour wa a frustrating disappointment we arrived tired and sick hop for a fresh comfortable room and roughly simple food even though we had booked and give six month earlier it have a long time to apportion u a room the way gumption of mould and mould wa easily found in the bathroom my married woman complained but all the staff could do wa find the missing outdoor furniture at dinner the first night we had difficulty finding plain food that would not aggravate our discomfit stomach the chef kindly offered to devise mashed potato pea and grillwork chicken for u the side by side night however the next day this provide wa undone aside management who declared we had been selected for fine dining revere this wa sringlish for extra spicy we gave up and went to bed early without dinned which we sustain already paid for atomic number least at checkout a some compensation the hotel did not charge for the sandwich and hamburger we had at the bar after my wife presented mouldy toiletry to management they did propose to change room along the second day but information technology wa too piffling too late the hotel bear an tell entrance and ocean view but what good are those when the hotel fail the basic of board and food,1273,226
"Our planned highlight, to the conclusion of our Sri Lankan tour, was antiophthalmic factor frustrating disappointment. We make it tired and sick, hoping for a plumb comfortable room and some simple food. Even though we had set-aside and paid 6 months earlier, information technology took a long clip to allocate us a room. The room smell out of mould and mould was easily found Hoosier State the bathroom. My wife complained, but all the staff could do make up find the miss outdoor furniture. atomic number 85 dinner, the initiatory night, we had difficulty finding plain food, that would not aggravate our upset stomachs. The chef good-hearted offered to prepare mashed potatoes, peas and grilled chicken, for us, the next night. However, the next day, this offer was undone by management, World Health Organization declared we had been selected for ""Fine dining"". Fearing this was Sringlish for extra spicy, we gave up and went to bed early, without dinned, which we had already paid for. at least at checkout, as close to compensation, the hotel did not charge for the sandwich and hamburger, we had atomic number 85 the bar. After my married woman present mouldy toiletries to management, they did offer to change rooms, on the spot day; but it was too short too late. The hotel has Associate in Nursing impressive entrance and sea view. But what good be those when the hotel fail the basics of room and food.",Services,our planned highlight to the conclusion of our sri lankan tour wa antiophthalmic factor frustrating disappointment we make it tired and sick hoping for a plumb comfortable room and some simple food even though we had setaside and paid month earlier information technology took a long clip to allocate u a room the room smell out of mould and mould wa easily found hoosier state the bathroom my wife complained but all the staff could do make up find the miss outdoor furniture atomic number dinner the initiatory night we had difficulty finding plain food that would not aggravate our upset stomach the chef goodhearted offered to prepare mashed potato pea and grilled chicken for u the next night however the next day this offer wa undone by management world health organization declared we had been selected for fine dining fearing this wa sringlish for extra spicy we gave up and went to bed early without dinned which we had already paid for at least at checkout a close to compensation the hotel did not charge for the sandwich and hamburger we had atomic number the bar after my married woman present mouldy toiletry to management they did offer to change room on the spot day but it wa too short too late the hotel ha associate in nursing impressive entrance and sea view but what good be those when the hotel fail the basic of room and food,1273,226
"Our planned highlight, to the end of our Sri Lankan tour, was a frustrating disappointment. We arrived tired and sick, hope for a clean comfortable room and some simple food. flush though we had booked and paid sise months earlier, it took a foresighted time to allocate us a room. The room smell out of mould and mould was easily found in the bathroom. My wife complained, but all the module could do embody breakthrough the overlook outdoor furniture. At dinner, the first night, we had trouble finding plain food, that would not aggravate our worried stomachs. The chef kindly offer to prepare mashed potatoes, peas and grilled chicken, for us, the adjacent night. However, the next day, this volunteer be undone by management, WHO declared we had been selected for ""Fine dining"". Fearing this be Sringlish for extra spicy, we kick in improving and went to bed early, without dinned, which we had already paid for. At least at checkout, as just about compensation, the hotel did not charge for the sandwich and hamburger, we had at the bar. After my married woman presented mouldy toiletries to management, they did offer up to change rooms, on the second day; but it was too fragile too late. The hotel has an impressive entrance and sea view. But what good are those when the hotel fails the basics of room and food.",Services,our planned highlight to the end of our sri lankan tour wa a frustrating disappointment we arrived tired and sick hope for a clean comfortable room and some simple food flush though we had booked and paid sise month earlier it took a foresighted time to allocate u a room the room smell out of mould and mould wa easily found in the bathroom my wife complained but all the module could do embody breakthrough the overlook outdoor furniture at dinner the first night we had trouble finding plain food that would not aggravate our worried stomach the chef kindly offer to prepare mashed potato pea and grilled chicken for u the adjacent night however the next day this volunteer be undone by management who declared we had been selected for fine dining fearing this be sringlish for extra spicy we kick in improving and went to bed early without dinned which we had already paid for at least at checkout a just about compensation the hotel did not charge for the sandwich and hamburger we had at the bar after my married woman presented mouldy toiletry to management they did offer up to change room on the second day but it wa too fragile too late the hotel ha an impressive entrance and sea view but what good are those when the hotel fails the basic of room and food,1273,226
"Our planned highlight, to the end of our Sri Lankan tour, was deoxyadenosine monophosphate frustrating disappointment. We arrived tired and sick, hoping for ampere clean comfortable room and approximately simple food. even though we had booked and paid 6 calendar month earlier, it took a foresightful time to allocate us angstrom unit room. The room smelled of mould and mould was easily found atomic number 49 the bathroom. My wife complained, but wholly the faculty could do was find the missing outdoor furniture. atomic number 85 dinner, the low gear night, we had inconvenience finding plain food, that would not aggravate our turnover stomachs. The chef kindly offered to prepare mashed potatoes, peas and grilled chicken, for us, the succeeding night. However, the future day, this offer be undone by management, WHO declared we had been selected for ""Fine dining"". dread this was Sringlish for supernumerary spicy, we grant up and run short to bed early, without dinned, which we had already paid for. At to the lowest degree atomic number 85 checkout, as some compensation, the hotel get along not heraldic bearing for the sandwich and hamburger, we experience at the bar. After my wife presented mouldy toiletries to management, they serve offer to change rooms, along the second day; but it was too little too late. The hotel has an telling entrance and sea view. But what good are those when the hotel fails the basics of board and food.",Services,our planned highlight to the end of our sri lankan tour wa deoxyadenosine monophosphate frustrating disappointment we arrived tired and sick hoping for ampere clean comfortable room and approximately simple food even though we had booked and paid calendar month earlier it took a foresightful time to allocate u angstrom unit room the room smelled of mould and mould wa easily found atomic number the bathroom my wife complained but wholly the faculty could do wa find the missing outdoor furniture atomic number dinner the low gear night we had inconvenience finding plain food that would not aggravate our turnover stomach the chef kindly offered to prepare mashed potato pea and grilled chicken for u the succeeding night however the future day this offer be undone by management who declared we had been selected for fine dining dread this wa sringlish for supernumerary spicy we grant up and run short to bed early without dinned which we had already paid for at to the lowest degree atomic number checkout a some compensation the hotel get along not heraldic bearing for the sandwich and hamburger we experience at the bar after my wife presented mouldy toiletry to management they serve offer to change room along the second day but it wa too little too late the hotel ha an telling entrance and sea view but what good are those when the hotel fails the basic of board and food,1273,226
"Our planned highlight, to the final stage of our Sri Lankan tour, WA A cross disappointment. We get in tire and sick, hoping for a clean comfortable room and some simple food. even though we had booked and paid 6 months earlier, information technology took a long meter to divvy up U angstrom unit room. The room smelled of mould and mould was easily found in the bathroom. My wife complained, but all the staff could bash was find the missing out-of-door furniture. At dinner, the first night, we take difficulty finding plain food, that would not aggravate our upset stomachs. The chef charitable offered to prepare bray potatoes, peas and grilled chicken, for us, the next night. However, the next day, this pass was unwrap past management, who declared we receive been selected for ""Fine dining"". fear this was Sringlish for extra spicy, we gift up and went to have it off early, without dinned, which we devour already paid for. at least at checkout, as some compensation, the hotel did non charge for the sandwich and hamburger, we had at the bar. After my wife presented fusty toiletries to management, they did offer to change rooms, on the secondment day; but it equal too little excessively late. The hotel has an impressive entrance and ocean view. But what good are those when the hotel fails the basics of room and food.",Services,our planned highlight to the final stage of our sri lankan tour wa a cross disappointment we get in tire and sick hoping for a clean comfortable room and some simple food even though we had booked and paid month earlier information technology took a long meter to divvy up u angstrom unit room the room smelled of mould and mould wa easily found in the bathroom my wife complained but all the staff could bash wa find the missing outofdoor furniture at dinner the first night we take difficulty finding plain food that would not aggravate our upset stomach the chef charitable offered to prepare bray potato pea and grilled chicken for u the next night however the next day this pas wa unwrap past management who declared we receive been selected for fine dining fear this wa sringlish for extra spicy we gift up and went to have it off early without dinned which we devour already paid for at least at checkout a some compensation the hotel did non charge for the sandwich and hamburger we had at the bar after my wife presented fusty toiletry to management they did offer to change room on the secondment day but it equal too little excessively late the hotel ha an impressive entrance and ocean view but what good are those when the hotel fails the basic of room and food,1273,226
"Our planned highlight, to the end of our Sri Lankan tour, make up a cross disappointment. We arrived tired and sick, skip for a strip well-to-do room and roughly simple food. Even though we get booked and paid 6 months earlier, it took a long time to allocate United States a room. The room smack of mould and mould was easily found in the bathroom. My wife complained, but all the staff could do was find the neglect outdoor furniture. At dinner, the first night, we had difficulty finding plain food, that would not aggravate our upset stomachs. The chef kindly offer to prepare mashed potatoes, peas and grilled chicken, for us, the next night. However, the side by side day, this offer was undo by management, World Health Organization declared we had cost selected for ""Fine dining"". Fearing this was Sringlish for extra spicy, we render up and fit to bed early, without dinned, which we had already paid for. atomic number 85 to the lowest degree at checkout, as some compensation, the hotel did not charge for the sandwich and hamburger, we had at the bar. After my wife pose mouldy toiletries to management, they did extend to switch rooms, along the 2nd day; but it was too little too late. The hotel take in Associate in Nursing impressive enchant and sea view. only what good are those when the hotel fails the rudiments of room and food.",Services,our planned highlight to the end of our sri lankan tour make up a cross disappointment we arrived tired and sick skip for a strip welltodo room and roughly simple food even though we get booked and paid month earlier it took a long time to allocate united state a room the room smack of mould and mould wa easily found in the bathroom my wife complained but all the staff could do wa find the neglect outdoor furniture at dinner the first night we had difficulty finding plain food that would not aggravate our upset stomach the chef kindly offer to prepare mashed potato pea and grilled chicken for u the next night however the side by side day this offer wa undo by management world health organization declared we had cost selected for fine dining fearing this wa sringlish for extra spicy we render up and fit to bed early without dinned which we had already paid for atomic number to the lowest degree at checkout a some compensation the hotel did not charge for the sandwich and hamburger we had at the bar after my wife pose mouldy toiletry to management they did extend to switch room along the nd day but it wa too little too late the hotel take in associate in nursing impressive enchant and sea view only what good are those when the hotel fails the rudiment of room and food,1273,226
"Our architectural plan highlight, to the terminate of our Sri Lankan tour, make up adenine queer disappointment. We arrived tired and sick, hoping for a clean easy room and some simple food. Even though we had booked and paid 6 months earlier, it took A long time to apportion us A room. The room smell out of mould and mould was easily found inch the bathroom. My wife complained, but completely the staff could do was find the missing out-of-door furniture. At dinner, the first night, we had difficultness find spare food, that would not exasperate our upset stomachs. The chef kindly offered to prepare mashed potatoes, pea and grilled chicken, for us, the next night. However, the next day, this propose be undo by management, who declared we have got been selected for ""Fine dining"". Fearing this was Sringlish for extra spicy, we gave about and went to bed early, without dinned, which we get already paid for. At to the lowest degree at checkout, as some compensation, the hotel did non charge for the sandwich and hamburger, we had at the bar. After my wife presented mouldy toiletries to management, they did offer to change rooms, on the arcsecond day; but information technology live too little also late. The hotel birth an telling entry and ocean view. But what good are those when the hotel fails the basics of room and food.",Services,our architectural plan highlight to the terminate of our sri lankan tour make up adenine queer disappointment we arrived tired and sick hoping for a clean easy room and some simple food even though we had booked and paid month earlier it took a long time to apportion u a room the room smell out of mould and mould wa easily found inch the bathroom my wife complained but completely the staff could do wa find the missing outofdoor furniture at dinner the first night we had difficultness find spare food that would not exasperate our upset stomach the chef kindly offered to prepare mashed potato pea and grilled chicken for u the next night however the next day this propose be undo by management who declared we have got been selected for fine dining fearing this wa sringlish for extra spicy we gave about and went to bed early without dinned which we get already paid for at to the lowest degree at checkout a some compensation the hotel did non charge for the sandwich and hamburger we had at the bar after my wife presented mouldy toiletry to management they did offer to change room on the arcsecond day but information technology live too little also late the hotel birth an telling entry and ocean view but what good are those when the hotel fails the basic of room and food,1273,226
"Our planned highlight, to the end of our Sri Lankan tour, Evergreen State A frustrating disappointment. We arrived tire out and sick, skip for a fresh comfortable room and some simple food. Even though we take in booked and paid 6 months earlier, information technology took a long time to allocate us a room. The room smelled of mould and mould was easily found in the bathroom. My wife complained, but all the stave could do was find the missing out-of-door furniture. At dinner, the first base night, we consent difficultness finding kvetch food, that would not aggravate our upset stomachs. The chef kindly offered to make mashed potatoes, peas and grilled chicken, for us, the next night. However, the following day, this pass be undone by management, who declared we cause been select for ""Fine dining"". fear this was Sringlish for extra spicy, we give up and went to bed early, without dinned, which we had already paid for. At to the lowest degree at checkout, as some compensation, the hotel did not appoint for the sandwich and hamburger, we had at the bar. After my married woman presented mouldy toiletries to management, they did offer to change rooms, on the second day; but IT was too little too late. The hotel has AN impressive entrance and sea view. But what good are those when the hotel go bad the basics of room and food.",Services,our planned highlight to the end of our sri lankan tour evergreen state a frustrating disappointment we arrived tire out and sick skip for a fresh comfortable room and some simple food even though we take in booked and paid month earlier information technology took a long time to allocate u a room the room smelled of mould and mould wa easily found in the bathroom my wife complained but all the stave could do wa find the missing outofdoor furniture at dinner the first base night we consent difficultness finding kvetch food that would not aggravate our upset stomach the chef kindly offered to make mashed potato pea and grilled chicken for u the next night however the following day this pas be undone by management who declared we cause been select for fine dining fear this wa sringlish for extra spicy we give up and went to bed early without dinned which we had already paid for at to the lowest degree at checkout a some compensation the hotel did not appoint for the sandwich and hamburger we had at the bar after my married woman presented mouldy toiletry to management they did offer to change room on the second day but it wa too little too late the hotel ha an impressive entrance and sea view but what good are those when the hotel go bad the basic of room and food,1273,226
"Our planned highlight, to the end of our Sri Lankan tour, was a frustrating disappointment. We arrived tired and sick, hoping for angstrom unit clean well-heeled way and some dewy-eyed food. even out though we had booked and paid 6 months earlier, it acquire a long time to allocate us a room. The room smelled of cast and cast be easily come up in the bathroom. My wife complained, but altogether the staff could do present find the miss outdoor furniture. at dinner, the first night, we had difficulty finding plain food, that would non exasperate our upset stomachs. The chef kindly proffer to prepare mashed potatoes, peas and grilled chicken, for us, the next night. However, the next day, this propose was undone by management, who declared we had been selected for ""Fine dining"". concern this equal Sringlish for extra spicy, we gave up and went to bed early, without dinned, which we make already paid for. at least at checkout, as close to compensation, the hotel did non charge for the sandwich and hamburger, we had astatine the bar. After my wife presented mouldy toiletries to management, they did offer to alter rooms, on the second day; but it live too little too late. The hotel has an impressive entrance and sea view. hardly what right are those when the hotel fails the rudiments of board and food.",Services,our planned highlight to the end of our sri lankan tour wa a frustrating disappointment we arrived tired and sick hoping for angstrom unit clean wellheeled way and some dewyeyed food even out though we had booked and paid month earlier it acquire a long time to allocate u a room the room smelled of cast and cast be easily come up in the bathroom my wife complained but altogether the staff could do present find the miss outdoor furniture at dinner the first night we had difficulty finding plain food that would non exasperate our upset stomach the chef kindly proffer to prepare mashed potato pea and grilled chicken for u the next night however the next day this propose wa undone by management who declared we had been selected for fine dining concern this equal sringlish for extra spicy we gave up and went to bed early without dinned which we make already paid for at least at checkout a close to compensation the hotel did non charge for the sandwich and hamburger we had astatine the bar after my wife presented mouldy toiletry to management they did offer to alter room on the second day but it live too little too late the hotel ha an impressive entrance and sea view hardly what right are those when the hotel fails the rudiment of board and food,1273,226
"Our design highlight, to the end of our Sri Lankan tour, was a bedevil disappointment. We arrived tired and sick, hoping for a clean comfortable board and some simple food. Even though we experience booked and pay 6 months earlier, information technology took a long time to allocate USA vitamin A room. The room smell of mould and mould was easily base in the bathroom. My married woman complained, but all the staff could do was find the missing outdoor furniture. At dinner, the first night, we had difficulty finding plain food, that would not aggravate our upset stomachs. The chef kindly propose to prepare mashed potatoes, peas and grilled chicken, for us, the next night. However, the next day, this offer was undone by management, who declared we had been selected for ""Fine dining"". Fearing this was Sringlish for extra spicy, we gave up and fail to bed early, without dinned, which we own already paid for. astatine least astatine checkout, as some compensation, the hotel make not charge for the sandwich and hamburger, we had at the bar. After my married woman presented mouldy toilet articles to management, they did offer to change rooms, on the sec day; but it be as well little too late. The hotel has Associate in Nursing impressive entrance and ocean view. But what good are those when the hotel fail the basics of elbow room and food.",Services,our design highlight to the end of our sri lankan tour wa a bedevil disappointment we arrived tired and sick hoping for a clean comfortable board and some simple food even though we experience booked and pay month earlier information technology took a long time to allocate usa vitamin a room the room smell of mould and mould wa easily base in the bathroom my married woman complained but all the staff could do wa find the missing outdoor furniture at dinner the first night we had difficulty finding plain food that would not aggravate our upset stomach the chef kindly propose to prepare mashed potato pea and grilled chicken for u the next night however the next day this offer wa undone by management who declared we had been selected for fine dining fearing this wa sringlish for extra spicy we gave up and fail to bed early without dinned which we own already paid for astatine least astatine checkout a some compensation the hotel make not charge for the sandwich and hamburger we had at the bar after my married woman presented mouldy toilet article to management they did offer to change room on the sec day but it be a well little too late the hotel ha associate in nursing impressive entrance and ocean view but what good are those when the hotel fail the basic of elbow room and food,1273,226
"When I walked in the lobby, it was very crowede and noisy, I saw the swimming pool from lobby, it was as crowded as disneyland, I cannot believe this is a 5 star hotel. And the swimming pool was somehow under maintance, can see the view as saw on the website. No bath tub in the bathroom. My flight was 12 noon, so I had an early breakfast at 7:20am, the breakfast time started at 7am, but it was chaos when I walked in the restaurant, staff in the restaurant were chatting, laughing, there's no Professional at all!! I was sooo disappointed at Heritance Ahungalla hotel!!!",Food,when i walked in the lobby it wa very crowede and noisy i saw the swimming pool from lobby it wa a crowded a disneyland i can not believe this is a star hotel and the swimming pool wa somehow under maintance can see the view a saw on the website no bath tub in the bathroom my flight wa noon so i had an early breakfast at am the breakfast time started at am but it wa chaos when i walked in the restaurant staff in the restaurant were chatting laughing there no professional at all i wa sooo disappointed at heritance ahungalla hotel,573,106
"When I walked in the lobby, IT was real crowede and noisy, I interpret the drown pool from lobby, it was as crowd together as disneyland, I cannot believe this represent a 5 mavin hotel. And the drown pool was somehow under maintance, derriere determine the view as see on the website. No bath tub in the bathroom. My flight was 12 noon, so I have an early breakfast astatine 7:20am, the breakfast time started atomic number 85 7am, but it was chaos when I take the air Indiana the restaurant, staff in the restaurant were chatting, laughing, there's no professional at all!! I was sooo disappoint at Heritance Ahungalla hotel!!!",Food,when i walked in the lobby it wa real crowede and noisy i interpret the drown pool from lobby it wa a crowd together a disneyland i can not believe this represent a mavin hotel and the drown pool wa somehow under maintance derriere determine the view a see on the website no bath tub in the bathroom my flight wa noon so i have an early breakfast astatine am the breakfast time started atomic number am but it wa chaos when i take the air indiana the restaurant staff in the restaurant were chatting laughing there no professional at all i wa sooo disappoint at heritance ahungalla hotel,573,106
"When I walked in the lobby, it was very crowede and noisy, iodin saw the swimming pool from lobby, it was as crowd together As disneyland, I cannot believe this is a 5 principal hotel. And the swimming pond was in some way under maintance, can see the view as regard on the website. no bathe bath in the bathroom. My flight was 12 noon, indeed I had AN early breakfast at 7:20am, the breakfast time started at 7am, but it was chaos when I walk in the restaurant, faculty in the restaurant were chatting, laughing, there's No pro at all!! I was sooo disappointed At Heritance Ahungalla hotel!!!",Food,when i walked in the lobby it wa very crowede and noisy iodin saw the swimming pool from lobby it wa a crowd together a disneyland i can not believe this is a principal hotel and the swimming pond wa in some way under maintance can see the view a regard on the website no bathe bath in the bathroom my flight wa noon indeed i had an early breakfast at am the breakfast time started at am but it wa chaos when i walk in the restaurant faculty in the restaurant were chatting laughing there no pro at all i wa sooo disappointed at heritance ahungalla hotel,573,106
"When I walked in the lobby, it was very crowede and noisy, peerless saw the swimming pool from lobby, it was as crowded as disneyland, i cannot believe this is A V virtuoso hotel. And the swimming pool be somehow under maintance, can envision the eyeshot as saw on the website. No tub bathtub in the bathroom. My flight was 12 noon, so I had AN early on breakfast at 7:20am, the breakfast time started at 7am, only it be bedlam when I walked in the restaurant, staff Indiana the restaurant were chatting, laughing, there's no Professional atomic number 85 all!! I was sooo disappoint atomic number 85 Heritance Ahungalla hotel!!!",Food,when i walked in the lobby it wa very crowede and noisy peerless saw the swimming pool from lobby it wa a crowded a disneyland i can not believe this is a v virtuoso hotel and the swimming pool be somehow under maintance can envision the eyeshot a saw on the website no tub bathtub in the bathroom my flight wa noon so i had an early on breakfast at am the breakfast time started at am only it be bedlam when i walked in the restaurant staff indiana the restaurant were chatting laughing there no professional atomic number all i wa sooo disappoint atomic number heritance ahungalla hotel,573,106
"When I walked in the lobby, it was very crowede and noisy, one saw the swimming pool from lobby, IT be angstrom crowd as disneyland, I cannot study this is a 5 star hotel. And the swimming pocket billiards make up somehow nether maintance, displace see the view as saw on the website. No bath tub Indiana the bathroom. My flight embody dozen noon, so I feature an early breakfast at 7:20am, the breakfast time started at 7am, but it was chaos when I walked in the restaurant, staff in the restaurant were chatting, laughing, there's no more Professional at all!! I was sooo disappointed at Heritance Ahungalla hotel!!!",Food,when i walked in the lobby it wa very crowede and noisy one saw the swimming pool from lobby it be angstrom crowd a disneyland i can not study this is a star hotel and the swimming pocket billiards make up somehow nether maintance displace see the view a saw on the website no bath tub indiana the bathroom my flight embody dozen noon so i feature an early breakfast at am the breakfast time started at am but it wa chaos when i walked in the restaurant staff in the restaurant were chatting laughing there no more professional at all i wa sooo disappointed at heritance ahungalla hotel,573,106
"When I walked in the lobby, it was very crowede and noisy, one saw the naiant pool from lobby, it was deoxyadenosine monophosphate crowded as disneyland, one cannot believe this be a 5 asterisk hotel. And the swimming pool was somehow under maintance, can discover the view angstrom unit saw on the website. No Bath tub in the bathroom. My flight was twelve noon, so I birth AN early breakfast at 7:20am, the breakfast time started atomic number 85 7am, but it was topsy-turvydom when I walk in the restaurant, staff in the eating place were chatting, laughing, there's no pro atomic number 85 all!! I was sooo disappointed At Heritance Ahungalla hotel!!!",Food,when i walked in the lobby it wa very crowede and noisy one saw the naiant pool from lobby it wa deoxyadenosine monophosphate crowded a disneyland one can not believe this be a asterisk hotel and the swimming pool wa somehow under maintance can discover the view angstrom unit saw on the website no bath tub in the bathroom my flight wa twelve noon so i birth an early breakfast at am the breakfast time started atomic number am but it wa topsyturvydom when i walk in the restaurant staff in the eating place were chatting laughing there no pro atomic number all i wa sooo disappointed at heritance ahungalla hotel,573,106
"When I walked in the lobby, it WA very crowede and noisy, one meet the swimming pool from lobby, information technology was as crowded as disneyland, atomic number 53 cannot consider this is a pentad star hotel. And the swim pool adequate somehow under maintance, can see the view a saw on the website. No bath tub in the bathroom. My flight was 12 noon, so I had an early breakfast at 7:20am, the breakfast time get down at 7am, but it was chaos when I walked inwards the restaurant, staff IN the eating house were chatting, laughing, there's no Professional astatine all!! I was sooo disappointed at Heritance Ahungalla hotel!!!",Food,when i walked in the lobby it wa very crowede and noisy one meet the swimming pool from lobby information technology wa a crowded a disneyland atomic number can not consider this is a pentad star hotel and the swim pool adequate somehow under maintance can see the view a saw on the website no bath tub in the bathroom my flight wa noon so i had an early breakfast at am the breakfast time get down at am but it wa chaos when i walked inwards the restaurant staff in the eating house were chatting laughing there no professional astatine all i wa sooo disappointed at heritance ahungalla hotel,573,106
"When i walked In the lobby, information technology was identical crowede and noisy, I saw the swim kitty from lobby, it was as crowded as disneyland, I cannot believe this is ampere 5 star hotel. And the swimming pool was somehow chthonic maintance, can see the view A saw on the website. No bathe tub in the bathroom. My flight was 12 noon, soh I had an other breakfast atomic number 85 7:20am, the breakfast time started At 7am, but it follow chaos when I walked in the restaurant, staff Indiana the restaurant were chatting, laughing, there's No Professional at all!! i was sooo disappointed at Heritance Ahungalla hotel!!!",Food,when i walked in the lobby information technology wa identical crowede and noisy i saw the swim kitty from lobby it wa a crowded a disneyland i can not believe this is ampere star hotel and the swimming pool wa somehow chthonic maintance can see the view a saw on the website no bathe tub in the bathroom my flight wa noon soh i had an other breakfast atomic number am the breakfast time started at am but it follow chaos when i walked in the restaurant staff indiana the restaurant were chatting laughing there no professional at all i wa sooo disappointed at heritance ahungalla hotel,573,106
"When I walked in the lobby, it was very crowede and noisy, I saw the swimming kitty from lobby, it be as crowded as disneyland, 1 cannot believe this is a V star hotel. And the swimming pond was somehow below maintance, can see the view as saw on the website. No bath bathing tub in the bathroom. My flight exist 12 noon, so I had an early breakfast at 7:20am, the breakfast sentence start at 7am, but it was chaos when one walk in the restaurant, staff in the restaurant were chatting, laughing, there's no professional atomic number 85 all!! I be sooo let down at Heritance Ahungalla hotel!!!",Food,when i walked in the lobby it wa very crowede and noisy i saw the swimming kitty from lobby it be a crowded a disneyland can not believe this is a v star hotel and the swimming pond wa somehow below maintance can see the view a saw on the website no bath bathing tub in the bathroom my flight exist noon so i had an early breakfast at am the breakfast sentence start at am but it wa chaos when one walk in the restaurant staff in the restaurant were chatting laughing there no professional atomic number all i be sooo let down at heritance ahungalla hotel,573,106
"When one walked in the lobby, IT be very crowede and noisy, atomic number 53 saw the swimming pool from lobby, it was vitamin A crowded as disneyland, I cannot believe this is a quintet star hotel. And the swimming pool be somehow under maintance, can checkout the view as saw on the website. No bath bath in the bathroom. My flight was 12 noon, so iodine had an former breakfast at 7:20am, the breakfast metre started At 7am, merely it WA chaos when I walked in the restaurant, staff in the restaurant were chatting, laughing, there's no Professional at all!! I was sooo disappointed astatine Heritance Ahungalla hotel!!!",Food,when one walked in the lobby it be very crowede and noisy atomic number saw the swimming pool from lobby it wa vitamin a crowded a disneyland i can not believe this is a quintet star hotel and the swimming pool be somehow under maintance can checkout the view a saw on the website no bath bath in the bathroom my flight wa noon so iodine had an former breakfast at am the breakfast metre started at am merely it wa chaos when i walked in the restaurant staff in the restaurant were chatting laughing there no professional at all i wa sooo disappointed astatine heritance ahungalla hotel,573,106
"When I walked Indiana the lobby, it was very crowede and noisy, I saw the snow pond from lobby, it was as crowded AS disneyland, single cannot believe this is A 5 virtuoso hotel. And the swimming consortium was in some way nether maintance, can see the view as saw on the website. nobelium bath tub in the bathroom. My flight was XII noon, so I had an early breakfast at 7:20am, the breakfast prison term started at 7am, but information technology was chaos when I walked in the restaurant, staff in the restaurant were chatting, laughing, there's atomic number 102 master at all!! I was sooo disappointed At Heritance Ahungalla hotel!!!",Food,when i walked indiana the lobby it wa very crowede and noisy i saw the snow pond from lobby it wa a crowded a disneyland single can not believe this is a virtuoso hotel and the swimming consortium wa in some way nether maintance can see the view a saw on the website nobelium bath tub in the bathroom my flight wa xii noon so i had an early breakfast at am the breakfast prison term started at am but information technology wa chaos when i walked in the restaurant staff in the restaurant were chatting laughing there atomic number master at all i wa sooo disappointed at heritance ahungalla hotel,573,106
Great premises but room was small,Food,great premise but room wa small,33,6
Great premises but room be small,Food,great premise but room be small,33,6
Great preface but room was small,Food,great preface but room wa small,33,6
Great premises but room make up small,Food,great premise but room make up small,33,6
great premises but room was small,Food,great premise but room wa small,33,6
Great premises but room be small,Food,great premise but room be small,33,6
Great premises but room exist small,Food,great premise but room exist small,33,6
Great premises but elbow room was small,Food,great premise but elbow room wa small,33,6
capital premises but room was small,Food,capital premise but room wa small,33,6
Great premises just room was small,Food,great premise just room wa small,33,6
Great preface but room was small,Food,great preface but room wa small,33,6
Great Architecture coupled with horrible management equals: We don't come back,Food,great architecture coupled with horrible management equal we dont come back,78,11
Great Architecture coupled with horrible counselling equals: We don't come back,Food,great architecture coupled with horrible counselling equal we dont come back,78,11
Great Architecture coupled with horrible management equals: We don't come back,Food,great architecture coupled with horrible management equal we dont come back,78,11
Great computer architecture coupled with horrible management equals: We don't come back,Food,great computer architecture coupled with horrible management equal we dont come back,78,11
Great Architecture coupled with frightful management equals: We don't come back,Food,great architecture coupled with frightful management equal we dont come back,78,11
swell Architecture coupled with horrible direction equals: We don't come back,Food,swell architecture coupled with horrible direction equal we dont come back,78,11
great Architecture coupled with ugly management equals: We don't semen back,Food,great architecture coupled with ugly management equal we dont semen back,78,11
Great Architecture linked with horrible direction equals: We don't semen back,Food,great architecture linked with horrible direction equal we dont semen back,78,11
Great architecture coupled with horrible direction equals: We don't come binding,Food,great architecture coupled with horrible direction equal we dont come binding,78,11
Great Architecture coupled with frightful management equals: We don't come backwards,Food,great architecture coupled with frightful management equal we dont come backwards,78,11
Great Architecture couple with horrifying management equals: We don't come back,Food,great architecture couple with horrifying management equal we dont come back,78,11
Great Location. Ancient old rooms & poor Service.,Services,great location ancient old room poor service,49,8
great Location. Ancient old rooms & poor Service.,Services,great location ancient old room poor service,49,8
Great Location. Ancient old rooms & pitiful Service.,Services,great location ancient old room pitiful service,49,8
Great Location. ancient old rooms & pitiable Service.,Services,great location ancient old room pitiable service,49,8
Great Location. antediluvian old rooms & poor Service.,Services,great location antediluvian old room poor service,49,8
peachy Location. Ancient old rooms & pitiable Service.,Services,peachy location ancient old room pitiable service,49,8
Great Location. Ancient old rooms & inadequate Service.,Services,great location ancient old room inadequate service,49,8
Great Location. Ancient old suite & poor Service.,Services,great location ancient old suite poor service,49,8
Great Location. Ancient old rooms & short Service.,Services,great location ancient old room short service,49,8
Great Location. Ancient old room & poor Service.,Services,great location ancient old room poor service,49,8
expectant Location. Ancient Old rooms & poor Service.,Services,expectant location ancient old room poor service,49,8
Relaxing day with great service and facilities all around,Rooms,relaxing day with great service and facility all around,57,9
Relaxing day with great divine service and facilities all around,Rooms,relaxing day with great divine service and facility all around,57,9
loosen day with great service and facilities altogether around,Rooms,loosen day with great service and facility altogether around,57,9
Relaxing day with peachy service and facilities all around,Rooms,relaxing day with peachy service and facility all around,57,9
Relaxing day with great serve and facilities altogether around,Rooms,relaxing day with great serve and facility altogether around,57,9
loosen up day with great service and facilities all around,Rooms,loosen up day with great service and facility all around,57,9
loose day with great military service and facilities all around,Rooms,loose day with great military service and facility all around,57,9
Relaxing day with great serving and facilities whole around,Rooms,relaxing day with great serving and facility whole around,57,9
Relaxing day with great serve and facilities all around,Rooms,relaxing day with great serve and facility all around,57,9
Relaxing day with great service and facility all around,Rooms,relaxing day with great service and facility all around,57,9
loose day with great service and facilities all around,Rooms,loose day with great service and facility all around,57,9
Terrible experience with shameful behaviour from staff,Services,terrible experience with shameful behaviour from staff,54,7
severe experience with shameful behaviour from staff,Services,severe experience with shameful behaviour from staff,54,7
dreadful experience with shameful behavior from staff,Services,dreadful experience with shameful behavior from staff,54,7
Terrible experience with shameful behavior from staff,Services,terrible experience with shameful behavior from staff,54,7
Terrible experience with disgraceful doings from staff,Services,terrible experience with disgraceful doings from staff,54,7
Terrible experience with ignominious behaviour from staff,Services,terrible experience with ignominious behaviour from staff,54,7
Terrible experience with black conduct from staff,Services,terrible experience with black conduct from staff,54,7
Terrible get with shameful behaviour from stave,Services,terrible get with shameful behaviour from stave,54,7
Terrible have with shameful demeanour from staff,Services,terrible have with shameful demeanour from staff,54,7
fearful experience with inglorious behaviour from staff,Services,fearful experience with inglorious behaviour from staff,54,7
Terrible experience with shameful behaviour from stave,Services,terrible experience with shameful behaviour from stave,54,7
"When I walked in the lobby, it was very crowede and noisy, I saw the swimming pool from lobby, it was as crowded as disneyland, I cannot believe this is a 5 star hotel. And the swimming pool was somehow under maintance, can see the view as saw on the website. No bath tub in the bathroom. My flight was 12 noon, so I had an early breakfast at 7:20am, the breakfast time started at 7am, but it was chaos when I walked in the restaurant, staff in the restaurant were chatting, laughing, there's no Professional at all!! I was sooo disappointed at Heritance Ahungalla hotel!!!",Recreation,when i walked in the lobby it wa very crowede and noisy i saw the swimming pool from lobby it wa a crowded a disneyland i can not believe this is a star hotel and the swimming pool wa somehow under maintance can see the view a saw on the website no bath tub in the bathroom my flight wa noon so i had an early breakfast at am the breakfast time started at am but it wa chaos when i walked in the restaurant staff in the restaurant were chatting laughing there no professional at all i wa sooo disappointed at heritance ahungalla hotel,573,106
"When I walked in the lobby, it was very crowede and noisy, I meet the swimming pool from lobby, it was as crowded antiophthalmic factor disneyland, one cannot believe this is a 5 star hotel. And the swimming puddle was somehow under maintance, crapper see the view as saw on the website. No bath tub inch the bathroom. My fledge Evergreen State 12 noon, and so 1 had Associate in Nursing early breakfast At 7:20am, the breakfast time started at 7am, but it be chaos when I walked in the restaurant, staff in the restaurant were chatting, laughing, there's no Professional at all!! I represent sooo disappointed atomic number 85 Heritance Ahungalla hotel!!!",Recreation,when i walked in the lobby it wa very crowede and noisy i meet the swimming pool from lobby it wa a crowded antiophthalmic factor disneyland one can not believe this is a star hotel and the swimming puddle wa somehow under maintance crapper see the view a saw on the website no bath tub inch the bathroom my fledge evergreen state noon and so had associate in nursing early breakfast at am the breakfast time started at am but it be chaos when i walked in the restaurant staff in the restaurant were chatting laughing there no professional at all i represent sooo disappointed atomic number heritance ahungalla hotel,573,106
"When I walked in the lobby, it was very crowede and noisy, I saw the float pool from lobby, it was as crowd together as disneyland, I cannot believe this is a 5 star topology hotel. And the swimming pool was someway nether maintance, buttocks see the view as saw on the website. No bath bath in the bathroom. My flight be 12 noon, so I had an other breakfast at 7:20am, the breakfast clock started astatine 7am, but it was bedlam when i walk indium the restaurant, staff in the restaurant were chatting, laughing, there's no Professional atomic number 85 all!! I was sooo frustrated at Heritance Ahungalla hotel!!!",Recreation,when i walked in the lobby it wa very crowede and noisy i saw the float pool from lobby it wa a crowd together a disneyland i can not believe this is a star topology hotel and the swimming pool wa someway nether maintance buttock see the view a saw on the website no bath bath in the bathroom my flight be noon so i had an other breakfast at am the breakfast clock started astatine am but it wa bedlam when i walk indium the restaurant staff in the restaurant were chatting laughing there no professional atomic number all i wa sooo frustrated at heritance ahungalla hotel,573,106
"When maven walked in the lobby, information technology comprise very crowede and noisy, I saw the swimming pool from lobby, information technology Washington as crowded as disneyland, i cannot believe this is a 5 hotshot hotel. And the swim puddle was somehow under maintance, can view the view as saw on the website. No bath tub in the bathroom. My flight was 12 noon, so I had Associate in Nursing early on breakfast at 7:20am, the breakfast time started at 7am, but it be chaos when I walked in the restaurant, staff in the restaurant were chatting, laughing, there's no Professional at all!! I was sooo disappointed at Heritance Ahungalla hotel!!!",Recreation,when maven walked in the lobby information technology comprise very crowede and noisy i saw the swimming pool from lobby information technology washington a crowded a disneyland i can not believe this is a hotshot hotel and the swim puddle wa somehow under maintance can view the view a saw on the website no bath tub in the bathroom my flight wa noon so i had associate in nursing early on breakfast at am the breakfast time started at am but it be chaos when i walked in the restaurant staff in the restaurant were chatting laughing there no professional at all i wa sooo disappointed at heritance ahungalla hotel,573,106
"When I walked inch the lobby, IT be very crowede and noisy, unity saw the swimming pool from lobby, it was as crowd together as disneyland, one cannot believe this be a 5 star hotel. And the swimming pool was in some way under maintance, can see the horizon as saw on the website. No bath tub indium the bathroom. My flight was 12 noon, so I had an early breakfast at 7:20am, the breakfast time started astatine 7am, but it was chaos when i walked inwards the restaurant, staff in the restaurant were chatting, laughing, there's no Professional At all!! ane was sooo disappointed atomic number 85 Heritance Ahungalla hotel!!!",Recreation,when i walked inch the lobby it be very crowede and noisy unity saw the swimming pool from lobby it wa a crowd together a disneyland one can not believe this be a star hotel and the swimming pool wa in some way under maintance can see the horizon a saw on the website no bath tub indium the bathroom my flight wa noon so i had an early breakfast at am the breakfast time started astatine am but it wa chaos when i walked inwards the restaurant staff in the restaurant were chatting laughing there no professional at all ane wa sooo disappointed atomic number heritance ahungalla hotel,573,106
"When I walked indium the lobby, IT was very crowede and noisy, I saw the swim pool from lobby, information technology be as crowded as disneyland, I cannot believe this be a 5 star hotel. And the liquid pool was somehow under maintance, can catch the view as saw on the website. No bath tub in the bathroom. My flight of stairs was 12 noon, so I make AN too soon breakfast at 7:20am, the breakfast time started astatine 7am, but it was chaos when I walked in the restaurant, staff In the restaurant equal chatting, laughing, there's no professional At all!! i was sooo disappointed at Heritance Ahungalla hotel!!!",Recreation,when i walked indium the lobby it wa very crowede and noisy i saw the swim pool from lobby information technology be a crowded a disneyland i can not believe this be a star hotel and the liquid pool wa somehow under maintance can catch the view a saw on the website no bath tub in the bathroom my flight of stair wa noon so i make an too soon breakfast at am the breakfast time started astatine am but it wa chaos when i walked in the restaurant staff in the restaurant equal chatting laughing there no professional at all i wa sooo disappointed at heritance ahungalla hotel,573,106
"When I walked Hoosier State the lobby, it be very crowede and noisy, one saw the swimming pool from lobby, it was as crowded as disneyland, I cannot believe this is axerophthol 5 mavin hotel. And the liquid pocket billiards was somehow under maintance, can see the view as saw along the website. No bath tub Hoosier State the bathroom. My flight was 12 noon, soh ane had AN early breakfast at 7:20am, the breakfast time started At 7am, but it was chaos when I walked in the restaurant, stave in the restaurant were chatting, laughing, there's no professional At all!! I was sooo disappointed at Heritance Ahungalla hotel!!!",Recreation,when i walked hoosier state the lobby it be very crowede and noisy one saw the swimming pool from lobby it wa a crowded a disneyland i can not believe this is axerophthol mavin hotel and the liquid pocket billiards wa somehow under maintance can see the view a saw along the website no bath tub hoosier state the bathroom my flight wa noon soh ane had an early breakfast at am the breakfast time started at am but it wa chaos when i walked in the restaurant stave in the restaurant were chatting laughing there no professional at all i wa sooo disappointed at heritance ahungalla hotel,573,106
"When ace walk in the lobby, it was very crowede and noisy, ane saw the drown pond from lobby, it was as crowd as disneyland, I cannot think this is a 5 star hotel. And the swimming pool was somehow under maintance, can see the view as reckon on the website. No bath tub IN the bathroom. My flight was 12 noon, thus I bear Associate in Nursing other breakfast at 7:20am, the breakfast meter come out at 7am, but it was chaos when I walked IN the restaurant, mental faculty in the restaurant were chatting, laughing, there's no Professional at all!! I was sooo disappointed at Heritance Ahungalla hotel!!!",Recreation,when ace walk in the lobby it wa very crowede and noisy ane saw the drown pond from lobby it wa a crowd a disneyland i can not think this is a star hotel and the swimming pool wa somehow under maintance can see the view a reckon on the website no bath tub in the bathroom my flight wa noon thus i bear associate in nursing other breakfast at am the breakfast meter come out at am but it wa chaos when i walked in the restaurant mental faculty in the restaurant were chatting laughing there no professional at all i wa sooo disappointed at heritance ahungalla hotel,573,106
"When I walked in the lobby, it was very crowede and noisy, I visit the swimming pocket billiards from lobby, it embody as crowded angstrom disneyland, i cannot believe this is a 5 adept hotel. And the swimming puddle was somehow under maintance, can view the view as saw on the website. No Bath tub in the bathroom. My flight was 12 noon, thence one ingest an ahead of time breakfast atomic number 85 7:20am, the breakfast time started at 7am, but it was topsy-turvydom when I walked inch the restaurant, staff In the restaurant were chatting, laughing, there's no Professional at all!! I was sooo disappointed at Heritance Ahungalla hotel!!!",Recreation,when i walked in the lobby it wa very crowede and noisy i visit the swimming pocket billiards from lobby it embody a crowded angstrom disneyland i can not believe this is a adept hotel and the swimming puddle wa somehow under maintance can view the view a saw on the website no bath tub in the bathroom my flight wa noon thence one ingest an ahead of time breakfast atomic number am the breakfast time started at am but it wa topsyturvydom when i walked inch the restaurant staff in the restaurant were chatting laughing there no professional at all i wa sooo disappointed at heritance ahungalla hotel,573,106
"When I walked in the lobby, it was very crowede and noisy, I saw the swim kitty-cat from lobby, information technology was as crowded A disneyland, I cannot believe this is a 5 star hotel. And the swimming pool was somehow under maintance, can witness the aspect as learn on the website. No bath tub atomic number 49 the bathroom. My flight was 12 noon, so I had an other breakfast at 7:20am, the breakfast time embark on at 7am, but it was topsy-turvydom when 1 walked in the restaurant, staff in the restaurant were chatting, laughing, there's atomic number 102 Professional at all!! I was sooo disappointed atomic number 85 Heritance Ahungalla hotel!!!",Recreation,when i walked in the lobby it wa very crowede and noisy i saw the swim kittycat from lobby information technology wa a crowded a disneyland i can not believe this is a star hotel and the swimming pool wa somehow under maintance can witness the aspect a learn on the website no bath tub atomic number the bathroom my flight wa noon so i had an other breakfast at am the breakfast time embark on at am but it wa topsyturvydom when walked in the restaurant staff in the restaurant were chatting laughing there atomic number professional at all i wa sooo disappointed atomic number heritance ahungalla hotel,573,106
"When I walked in the lobby, it was very crowede and noisy, I saw the swimming pool from lobby, it be adenine crowded as disneyland, ane cannot trust this is a quintet star hotel. And the swimming pocket billiards constitute someways under maintance, can see the view as saw along the website. No bath tub in the bathroom. My flight was 12 noon, so I have an early breakfast at 7:20am, the breakfast fourth dimension started at 7am, merely it was bedlam when atomic number 53 walk in the restaurant, staff in the restaurant were chatting, laughing, there's no more Professional at all!! I be sooo disappointed at Heritance Ahungalla hotel!!!",Recreation,when i walked in the lobby it wa very crowede and noisy i saw the swimming pool from lobby it be adenine crowded a disneyland ane can not trust this is a quintet star hotel and the swimming pocket billiards constitute someways under maintance can see the view a saw along the website no bath tub in the bathroom my flight wa noon so i have an early breakfast at am the breakfast fourth dimension started at am merely it wa bedlam when atomic number walk in the restaurant staff in the restaurant were chatting laughing there no more professional at all i be sooo disappointed at heritance ahungalla hotel,573,106
Buffet is not good.,Food,buffet is not good,19,4
Buffet be not good.,Food,buffet be not good,19,4
snack bar is not good.,Food,snack bar is not good,19,4
Buffet is not good.,Food,buffet is not good,19,4
counter is not good.,Food,counter is not good,19,4
Buffet is non good.,Food,buffet is non good,19,4
Buffet is not good.,Food,buffet is not good,19,4
Buffet be not good.,Food,buffet be not good,19,4
Buffet is non good.,Food,buffet is non good,19,4
Buffet is not good.,Food,buffet is not good,19,4
Buffet is non good.,Food,buffet is non good,19,4
BEWARE THE BEACH GANGS,Recreation,beware the beach gang,22,4
BEWARE THE BEACH bunch,Recreation,beware the beach bunch,22,4
BEWARE THE BEACH GANGS,Recreation,beware the beach gang,22,4
BEWARE THE beach GANGS,Recreation,beware the beach gang,22,4
BEWARE THE BEACH bunch,Recreation,beware the beach bunch,22,4
BEWARE THE BEACH gang up,Recreation,beware the beach gang up,22,4
BEWARE THE BEACH GANGS,Recreation,beware the beach gang,22,4
BEWARE THE BEACH gang,Recreation,beware the beach gang,22,4
BEWARE THE beach GANGS,Recreation,beware the beach gang,22,4
beware THE BEACH GANGS,Recreation,beware the beach gang,22,4
BEWARE THE BEACH GANGS,Recreation,beware the beach gang,22,4
Lovely location spoilt by the lack of customer service,Recreation,lovely location spoilt by the lack of customer service,54,9
endearing location spoilt away the lack of customer service,Recreation,endearing location spoilt away the lack of customer service,54,9
lovely location spoilt by the lack of customer service,Recreation,lovely location spoilt by the lack of customer service,54,9
Lovely position spoilt by the lack of customer service,Recreation,lovely position spoilt by the lack of customer service,54,9
Lovely location mess up by the deficiency of customer service,Recreation,lovely location mess up by the deficiency of customer service,54,9
Lovely location spoilt by the lack of customer service,Recreation,lovely location spoilt by the lack of customer service,54,9
Lovely location fluff by the lack of customer service,Recreation,lovely location fluff by the lack of customer service,54,9
Lovely location spoilt by the lack of client service,Recreation,lovely location spoilt by the lack of client service,54,9
pin-up location spoilt by the lack of customer divine service,Recreation,pinup location spoilt by the lack of customer divine service,54,9
cover girl location spoilt by the miss of customer service,Recreation,cover girl location spoilt by the miss of customer service,54,9
Lovely location spoilt by the lack of client service,Recreation,lovely location spoilt by the lack of client service,54,9
"superb beach, excellent food, very nice hotel/pool but rooms a bit shabby",Recreation,superb beach excellent food very nice hotelpool but room a bit shabby,73,12
"brilliant beach, excellent food, very nice hotel/pool but room a bit shabby",Recreation,brilliant beach excellent food very nice hotelpool but room a bit shabby,73,12
"superb beach, splendid food, very nice hotel/pool just rooms A bit shabby",Recreation,superb beach splendid food very nice hotelpool just room a bit shabby,73,12
"superb beach, splendid food, very skillful hotel/pool but rooms a bit ratty",Recreation,superb beach splendid food very skillful hotelpool but room a bit ratty,73,12
"superb beach, excellent food, really nice hotel/pool but rooms a bit moth-eaten",Recreation,superb beach excellent food really nice hotelpool but room a bit motheaten,73,12
"brilliant beach, excellent food, very nice hotel/pool but rooms a bit brassy",Recreation,brilliant beach excellent food very nice hotelpool but room a bit brassy,73,12
"superb beach, excellent food, very nice hotel/pool but rooms a scrap shabby",Recreation,superb beach excellent food very nice hotelpool but room a scrap shabby,73,12
"brilliant beach, excellent food, very nice hotel/pool simply rooms a bite shabby",Recreation,brilliant beach excellent food very nice hotelpool simply room a bite shabby,73,12
"superb beach, fantabulous food, very nice hotel/pool but board group A bit shabby",Recreation,superb beach fantabulous food very nice hotelpool but board group a bit shabby,73,12
"superb beach, excellent food, very nice hotel/pool only rooms vitamin A bit shabby",Recreation,superb beach excellent food very nice hotelpool only room vitamin a bit shabby,73,12
"brilliant beach, excellent food, very nice hotel/pool but way a bit shabby",Recreation,brilliant beach excellent food very nice hotelpool but way a bit shabby,73,12
"The hotel needs refurbishment.  Some of the corridors and courtyards were in a very poor state. The meals were OK, although not up to 5 star standard. There was only one ala carte restaurant. The restaurant staff were a credit to the hotel - always willing to help. Unfortunately,  cant say the same of the reception staff who would benefit from a communication skills training course.  The Gym was very poorly equipped and certainly did not merit a 5 star status.",Recreation,the hotel need refurbishment some of the corridor and courtyard were in a very poor state the meal were ok although not up to star standard there wa only one ala carte restaurant the restaurant staff were a credit to the hotel always willing to help unfortunately cant say the same of the reception staff who would benefit from a communication skill training course the gym wa very poorly equipped and certainly did not merit a star status,464,81
"The hotel needs refurbishment. about of the corridors and courtyards were in a very poor state. The meals were OK, although not upwardly to 5 star standard. There WA only one ala carte restaurant. The restaurant staff were A quotation to the hotel - always unforced to help. Unfortunately, cant say the same of the reception stave World Health Organization would benefit from a communication skill breeding course. The gymnasium was very poorly equipped and certainly did not meritoriousness a quintuplet star status.",Recreation,the hotel need refurbishment about of the corridor and courtyard were in a very poor state the meal were ok although not upwardly to star standard there wa only one ala carte restaurant the restaurant staff were a quotation to the hotel always unforced to help unfortunately cant say the same of the reception stave world health organization would benefit from a communication skill breeding course the gymnasium wa very poorly equipped and certainly did not meritoriousness a quintuplet star status,464,81
"The hotel take refurbishment. just about of the corridors and court were in a very poor state. The meal were OK, although not up to quintuple star standard. There represent only when one ala carte restaurant. The eating house staff were a credit to the hotel - always willing to help. Unfortunately, cant say the same of the reception staff who would profit from a communicating acquisition civilize course. The Gym was very poorly equipped and certainly set not merit amp 5 star status.",Recreation,the hotel take refurbishment just about of the corridor and court were in a very poor state the meal were ok although not up to quintuple star standard there represent only when one ala carte restaurant the eating house staff were a credit to the hotel always willing to help unfortunately cant say the same of the reception staff who would profit from a communicating acquisition civilize course the gym wa very poorly equipped and certainly set not merit amp star status,464,81
"The hotel needs refurbishment. about of the corridors and motor inn make up in a very poor state. The meals were OK, although not up to 5 star standard. There was only unrivaled ala bill of fare restaurant. The restaurant staff were a credit to the hotel - always willing to help. Unfortunately, cant say the Sami of the response staff World Health Organization would gain from A communication skills training course. The Gym was very ill equipped and certainly did not merit a 5 star status.",Recreation,the hotel need refurbishment about of the corridor and motor inn make up in a very poor state the meal were ok although not up to star standard there wa only unrivaled ala bill of fare restaurant the restaurant staff were a credit to the hotel always willing to help unfortunately cant say the sami of the response staff world health organization would gain from a communication skill training course the gym wa very ill equipped and certainly did not merit a star status,464,81
"The hotel needs refurbishment. Some of the corridors and courtyards were in a very poor people state. The repast were OK, although not up to Phoebe star standard. There be only one ala carte restaurant. The eating place staff were a credit to the hotel - ever willing to help. Unfortunately, cant say the same of the response staff World Health Organization would benefit from amp communication accomplishment training course. The gymnasium was very poorly furnished and certainly did not merit a quintet star status.",Recreation,the hotel need refurbishment some of the corridor and courtyard were in a very poor people state the repast were ok although not up to phoebe star standard there be only one ala carte restaurant the eating place staff were a credit to the hotel ever willing to help unfortunately cant say the same of the response staff world health organization would benefit from amp communication accomplishment training course the gymnasium wa very poorly furnished and certainly did not merit a quintet star status,464,81
"The hotel needs refurbishment. Some of the corridor and court were in a very poor state. The meal be OK, although not up to 5 star standard. there be only 1 ala carte restaurant. The eatery staff were a credit to the hotel - always willing to help. Unfortunately, buzzword sound out the same of the reception stave who would benefit from a communicating skills training course. The Gym WA rattling poorly equipped and certainly did not merit a Phoebe star status.",Recreation,the hotel need refurbishment some of the corridor and court were in a very poor state the meal be ok although not up to star standard there be only ala carte restaurant the eatery staff were a credit to the hotel always willing to help unfortunately buzzword sound out the same of the reception stave who would benefit from a communicating skill training course the gym wa rattling poorly equipped and certainly did not merit a phoebe star status,464,81
"The hotel needs refurbishment. Some of the corridors and courtyards live in a very poor state. The meals were OK, although not upward to quintuplet star standard. There was only one ala carte restaurant. The restaurant staff were deoxyadenosine monophosphate credit to the hotel - always willing to help. Unfortunately, buzzword say the Lapp of the reception staff World Health Organization would welfare from deoxyadenosine monophosphate communicating skills aim course. The secondary school was very ill equipped and certainly do not merit a 5 star status.",Recreation,the hotel need refurbishment some of the corridor and courtyard live in a very poor state the meal were ok although not upward to quintuplet star standard there wa only one ala carte restaurant the restaurant staff were deoxyadenosine monophosphate credit to the hotel always willing to help unfortunately buzzword say the lapp of the reception staff world health organization would welfare from deoxyadenosine monophosphate communicating skill aim course the secondary school wa very ill equipped and certainly do not merit a star status,464,81
"The hotel needs refurbishment. Some of the corridors and courtyards were in a very poor state. The meals were OK, although non up to Little Phoebe whiz standard. There be only 1 ala carte restaurant. The restaurant staff were angstrom unit credit to the hotel - always uncoerced to help. Unfortunately, chamfer enjoin the same of the reception lag who would benefit from a communication skills training course. The Gym was very poorly fitted out and certainly did not merit a fivesome star status.",Recreation,the hotel need refurbishment some of the corridor and courtyard were in a very poor state the meal were ok although non up to little phoebe whiz standard there be only ala carte restaurant the restaurant staff were angstrom unit credit to the hotel always uncoerced to help unfortunately chamfer enjoin the same of the reception lag who would benefit from a communication skill training course the gym wa very poorly fitted out and certainly did not merit a fivesome star status,464,81
"The hotel needs refurbishment. some of the corridors and courtyards were in a very poor state. The meals were OK, although non up to 5 star standard. There cost only 1 ala carte restaurant. The restaurant stave were a credit to the hotel - always willing to help. Unfortunately, slant articulate the same of the receipt staff World Health Organization would benefit from a communicating skills training course. The Gym was identical poorly equipped and certainly did non merit A 5 mastermind status.",Recreation,the hotel need refurbishment some of the corridor and courtyard were in a very poor state the meal were ok although non up to star standard there cost only ala carte restaurant the restaurant stave were a credit to the hotel always willing to help unfortunately slant articulate the same of the receipt staff world health organization would benefit from a communicating skill training course the gym wa identical poorly equipped and certainly did non merit a mastermind status,464,81
"The hotel needs refurbishment. Some of the corridors and courtyards were atomic number 49 a selfsame miserable state. The meals were OK, although non up to 5 star standard. There was lone one ala carte du jour restaurant. The restaurant staff were a credit to the hotel - always leave to help. Unfortunately, cant say the same of the reception staff who would benefit from a communication skills aim course. The Gym follow very ailing equipped and certainly do not merit group A quint star status.",Recreation,the hotel need refurbishment some of the corridor and courtyard were atomic number a selfsame miserable state the meal were ok although non up to star standard there wa lone one ala carte du jour restaurant the restaurant staff were a credit to the hotel always leave to help unfortunately cant say the same of the reception staff who would benefit from a communication skill aim course the gym follow very ailing equipped and certainly do not merit group a quint star status,464,81
"The hotel needs refurbishment. some of the corridors and courtyards were in angstrom unit rattling poor state. The meals were OK, although not up to five maven standard. There was only one ala carte restaurant. The eatery staff live a acknowledgment to the hotel - incessantly willing to help. Unfortunately, cant say the same of the reception staff who would welfare from adenine communication skills training course. The Gym was selfsame poorly equipped and sure enough did not deserve a quintuplet star status.",Recreation,the hotel need refurbishment some of the corridor and courtyard were in angstrom unit rattling poor state the meal were ok although not up to five maven standard there wa only one ala carte restaurant the eatery staff live a acknowledgment to the hotel incessantly willing to help unfortunately cant say the same of the reception staff who would welfare from adenine communication skill training course the gym wa selfsame poorly equipped and sure enough did not deserve a quintuplet star status,464,81
The food was not very good.,Food,the food wa not very good,27,6
The food was non very good.,Food,the food wa non very good,27,6
The food was not very good.,Food,the food wa not very good,27,6
The food exist not very good.,Food,the food exist not very good,27,6
The solid food was not very good.,Food,the solid food wa not very good,27,6
The food for thought was not very good.,Food,the food for thought wa not very good,27,6
The nutrient was not very good.,Food,the nutrient wa not very good,27,6
The intellectual nourishment was not very good.,Food,the intellectual nourishment wa not very good,27,6
The food was not very good.,Food,the food wa not very good,27,6
The food was not rattling good.,Food,the food wa not rattling good,27,6
The food was not very good.,Food,the food wa not very good,27,6
Disappointing Stay and low service levels,Services,disappointing stay and low service level,41,6
Disappointing stay put and low service levels,Services,disappointing stay put and low service level,41,6
disappointing Stay and low service levels,Services,disappointing stay and low service level,41,6
Disappointing Stay and low service levels,Services,disappointing stay and low service level,41,6
Disappointing Stay and low service levels,Services,disappointing stay and low service level,41,6
Disappointing Stay and low service rase,Services,disappointing stay and low service rase,41,6
Disappointing Stay and low service levels,Services,disappointing stay and low service level,41,6
unsatisfying Stay and low service levels,Services,unsatisfying stay and low service level,41,6
unsatisfying Stay and low service levels,Services,unsatisfying stay and low service level,41,6
dissatisfactory Stay and low service levels,Services,dissatisfactory stay and low service level,41,6
Disappointing Stay and low service grade,Services,disappointing stay and low service grade,41,6
Shame about the food,Food,shame about the food,20,4
shame about the food,Food,shame about the food,20,4
Shame around the food,Food,shame around the food,20,4
disgrace about the food,Food,disgrace about the food,20,4
shame about the food,Food,shame about the food,20,4
dishonour about the food,Food,dishonour about the food,20,4
Shame or so the food,Food,shame or so the food,20,4
attaint about the food,Food,attaint about the food,20,4
Shame about the food for thought,Food,shame about the food for thought,20,4
Shame about the food,Food,shame about the food,20,4
dishonour about the food,Food,dishonour about the food,20,4
"Restrictive, unfriendly and irrelevant",Services,restrictive unfriendly and irrelevant,38,4
"Restrictive, unfriendly and irrelevant",Services,restrictive unfriendly and irrelevant,38,4
"Restrictive, unfriendly and irrelevant",Services,restrictive unfriendly and irrelevant,38,4
"Restrictive, unfriendly and irrelevant",Services,restrictive unfriendly and irrelevant,38,4
"Restrictive, uncongenial and irrelevant",Services,restrictive uncongenial and irrelevant,38,4
"Restrictive, unfriendly and irrelevant",Services,restrictive unfriendly and irrelevant,38,4
"Restrictive, unfriendly and irrelevant",Services,restrictive unfriendly and irrelevant,38,4
"Restrictive, uncongenial and irrelevant",Services,restrictive uncongenial and irrelevant,38,4
"Restrictive, unfriendly and irrelevant",Services,restrictive unfriendly and irrelevant,38,4
"Restrictive, unfriendly and irrelevant",Services,restrictive unfriendly and irrelevant,38,4
"Restrictive, unfriendly and irrelevant",Services,restrictive unfriendly and irrelevant,38,4
The staff manipulate the guests to write the reviews they want. And the service is poor.,Services,the staff manipulate the guest to write the review they want and the service is poor,88,16
The staff manipulate the client to write the reviews they want. And the overhaul is poor.,Services,the staff manipulate the client to write the review they want and the overhaul is poor,88,16
The staff manipulate the Edgar Guest to write the reviews they want. And the divine service is poor.,Services,the staff manipulate the edgar guest to write the review they want and the divine service is poor,88,16
The staff manipulate the guests to write the reviews they want. And the service exist poor.,Services,the staff manipulate the guest to write the review they want and the service exist poor,88,16
The faculty wangle the guests to write the reviews they want. And the service constitute poor.,Services,the faculty wangle the guest to write the review they want and the service constitute poor,88,16
The faculty manipulate the guests to write the reviews they want. And the service be poor.,Services,the faculty manipulate the guest to write the review they want and the service be poor,88,16
The staff manipulate the invitee to write the reviews they want. And the serving is poor.,Services,the staff manipulate the invitee to write the review they want and the serving is poor,88,16
The staff wangle the Guest to write the reviews they want. And the service is poor.,Services,the staff wangle the guest to write the review they want and the service is poor,88,16
The staff manipulate the guests to write the reviews they want. And the service is poor.,Services,the staff manipulate the guest to write the review they want and the service is poor,88,16
The staff cook the guests to write the reviews they want. And the service is poor.,Services,the staff cook the guest to write the review they want and the service is poor,88,16
The staff manipulate the client to write the reviews they want. And the service is poor.,Services,the staff manipulate the client to write the review they want and the service is poor,88,16
Let down by slow dinner service and a poor meal,Food,let down by slow dinner service and a poor meal,47,10
Let down by slow dinner military service and a poor meal,Food,let down by slow dinner military service and a poor meal,47,10
Let down by slow dinner party service and a poor meal,Food,let down by slow dinner party service and a poor meal,47,10
Let downwardly by slow down dinner service and a poor meal,Food,let downwardly by slow down dinner service and a poor meal,47,10
Let down past slow dinner service and a pitiful meal,Food,let down past slow dinner service and a pitiful meal,47,10
Let down aside slow dinner service and axerophthol poor meal,Food,let down aside slow dinner service and axerophthol poor meal,47,10
let down by slow dinner service and a pitiful meal,Food,let down by slow dinner service and a pitiful meal,47,10
Let down by slow dinner avail and a poor meal,Food,let down by slow dinner avail and a poor meal,47,10
Let ingest by slow dinner service and group A poor meal,Food,let ingest by slow dinner service and group a poor meal,47,10
Let down aside slow dinner Service and a poor meal,Food,let down aside slow dinner service and a poor meal,47,10
Let down by sluggish dinner service and amp poor meal,Food,let down by sluggish dinner service and amp poor meal,47,10
"Unhappy experience. Boring food, unprofessional front office staff. Spa was awesome",Recreation,unhappy experience boring food unprofessional front office staff spa wa awesome,83,11
"Unhappy experience. Boring food, unprofessional front office staff. Spa was amazing",Recreation,unhappy experience boring food unprofessional front office staff spa wa amazing,83,11
"Unhappy experience. Boring food, unprofessional front office staff. Spa be awing",Recreation,unhappy experience boring food unprofessional front office staff spa be awing,83,11
"Unhappy experience. Boring food, unprofessional front billet staff. Spa was awful",Recreation,unhappy experience boring food unprofessional front billet staff spa wa awful,83,11
"Unhappy experience. bore food, unprofessional front office staff. Spa comprise awesome",Recreation,unhappy experience bore food unprofessional front office staff spa comprise awesome,83,11
"Unhappy experience. Boring food, unprofessional battlefront office staff. Spa be awe-inspiring",Recreation,unhappy experience boring food unprofessional battlefront office staff spa be aweinspiring,83,11
"unhappy experience. Boring food, unprofessional battlefront office staff staff. Spa was awesome",Recreation,unhappy experience boring food unprofessional battlefront office staff staff spa wa awesome,83,11
"Unhappy experience. Boring food, unprofessional front business office staff. Spa was awful",Recreation,unhappy experience boring food unprofessional front business office staff spa wa awful,83,11
"Unhappy experience. Boring food, unprofessional front place staff. Spa be awesome",Recreation,unhappy experience boring food unprofessional front place staff spa be awesome,83,11
"Unhappy experience. Boring food, unprofessional movement office staff. resort hotel was awful",Recreation,unhappy experience boring food unprofessional movement office staff resort hotel wa awful,83,11
"Unhappy experience. tedious food, unprofessional front end office staff. Spa was awesome",Recreation,unhappy experience tedious food unprofessional front end office staff spa wa awesome,83,11
"Stay was great but
1.  Considering there is nothing nearby to eat the food choices for A la cart and Room service are very very limited.
2. Phone receiver was smelly. None of the buttons worked
3. Door stopper broken and the the door kept banging if left open for a few seconds
4. Space beneath bed had not been swept or cleaned in a long time
5. TV was not working .
Hotel staff were warm and Service was lovely. The location and rooms were fabulous, so we overlooked all faults except  Point number 1 on Food.",Food,stay wa great but considering there is nothing nearby to eat the food choice for a la cart and roomservice are very very limited phone receiver wa smelly none of the button worked door stopper broken and the the door kept banging if left open for a few second space beneath bed had not been swept or cleaned in a long time tv wa not working hotel staff were warm and service wa lovely the location and room were fabulous so we overlooked all fault except point number on food,511,98
"stay was great merely 1. turn over there is nothing nearby to eat the food for thought choices for A lah cart and Room service are real very limited. 2. Phone recipient was smelly. None of the button worked 3. Door stopper broken and the the door kept get it on if left open for a few seconds 4. space beneath bed had not been swept or clean house in a long time 5. TV was non working . Hotel staff were warm and Service was lovely. The location and suite were fabulous, so we overlooked all faults except call for number 1 on Food.",Food,stay wa great merely turn over there is nothing nearby to eat the food for thought choice for a lah cart and roomservice are real very limited phone recipient wa smelly none of the button worked door stopper broken and the the door kept get it on if left open for a few second space beneath bed had not been swept or clean house in a long time tv wa non working hotel staff were warm and service wa lovely the location and suite were fabulous so we overlooked all fault except call for number on food,511,98
"Stay be great but 1. Considering thither is nothing nearby to eat the food option for A la cart and Room service are very selfsame limited. 2. Phone receiving system be smelly. None of the buttons worked 3. threshold stopple broken and the the doorway keep banging if left open for a few moment 4. Space at a lower place know had not been swept or cleaned in a foresightful time 5. boob tube was not working . Hotel staff were warm and Service was lovely. The location and room were fabulous, so we overlooked all faults except point number 1 on Food.",Food,stay be great but considering thither is nothing nearby to eat the food option for a la cart and roomservice are very selfsame limited phone receiving system be smelly none of the button worked threshold stopple broken and the the doorway keep banging if left open for a few moment space at a lower place know had not been swept or cleaned in a foresightful time boob tube wa not working hotel staff were warm and service wa lovely the location and room were fabulous so we overlooked all fault except point number on food,511,98
"Stay be great but 1. Considering there is nothing nearby to eat the food choices for vitamin A la force and Room service make up very very limited. 2. Phone receiver was smelly. none of the buttons work 3. Door showstopper develop and the the door kept banging if leave open for a few seconds 4. infinite beneath eff had not been swept or cleaned in a long time 5. TV was non working . hotel stave were warm and Service was lovely. The location and rooms were fabulous, indeed we overlooked entirely fracture except Point number 1 on Food.",Food,stay be great but considering there is nothing nearby to eat the food choice for vitamin a la force and roomservice make up very very limited phone receiver wa smelly none of the button work door showstopper develop and the the door kept banging if leave open for a few second infinite beneath eff had not been swept or cleaned in a long time tv wa non working hotel stave were warm and service wa lovely the location and room were fabulous indeed we overlooked entirely fracture except point number on food,511,98
"Stay was great but 1. Considering there is nothing nearby to eat the food choice for A la cart and Room avail are very very limited. 2. sound receiver equal smelly. None of the buttons worked 3. room access stopper broken and the the door kept sleep together if remaining undetermined for vitamin A few seconds 4. Space beneath bang get not be sweep or clean in a foresightful fourth dimension 5. TV was non working . hotel staff were fond and Service was lovely. The position and rooms be fabulous, so we overlooked all faults except designate number 1 on Food.",Food,stay wa great but considering there is nothing nearby to eat the food choice for a la cart and room avail are very very limited sound receiver equal smelly none of the button worked room access stopper broken and the the door kept sleep together if remaining undetermined for vitamin a few second space beneath bang get not be sweep or clean in a foresightful fourth dimension tv wa non working hotel staff were fond and service wa lovely the position and room be fabulous so we overlooked all fault except designate number on food,511,98
"quell be great but 1. Considering there personify nothing nearby to eat the food choices for group A la drag and Room service constitute very very limited. 2. phone recipient was smelly. None of the buttons worked 3. doorway stopper broken and the the doorway kept banging if left open for deoxyadenosine monophosphate few seconds 4. blank beneath hit the hay had not been swept operating room cleaned atomic number 49 a long time 5. telecasting was not working . Hotel staff were quick and Service was lovely. The positioning and rooms were fabulous, so we overlooked all faults except Point number 1 on Food.",Food,quell be great but considering there personify nothing nearby to eat the food choice for group a la drag and roomservice constitute very very limited phone recipient wa smelly none of the button worked doorway stopper broken and the the doorway kept banging if left open for deoxyadenosine monophosphate few second blank beneath hit the hay had not been swept operating room cleaned atomic number a long time telecasting wa not working hotel staff were quick and service wa lovely the positioning and room were fabulous so we overlooked all fault except point number on food,511,98
"Stay be heavy but 1. consider there is nothing nearby to eat the food selection for antiophthalmic factor la handcart and Room service are very very limited. 2. Phone telephone receiver be smelly. none of the buttons worked 3. Door stopper broken and the the door kept banging if left open for a few seconds 4. Space beneath bed had not be swept or cleaned indium a long time 5. television was not work . Hotel staff were warm and Service was lovely. The location and rooms were fabulous, so we look out over all faults except Point number ane along Food.",Food,stay be heavy but consider there is nothing nearby to eat the food selection for antiophthalmic factor la handcart and roomservice are very very limited phone telephone receiver be smelly none of the button worked door stopper broken and the the door kept banging if left open for a few second space beneath bed had not be swept or cleaned indium a long time television wa not work hotel staff were warm and service wa lovely the location and room were fabulous so we look out over all fault except point number ane along food,511,98
"Stay was great but 1. Considering at that place is nothing nearby to rust the food choices for A la haul and Room service are rattling very limited. 2. Phone telephone receiver was smelly. None of the clit worked 3. Door stopper broken and the the door kept banging if left open for a few seconds 4. space beneath bed had not exist swept or cleaned in a long time 5. TV be not working . Hotel staff be warm and Service be lovely. The location and elbow room be fabulous, so we overlooked wholly fracture except point number 1 along Food.",Food,stay wa great but considering at that place is nothing nearby to rust the food choice for a la haul and roomservice are rattling very limited phone telephone receiver wa smelly none of the clit worked door stopper broken and the the door kept banging if left open for a few second space beneath bed had not exist swept or cleaned in a long time tv be not working hotel staff be warm and service be lovely the location and elbow room be fabulous so we overlooked wholly fracture except point number along food,511,98
"Stay exist great but 1. Considering there constitute nothing nearby to deplete the food choices for A la hale and Room service ar very rattling limited. 2. Phone telephone receiver was smelly. None of the buttons work 3. room access conversation stopper broken and the the door keep banging if allow open for a few seconds 4. space at a lower place bed had not been swept or cleaned in A hanker time 5. TV was not working . Hotel staff glucinium warm and Service was lovely. The location and rooms were fabulous, so we dominate all faults except Point number 1 on Food.",Food,stay exist great but considering there constitute nothing nearby to deplete the food choice for a la hale and roomservice ar very rattling limited phone telephone receiver wa smelly none of the button work room access conversation stopper broken and the the door keep banging if allow open for a few second space at a lower place bed had not been swept or cleaned in a hanker time tv wa not working hotel staff glucinium warm and service wa lovely the location and room were fabulous so we dominate all fault except point number on food,511,98
"Stay was great but 1. Considering in that location is nothing nearby to run through the solid food choices for A la hale and Room serve be very very limited. 2. Phone receiver was smelly. none of the buttons worked 3. door stopper broken and the the door kept banging if left open for a few minute 4. Space to a lower place bed had non beryllium swept or cleaned indium deoxyadenosine monophosphate long time 5. TV was not working . Hotel faculty were warm and Service was lovely. The location and rooms were fabulous, and then we miss all defect except Point number 1 along Food.",Food,stay wa great but considering in that location is nothing nearby to run through the solid food choice for a la hale and room serve be very very limited phone receiver wa smelly none of the button worked door stopper broken and the the door kept banging if left open for a few minute space to a lower place bed had non beryllium swept or cleaned indium deoxyadenosine monophosphate long time tv wa not working hotel faculty were warm and service wa lovely the location and room were fabulous and then we miss all defect except point number along food,511,98
"Stay constitute great but 1. Considering there is nothing nearby to eat the food for thought choices for A la cart and Room service exist very very limited. 2. sound receiver was smelly. None of the buttons worked 3. Door stopper broken and the the door unbroken banging if left open for a few seconds 4. blank space beneath bed suffer not make up embroil operating theater cleaned indium A long time 5. TV was not working . Hotel stave cost warm and service of process was lovely. The location and rooms were fabulous, thence we overlooked totally faults except guide number 1 on Food.",Food,stay constitute great but considering there is nothing nearby to eat the food for thought choice for a la cart and roomservice exist very very limited sound receiver wa smelly none of the button worked door stopper broken and the the door unbroken banging if left open for a few second blank space beneath bed suffer not make up embroil operating theater cleaned indium a long time tv wa not working hotel stave cost warm and service of process wa lovely the location and room were fabulous thence we overlooked totally fault except guide number on food,511,98
Good hotel but awful service,Services,good hotel but awful service,28,5
Good hotel merely awful service,Services,good hotel merely awful service,28,5
safe hotel but awful service,Services,safe hotel but awful service,28,5
good hotel but awful service,Services,good hotel but awful service,28,5
Good hotel but horrific service,Services,good hotel but horrific service,28,5
unspoilt hotel but awful service,Services,unspoilt hotel but awful service,28,5
Good hotel but awful service of process,Services,good hotel but awful service of process,28,5
thoroughly hotel but awful service,Services,thoroughly hotel but awful service,28,5
Good hotel but awful military service,Services,good hotel but awful military service,28,5
Good hotel but awful Service,Services,good hotel but awful service,28,5
Good hotel just awful service,Services,good hotel just awful service,28,5
"We felt we could not relax whilst in the grounds, the local sellers both men and women, hid in the bushes of the hotel on the beach, waiting to get people's attention.  As soon as you stepped onto the beach, you were surrounded by them.  Also so much rubbish strewn about the perimeter.  Overall the hotel lacked any atmosphere, maybe it is too large for that?
The staff were all lovely and friendly.  For the money we both felt very let down, it is marked as a 5 star hotel but I would disagree with that.",Recreation,we felt we could not relax whilst in the ground the local seller both men and woman hid in the bush of the hotel on the beach waiting to get people attention a soon a you stepped onto the beach you were surrounded by them also so much rubbish strewn about the perimeter overall the hotel lacked any atmosphere maybe it is too large for that the staff were all lovely and friendly for the money we both felt very let down it is marked a a star hotel but i would disagree with that,506,96
"We felt we could not relax whilst in the grounds, the local sellers both men and women, hid in the President Bush of the hotel on the beach, waiting to get people's attention. As before long A you stepped onto the beach, you were surrounded aside them. Also thusly a great deal rubbish strewn about the perimeter. Overall the hotel lacked any atmosphere, perchance it is too large for that? The staff were totally lovely and friendly. For the money we both felt very let down, it is mark as a 5 star hotel but I would disagree with that.",Recreation,we felt we could not relax whilst in the ground the local seller both men and woman hid in the president bush of the hotel on the beach waiting to get people attention a before long a you stepped onto the beach you were surrounded aside them also thusly a great deal rubbish strewn about the perimeter overall the hotel lacked any atmosphere perchance it is too large for that the staff were totally lovely and friendly for the money we both felt very let down it is mark a a star hotel but i would disagree with that,506,96
"We felt we could not unstrain whilst in the grounds, the local vender both men and women, hid Indiana the bushes of the hotel on the beach, waiting to get people's attention. As soon as you step onto the beach, you were surround by them. also thusly very much rubbish strewn nigh the perimeter. Overall the hotel lacked any atmosphere, perhaps it Be too large for that? The stave were all lovely and friendly. For the money we both finger's breadth very permit down, it is marked as a 5 star hotel only I would disagree with that.",Recreation,we felt we could not unstrain whilst in the ground the local vender both men and woman hid indiana the bush of the hotel on the beach waiting to get people attention a soon a you step onto the beach you were surround by them also thusly very much rubbish strewn nigh the perimeter overall the hotel lacked any atmosphere perhaps it be too large for that the stave were all lovely and friendly for the money we both finger breadth very permit down it is marked a a star hotel only i would disagree with that,506,96
"We matt-up we could not relax whilst inward the grounds, the topical anesthetic sellers both men and women, hid in the bushes of the hotel on the beach, waiting to come people's attention. atomic number 33 soon as you step onto the beach, you were surrounded by them. Also thus a lot rubbish strewn about the perimeter. Overall the hotel miss whatsoever atmosphere, perhaps it is too large for that? The stave were all lovely and friendly. For the money we both felt very let down, it constitute severalise as a Little Phoebe asterisk hotel just 1 would disagree with that.",Recreation,we mattup we could not relax whilst inward the ground the topical anesthetic seller both men and woman hid in the bush of the hotel on the beach waiting to come people attention atomic number soon a you step onto the beach you were surrounded by them also thus a lot rubbish strewn about the perimeter overall the hotel miss whatsoever atmosphere perhaps it is too large for that the stave were all lovely and friendly for the money we both felt very let down it constitute severalise a a little phoebe asterisk hotel just would disagree with that,506,96
"We felt we could non loosen whilst in the grounds, the local sellers both men and women, hid in the bushes of the hotel on the beach, waiting to get people's attention. American Samoa soon As you stepped onto the beach, you were palisade by them. as well so often rubbish strewn about the perimeter. Overall the hotel lacked any atmosphere, maybe information technology is too large for that? The stave were totally lovely and friendly. For the money we both palpate very let down, it be marked deoxyadenosine monophosphate antiophthalmic factor 5 star hotel but I would take issue with that.",Recreation,we felt we could non loosen whilst in the ground the local seller both men and woman hid in the bush of the hotel on the beach waiting to get people attention american samoa soon a you stepped onto the beach you were palisade by them a well so often rubbish strewn about the perimeter overall the hotel lacked any atmosphere maybe information technology is too large for that the stave were totally lovely and friendly for the money we both palpate very let down it be marked deoxyadenosine monophosphate antiophthalmic factor star hotel but i would take issue with that,506,96
"We experience we could not relax whilst in the grounds, the local sellers both men and women, shroud in the bushes of the hotel on the beach, waiting to get people's attention. As shortly as you stepped onto the beach, you were wall past them. Also so very much methamphetamine hydrochloride strewn about the perimeter. Overall the hotel lack any atmosphere, maybe it is too large for that? The staff were totally lovely and friendly. For the money we both felt very let down, it is marked deoxyadenosine monophosphate a quintet star hotel but unity would take issue with that.",Recreation,we experience we could not relax whilst in the ground the local seller both men and woman shroud in the bush of the hotel on the beach waiting to get people attention a shortly a you stepped onto the beach you were wall past them also so very much methamphetamine hydrochloride strewn about the perimeter overall the hotel lack any atmosphere maybe it is too large for that the staff were totally lovely and friendly for the money we both felt very let down it is marked deoxyadenosine monophosphate a quintet star hotel but unity would take issue with that,506,96
"We felt we could not loosen up whilst in the grounds, the local sellers both men and women, veil in the bushes of the hotel on the beach, waiting to get people's attention. amp soon as you stepped onto the beach, you were surrounded by them. Also so a great deal wish-wash strew about the perimeter. Overall the hotel lacked any atmosphere, maybe it be too large for that? The staff were all lovely and friendly. For the money we both feel very let down, it is trail as a five star hotel but I would take issue with that.",Recreation,we felt we could not loosen up whilst in the ground the local seller both men and woman veil in the bush of the hotel on the beach waiting to get people attention amp soon a you stepped onto the beach you were surrounded by them also so a great deal wishwash strew about the perimeter overall the hotel lacked any atmosphere maybe it be too large for that the staff were all lovely and friendly for the money we both feel very let down it is trail a a five star hotel but i would take issue with that,506,96
"We felt we could not relax whilst in the grounds, the local sellers both men and women, hid in the bushes of the hotel on the beach, waitress to get people's attention. As soon A you step onto the beach, you were surrounded away them. Also so much folderol strew about the perimeter. Overall the hotel lacked whatever atmosphere, maybe IT is too bombastic for that? The staff were all lovely and friendly. For the money we both felt very let down, it is marked as axerophthol 5 star hotel but I would disagree with that.",Recreation,we felt we could not relax whilst in the ground the local seller both men and woman hid in the bush of the hotel on the beach waitress to get people attention a soon a you step onto the beach you were surrounded away them also so much folderol strew about the perimeter overall the hotel lacked whatever atmosphere maybe it is too bombastic for that the staff were all lovely and friendly for the money we both felt very let down it is marked a axerophthol star hotel but i would disagree with that,506,96
"We felt we could not loosen whilst in the grounds, the local anesthetic sellers both man and women, hide in the bushes of the hotel on the beach, waiting to arrest people's attention. As presently as you step onto the beach, you be surrounded by them. Also so much rubbish strewn around the perimeter. overall the hotel lacked any atmosphere, mayhap it is to a fault tumid for that? The faculty were entirely lovely and friendly. For the money we both felt identical let down, it is scar as A 5 star hotel merely I would disagree with that.",Recreation,we felt we could not loosen whilst in the ground the local anesthetic seller both man and woman hide in the bush of the hotel on the beach waiting to arrest people attention a presently a you step onto the beach you be surrounded by them also so much rubbish strewn around the perimeter overall the hotel lacked any atmosphere mayhap it is to a fault tumid for that the faculty were entirely lovely and friendly for the money we both felt identical let down it is scar a a star hotel merely i would disagree with that,506,96
"We palpate we could not relax whilst in the grounds, the local sellers both men and women, hid Indiana the pubic hair of the hotel on the beach, waiting to get people's attention. As soon as you stepped onto the beach, you were surrounded past them. Also so much trash strewn about the perimeter. Overall the hotel lacked any atmosphere, maybe it is too large for that? The stave cost all lovely and friendly. For the money we both felt selfsame let down, it is marked as a quintet star hotel only I would disagree with that.",Recreation,we palpate we could not relax whilst in the ground the local seller both men and woman hid indiana the pubic hair of the hotel on the beach waiting to get people attention a soon a you stepped onto the beach you were surrounded past them also so much trash strewn about the perimeter overall the hotel lacked any atmosphere maybe it is too large for that the stave cost all lovely and friendly for the money we both felt selfsame let down it is marked a a quintet star hotel only i would disagree with that,506,96
"We felt we could not relax whilst In the grounds, the local sellers both men and women, hid in the bushes of the hotel on the beach, waiting to puzzle people's attention. A soon as you stepped onto the beach, you were hem in by them. Also so a great deal rubbish strewn about the perimeter. Overall the hotel lacked any atmosphere, maybe IT is too large for that? The staff were all lovely and friendly. For the money we both felt very allow down, it is marked as type A 5 star hotel but I would take issue with that.",Recreation,we felt we could not relax whilst in the ground the local seller both men and woman hid in the bush of the hotel on the beach waiting to puzzle people attention a soon a you stepped onto the beach you were hem in by them also so a great deal rubbish strewn about the perimeter overall the hotel lacked any atmosphere maybe it is too large for that the staff were all lovely and friendly for the money we both felt very allow down it is marked a type a star hotel but i would take issue with that,506,96
"When I walked in the lobby, it was very crowede and noisy, I saw the swimming pool from lobby, it was as crowded as disneyland, I cannot believe this is a 5 star hotel. And the swimming pool was somehow under maintance, can see the view as saw on the website. No bath tub in the bathroom. My flight was 12 noon, so I had an early breakfast at 7:20am, the breakfast time started at 7am, but it was chaos when I walked in the restaurant, staff in the restaurant were chatting, laughing, there's no Professional at all!! I was sooo disappointed at Heritance Ahungalla hotel!!!",Recreation,when i walked in the lobby it wa very crowede and noisy i saw the swimming pool from lobby it wa a crowded a disneyland i can not believe this is a star hotel and the swimming pool wa somehow under maintance can see the view a saw on the website no bath tub in the bathroom my flight wa noon so i had an early breakfast at am the breakfast time started at am but it wa chaos when i walked in the restaurant staff in the restaurant were chatting laughing there no professional at all i wa sooo disappointed at heritance ahungalla hotel,573,106
"When I walked in the lobby, it was real crowede and noisy, I saw the swimming pool from lobby, it was as crowded as disneyland, I cannot believe this comprise angstrom 5 prima hotel. And the swimming pool was somehow below maintance, can see the view antiophthalmic factor saw on the website. no bath tub in the bathroom. My flight was 12 noon, so I birth an early breakfast at 7:20am, the breakfast time started at 7am, but it make up topsy-turvyness when I walk atomic number 49 the restaurant, staff inch the eatery were chatting, laughing, there's no professional person at all!! I make up sooo disappointed At Heritance Ahungalla hotel!!!",Recreation,when i walked in the lobby it wa real crowede and noisy i saw the swimming pool from lobby it wa a crowded a disneyland i can not believe this comprise angstrom prima hotel and the swimming pool wa somehow below maintance can see the view antiophthalmic factor saw on the website no bath tub in the bathroom my flight wa noon so i birth an early breakfast at am the breakfast time started at am but it make up topsyturvyness when i walk atomic number the restaurant staff inch the eatery were chatting laughing there no professional person at all i make up sooo disappointed at heritance ahungalla hotel,573,106
"When I walked in the lobby, it was really crowede and noisy, I construe the swim pool from lobby, it was as crowded as disneyland, 1 cannot trust this comprise adenine 5 star hotel. And the swimming pool was somehow under maintance, can see the view as saw along the website. No bath tub Indiana the bathroom. My flight was twelve noon, so I give an early breakfast At 7:20am, the breakfast time started At 7am, but it follow chaos when I walked atomic number 49 the restaurant, stave in the restaurant live chatting, laughing, there's no Professional at all!! one was sooo thwarted astatine Heritance Ahungalla hotel!!!",Recreation,when i walked in the lobby it wa really crowede and noisy i construe the swim pool from lobby it wa a crowded a disneyland can not trust this comprise adenine star hotel and the swimming pool wa somehow under maintance can see the view a saw along the website no bath tub indiana the bathroom my flight wa twelve noon so i give an early breakfast at am the breakfast time started at am but it follow chaos when i walked atomic number the restaurant stave in the restaurant live chatting laughing there no professional at all one wa sooo thwarted astatine heritance ahungalla hotel,573,106
"When 1 walked inwards the lobby, it was very crowede and noisy, 1 saw the swimming pool from lobby, it was as crowded as disneyland, matchless cannot trust this be a Little Phoebe star hotel. And the liquid pool was in some manner under maintance, fanny see the fancy as see on the website. no bath tub in the bathroom. My flight was 12 noon, and so I had an early breakfast at 7:20am, the breakfast meter set about at 7am, but it was chaos when ace walked in the restaurant, staff in the eatery were chatting, laughing, there's no Professional at all!! I WA sooo disappointed at Heritance Ahungalla hotel!!!",Recreation,when walked inwards the lobby it wa very crowede and noisy saw the swimming pool from lobby it wa a crowded a disneyland matchless can not trust this be a little phoebe star hotel and the liquid pool wa in some manner under maintance fanny see the fancy a see on the website no bath tub in the bathroom my flight wa noon and so i had an early breakfast at am the breakfast meter set about at am but it wa chaos when ace walked in the restaurant staff in the eatery were chatting laughing there no professional at all i wa sooo disappointed at heritance ahungalla hotel,573,106
"When single walked in the lobby, it was very crowede and noisy, I saw the swimming consortium from lobby, IT Evergreen State a crowded ampere disneyland, I cannot believe this trace a 5 star hotel. And the swim pool was somehow under maintance, can insure the view as saw on the website. No bath tub in the bathroom. My flying be 12 noon, sol I had Associate in Nursing early breakfast at 7:20am, the breakfast time started atomic number 85 7am, but IT Be chaos when I walked in the restaurant, staff inch the restaurant were chatting, laughing, there's no Professional at all!! I was sooo disappointed at Heritance Ahungalla hotel!!!",Recreation,when single walked in the lobby it wa very crowede and noisy i saw the swimming consortium from lobby it evergreen state a crowded ampere disneyland i can not believe this trace a star hotel and the swim pool wa somehow under maintance can insure the view a saw on the website no bath tub in the bathroom my flying be noon sol i had associate in nursing early breakfast at am the breakfast time started atomic number am but it be chaos when i walked in the restaurant staff inch the restaurant were chatting laughing there no professional at all i wa sooo disappointed at heritance ahungalla hotel,573,106
"When I walked in the lobby, it represent very crowede and noisy, ane saw the naiant pool from lobby, it was as crowded as disneyland, I cannot believe this be a 5 star hotel. And the swimming pool was somehow under maintance, can see the view as saw along the website. No bathe vat in the bathroom. My flight live 12 noon, so iodin had an early breakfast at 7:20am, the breakfast time start at 7am, but it was chaos when unity walk of life in the restaurant, staff In the restaurant were chatting, laughing, there's no more professional person at all!! unity was sooo disappointed at Heritance Ahungalla hotel!!!",Recreation,when i walked in the lobby it represent very crowede and noisy ane saw the naiant pool from lobby it wa a crowded a disneyland i can not believe this be a star hotel and the swimming pool wa somehow under maintance can see the view a saw along the website no bathe vat in the bathroom my flight live noon so iodin had an early breakfast at am the breakfast time start at am but it wa chaos when unity walk of life in the restaurant staff in the restaurant were chatting laughing there no more professional person at all unity wa sooo disappointed at heritance ahungalla hotel,573,106
"When i walk in the lobby, it was real crowede and noisy, I saw the swimming pool from lobby, it be as crowded as disneyland, I cannot believe this be angstrom unit quintuplet star hotel. And the drown pool be somehow below maintance, can find out the view as saw on the website. no more toilet tub in the bathroom. My flight was 12 noon, so I had Associate in Nursing betimes breakfast at 7:20am, the breakfast time started at 7am, but information technology was pandemonium when single walked in the restaurant, staff inward the eating house were chatting, laughing, there's no Professional at all!! atomic number 53 was sooo disappointed astatine Heritance Ahungalla hotel!!!",Recreation,when i walk in the lobby it wa real crowede and noisy i saw the swimming pool from lobby it be a crowded a disneyland i can not believe this be angstrom unit quintuplet star hotel and the drown pool be somehow below maintance can find out the view a saw on the website no more toilet tub in the bathroom my flight wa noon so i had associate in nursing betimes breakfast at am the breakfast time started at am but information technology wa pandemonium when single walked in the restaurant staff inward the eating house were chatting laughing there no professional at all atomic number wa sooo disappointed astatine heritance ahungalla hotel,573,106
"When single walked in the lobby, it was very crowede and noisy, one saw the swimming pool from lobby, it was as crowded as disneyland, I cannot believe this is a 5 star hotel. And the swimming puddle be somehow under maintance, can see the see as saw on the website. No bath tub in the bathroom. My flight was twelve noon, thus I had an early breakfast at 7:20am, the breakfast time started at 7am, only information technology was pandemonium when I walked in the restaurant, staff in the eating house were chatting, laughing, there's no Professional astatine all!! unmatchable was sooo disappointed at Heritance Ahungalla hotel!!!",Recreation,when single walked in the lobby it wa very crowede and noisy one saw the swimming pool from lobby it wa a crowded a disneyland i can not believe this is a star hotel and the swimming puddle be somehow under maintance can see the see a saw on the website no bath tub in the bathroom my flight wa twelve noon thus i had an early breakfast at am the breakfast time started at am only information technology wa pandemonium when i walked in the restaurant staff in the eating house were chatting laughing there no professional astatine all unmatchable wa sooo disappointed at heritance ahungalla hotel,573,106
"When I walk indium the lobby, it was very crowede and noisy, I canvas the swimming pool from lobby, it was as herd type A disneyland, I cannot trust this is deoxyadenosine monophosphate quintet star hotel. And the swimming pool was somehow under maintance, send away see the view as see along the website. No bath bathing tub in the bathroom. My flight WA 12 noon, so 1 had an early breakfast at 7:20am, the breakfast metre plump at 7am, simply it was chaos when I walked in the restaurant, staff in the eating house were chatting, laughing, there's no Professional at all!! single was sooo disappointed at Heritance Ahungalla hotel!!!",Recreation,when i walk indium the lobby it wa very crowede and noisy i canvas the swimming pool from lobby it wa a herd type a disneyland i can not trust this is deoxyadenosine monophosphate quintet star hotel and the swimming pool wa somehow under maintance send away see the view a see along the website no bath bathing tub in the bathroom my flight wa noon so had an early breakfast at am the breakfast metre plump at am simply it wa chaos when i walked in the restaurant staff in the eating house were chatting laughing there no professional at all single wa sooo disappointed at heritance ahungalla hotel,573,106
"When I walked in the lobby, it was very crowede and noisy, I see the swimming pool from lobby, IT was deoxyadenosine monophosphate crowd together atomic number 33 disneyland, I cannot believe this personify a 5 star hotel. And the swimming pool was somehow under maintance, can date the view as saw on the website. No bath tub in the bathroom. My flight was 12 noon, so I hold an early breakfast at 7:20am, the breakfast clock time started at 7am, only information technology was chaos when one walked in the restaurant, stave in the eating house were chatting, laughing, there's no Professional astatine all!! atomic number 53 embody sooo disappointed at Heritance Ahungalla hotel!!!",Recreation,when i walked in the lobby it wa very crowede and noisy i see the swimming pool from lobby it wa deoxyadenosine monophosphate crowd together atomic number disneyland i can not believe this personify a star hotel and the swimming pool wa somehow under maintance can date the view a saw on the website no bath tub in the bathroom my flight wa noon so i hold an early breakfast at am the breakfast clock time started at am only information technology wa chaos when one walked in the restaurant stave in the eating house were chatting laughing there no professional astatine all atomic number embody sooo disappointed at heritance ahungalla hotel,573,106
"When I walked in the lobby, information technology was very crowede and noisy, I saw the swimming pool from lobby, it was as crowd together A disneyland, single cannot conceive this is a 5 star hotel. And the swimming pool embody someway under maintance, can see the take in group A see along the website. nobelium tub tubful in the bathroom. My flight was 12 noon, so I had an early breakfast at 7:20am, the breakfast clock started at 7am, but it was chaos when I walked in the restaurant, stave in the eating house were chatting, laughing, there's no Professional at all!! I make up sooo disappointed at Heritance Ahungalla hotel!!!",Recreation,when i walked in the lobby information technology wa very crowede and noisy i saw the swimming pool from lobby it wa a crowd together a disneyland single can not conceive this is a star hotel and the swimming pool embody someway under maintance can see the take in group a see along the website nobelium tub tubful in the bathroom my flight wa noon so i had an early breakfast at am the breakfast clock started at am but it wa chaos when i walked in the restaurant stave in the eating house were chatting laughing there no professional at all i make up sooo disappointed at heritance ahungalla hotel,573,106
Shame about the food,Food,shame about the food,20,4
Shame well-nigh the food,Food,shame wellnigh the food,20,4
Shame about the food,Food,shame about the food,20,4
Shame about the solid food,Food,shame about the solid food,20,4
Shame about the food,Food,shame about the food,20,4
Shame about the intellectual nourishment,Food,shame about the intellectual nourishment,20,4
Shame more or less the food,Food,shame more or less the food,20,4
Shame about the food,Food,shame about the food,20,4
Shame about the food,Food,shame about the food,20,4
Shame about the food,Food,shame about the food,20,4
Shame about the nutrient,Food,shame about the nutrient,20,4
"I thought the ""fine dining"" restaurant was disappointing and over-priced. The hotel felt too ""Buckland's Holiday Camp"" for me. Couldn't wait to leave each day on other activities outside the hotel. It looked to me also that the original building design had been messed with. The model airplane at the end of the 'infinity"" pool was ridiculous. Surely Geofrey bawa would not have approved.",Rooms,i thought the fine dining restaurant wa disappointing and overpriced the hotel felt too bucklands holiday camp for me couldnt wait to leave each day on other activity outside the hotel it looked to me also that the original building design had been messed with the model airplane at the end of the infinity pool wa ridiculous surely geofrey bawa would not have approved,388,64
"ace thought the ""fine dining"" restaurant was disappointing and over-priced. The hotel felt too ""Buckland's Holiday Camp"" for me. Couldn't wait to impart for each one solar day on other activities outside the hotel. information technology looked to Maine besides that the original make design had been messed with. The model airplane at the cease of the 'infinity"" pool be ridiculous. Surely Geofrey bawa would not have approved.",Rooms,ace thought the fine dining restaurant wa disappointing and overpriced the hotel felt too bucklands holiday camp for me couldnt wait to impart for each one solar day on other activity outside the hotel information technology looked to maine besides that the original make design had been messed with the model airplane at the cease of the infinity pool be ridiculous surely geofrey bawa would not have approved,388,64
"I intellection the ""fine dining"" eating house be dissatisfactory and over-priced. The hotel felt excessively ""Buckland's Holiday Camp"" for me. Couldn't wait to leave each day on other natural action exterior the hotel. information technology looked to me also that the original building design had been mess with. The model aeroplane at the end of the 'infinity"" take a leak was ridiculous. Surely Geofrey bawa would not have approved.",Rooms,i intellection the fine dining eating house be dissatisfactory and overpriced the hotel felt excessively bucklands holiday camp for me couldnt wait to leave each day on other natural action exterior the hotel information technology looked to me also that the original building design had been mess with the model aeroplane at the end of the infinity take a leak wa ridiculous surely geofrey bawa would not have approved,388,64
"ace thought the ""fine dining"" restaurant WA disappointing and over-priced. The hotel felt too ""Buckland's Holiday Camp"" for me. Couldn't postponement to leave each sidereal day along other body process outside the hotel. It looked to me also that the original building design had be messed with. The poser airplane at the conclusion of the 'infinity"" pool was ridiculous. sure as shooting Geofrey bawa would not have approved.",Rooms,ace thought the fine dining restaurant wa disappointing and overpriced the hotel felt too bucklands holiday camp for me couldnt postponement to leave each sidereal day along other body process outside the hotel it looked to me also that the original building design had be messed with the poser airplane at the conclusion of the infinity pool wa ridiculous sure a shooting geofrey bawa would not have approved,388,64
"I thought the ""fine dining"" eating place be disappoint and over-priced. The hotel feel too ""Buckland's holiday Camp"" for me. Couldn't wait to leave for each one day on other activities outside the hotel. It looked to Pine Tree State also that the original building design had been messed with. The model airplane at the finish of the 'infinity"" pool was ridiculous. Surely Geofrey bawa would not have approved.",Rooms,i thought the fine dining eating place be disappoint and overpriced the hotel feel too bucklands holiday camp for me couldnt wait to leave for each one day on other activity outside the hotel it looked to pine tree state also that the original building design had been messed with the model airplane at the finish of the infinity pool wa ridiculous surely geofrey bawa would not have approved,388,64
"I thought the ""fine dining"" restaurant was let down and over-priced. The hotel mat up too ""Buckland's Holiday Camp"" for me. Couldn't wait to leave each day on other activities outside the hotel. It looked to me also that the master copy establish design had been mess with. The model airplane At the finish of the 'infinity"" pool was ridiculous. Surely Geofrey bawa would not have approved.",Rooms,i thought the fine dining restaurant wa let down and overpriced the hotel mat up too bucklands holiday camp for me couldnt wait to leave each day on other activity outside the hotel it looked to me also that the master copy establish design had been mess with the model airplane at the finish of the infinity pool wa ridiculous surely geofrey bawa would not have approved,388,64
"i thought the ""fine dining"" restaurant was disappointing and over-priced. The hotel felt too ""Buckland's Holiday Camp"" for me. Couldn't await to leave each day on other action international the hotel. It look to Maine besides that the original construct contrive had been mess with. The model airplane at the end of the 'infinity"" kitty was ridiculous. Surely Geofrey bawa would not have approved.",Rooms,i thought the fine dining restaurant wa disappointing and overpriced the hotel felt too bucklands holiday camp for me couldnt await to leave each day on other action international the hotel it look to maine besides that the original construct contrive had been mess with the model airplane at the end of the infinity kitty wa ridiculous surely geofrey bawa would not have approved,388,64
"I thought the ""fine dining"" restaurant was disappointing and over-priced. The hotel felt too ""Buckland's vacation Camp"" for me. Couldn't time lag to will each day on former activities outdoors the hotel. It looked to me also that the original building design have constitute messed with. The mannequin airplane at the terminate of the 'infinity"" pool was ridiculous. Surely Geofrey bawa would not have approved.",Rooms,i thought the fine dining restaurant wa disappointing and overpriced the hotel felt too bucklands vacation camp for me couldnt time lag to will each day on former activity outdoors the hotel it looked to me also that the original building design have constitute messed with the mannequin airplane at the terminate of the infinity pool wa ridiculous surely geofrey bawa would not have approved,388,64
"i think the ""fine dining"" restaurant was disappointing and over-priced. The hotel felt to a fault ""Buckland's vacation Camp"" for me. Couldn't hold back to leave each Clarence Day on other activities outside the hotel. It looked to me also that the original building design had been messed with. The model airplane atomic number 85 the oddment of the 'infinity"" pool was ridiculous. Surely Geofrey bawa would not have approved.",Rooms,i think the fine dining restaurant wa disappointing and overpriced the hotel felt to a fault bucklands vacation camp for me couldnt hold back to leave each clarence day on other activity outside the hotel it looked to me also that the original building design had been messed with the model airplane atomic number the oddment of the infinity pool wa ridiculous surely geofrey bawa would not have approved,388,64
"I thought the ""fine dining"" restaurant Be disappointing and over-priced. The hotel felt up too ""Buckland's Holiday Camp"" for me. Couldn't wait to leave behind each day on other activities alfresco the hotel. It looked to me too that the original building design make been muckle with. The model airplane astatine the end of the 'infinity"" kitty was ridiculous. Surely Geofrey bawa would not let approved.",Rooms,i thought the fine dining restaurant be disappointing and overpriced the hotel felt up too bucklands holiday camp for me couldnt wait to leave behind each day on other activity alfresco the hotel it looked to me too that the original building design make been muckle with the model airplane astatine the end of the infinity kitty wa ridiculous surely geofrey bawa would not let approved,388,64
"I thought the ""fine dining"" restaurant was disappointing and over-priced. The hotel mat to a fault ""Buckland's holiday Camp"" for me. Couldn't wait to leave each day on other activities extraneous the hotel. It looked to me too that the original building design had been mess with. The model plane at the end of the 'infinity"" puddle was ridiculous. certainly Geofrey bawa would not have approved.",Rooms,i thought the fine dining restaurant wa disappointing and overpriced the hotel mat to a fault bucklands holiday camp for me couldnt wait to leave each day on other activity extraneous the hotel it looked to me too that the original building design had been mess with the model plane at the end of the infinity puddle wa ridiculous certainly geofrey bawa would not have approved,388,64
An oasis under potential threat,Food,an oasis under potential threat,31,5
An oasis under potentiality threat,Food,an oasis under potentiality threat,31,5
An haven under potential threat,Food,an haven under potential threat,31,5
Associate in Nursing oasis under potential threat,Food,associate in nursing oasis under potential threat,31,5
An oasis under possible threat,Food,an oasis under possible threat,31,5
An oasis nether potential threat,Food,an oasis nether potential threat,31,5
An haven under potential threat,Food,an haven under potential threat,31,5
An oasis under potential drop threat,Food,an oasis under potential drop threat,31,5
An haven under potential threat,Food,an haven under potential threat,31,5
An haven under potential threat,Food,an haven under potential threat,31,5
AN oasis under potential threat,Food,an oasis under potential threat,31,5
Great Location. Ancient old rooms & poor Service.,Rooms,great location ancient old room poor service,49,8
great Location. Ancient erstwhile rooms & poor Service.,Rooms,great location ancient erstwhile room poor service,49,8
corking Location. Ancient old rooms & poor Service.,Rooms,corking location ancient old room poor service,49,8
Great Location. ancient old room & poor Service.,Rooms,great location ancient old room poor service,49,8
Great Location. ancient old room & poor Service.,Rooms,great location ancient old room poor service,49,8
Great Location. Ancient old rooms & poor Service.,Rooms,great location ancient old room poor service,49,8
Great Location. Ancient old room & poor Service.,Rooms,great location ancient old room poor service,49,8
Great Location. Ancient old rooms & deplorable Service.,Rooms,great location ancient old room deplorable service,49,8
Great Location. Ancient former rooms & poor Service.,Rooms,great location ancient former room poor service,49,8
Great Location. Ancient one-time rooms & poor Service.,Rooms,great location ancient onetime room poor service,49,8
great Location. Ancient old rooms & poor Service.,Rooms,great location ancient old room poor service,49,8
"Stay was great but
1.  Considering there is nothing nearby to eat the food choices for A la cart and Room service are very very limited.
2. Phone receiver was smelly. None of the buttons worked
3. Door stopper broken and the the door kept banging if left open for a few seconds
4. Space beneath bed had not been swept or cleaned in a long time
5. TV was not working .
Hotel staff were warm and Service was lovely. The location and rooms were fabulous, so we overlooked all faults except  Point number 1 on Food.",Food,stay wa great but considering there is nothing nearby to eat the food choice for a la cart and roomservice are very very limited phone receiver wa smelly none of the button worked door stopper broken and the the door kept banging if left open for a few second space beneath bed had not been swept or cleaned in a long time tv wa not working hotel staff were warm and service wa lovely the location and room were fabulous so we overlooked all fault except point number on food,511,98
"Stay was great but 1. Considering there is nothing nearby to eat the food choices for A la drag and Room service are very selfsame limited. 2. Phone pass receiver was smelly. None of the buttons worked 3. Door stopper break and the the door kept banging if left undefended for a few second 4. distance beneath bed had not been swept operating theater cleaned in a longsighted time 5. TV embody not working . hotel mental faculty were warm and religious service was lovely. The location and board comprise fabulous, so we overlooked all faults except head number I on Food.",Food,stay wa great but considering there is nothing nearby to eat the food choice for a la drag and roomservice are very selfsame limited phone pas receiver wa smelly none of the button worked door stopper break and the the door kept banging if left undefended for a few second distance beneath bed had not been swept operating theater cleaned in a longsighted time tv embody not working hotel mental faculty were warm and religious service wa lovely the location and board comprise fabulous so we overlooked all fault except head number i on food,511,98
"Stay was great but 1. Considering there be zilch nearby to eat the food choices for vitamin A lah cart and Room service are identical very limited. 2. Phone receiver make up smelly. None of the buttons worked 3. Door stopple broken and the the room access kept banging if left open for a few seconds 4. Space beneath bed have not been swept Oregon cleaned in a long time 5. television set was not working . Hotel staff were warm and servicing was lovely. The location and rooms were fabulous, hence we overlooked all faults except Point number 1 on Food.",Food,stay wa great but considering there be zilch nearby to eat the food choice for vitamin a lah cart and roomservice are identical very limited phone receiver make up smelly none of the button worked door stopple broken and the the room access kept banging if left open for a few second space beneath bed have not been swept oregon cleaned in a long time television set wa not working hotel staff were warm and servicing wa lovely the location and room were fabulous hence we overlooked all fault except point number on food,511,98
"Stay was great but 1. look at there is naught nearby to eat the food choices for A la cart and Room overhaul be real very limited. 2. Phone pass catcher be smelly. None of the buttons worked 3. Door stopper broken and the the door maintain hump if left unfastened for a few minute 4. blank beneath hit the hay had not been swept or cleaned in a long time 5. TV was not working . Hotel staff were warm and service was lovely. The location and room were fabulous, so we overlooked all fault leave off Point number 1 along Food.",Food,stay wa great but look at there is naught nearby to eat the food choice for a la cart and room overhaul be real very limited phone pas catcher be smelly none of the button worked door stopper broken and the the door maintain hump if left unfastened for a few minute blank beneath hit the hay had not been swept or cleaned in a long time tv wa not working hotel staff were warm and service wa lovely the location and room were fabulous so we overlooked all fault leave off point number along food,511,98
"Stay was great but 1. Considering there is nothing nearby to eat the food choices for A la cart and Room service are very very limited. 2. Phone receiver exist smelly. None of the buttons worked 3. room access conversation stopper broken and the the door kept banging if left open for A few seconds 4. Space below have intercourse had not been swept operating theatre clean IN a long time 5. TV was non bring . Hotel staff were warm and Service was lovely. The location and elbow room were fabulous, so we overlooked all faults except point number 1 along Food.",Food,stay wa great but considering there is nothing nearby to eat the food choice for a la cart and roomservice are very very limited phone receiver exist smelly none of the button worked room access conversation stopper broken and the the door kept banging if left open for a few second space below have intercourse had not been swept operating theatre clean in a long time tv wa non bring hotel staff were warm and service wa lovely the location and elbow room were fabulous so we overlooked all fault except point number along food,511,98
"Stay was great but 1. Considering there is nothing nearby to eat the food choices for A la cart and board service are very very limited. 2. Phone receiver equal smelly. none of the push play 3. Door stopper broken and the the door kept banging if odd open for a few seconds 4. space beneath have a go at it had not been swept surgery cleaned Hoosier State antiophthalmic factor long time 5. TV be not working . Hotel staff were warm and inspection and repair Washington lovely. The localization and rooms were fabulous, so we overlooked all faults except point number 1 on Food.",Food,stay wa great but considering there is nothing nearby to eat the food choice for a la cart and board service are very very limited phone receiver equal smelly none of the push play door stopper broken and the the door kept banging if odd open for a few second space beneath have a go at it had not been swept surgery cleaned hoosier state antiophthalmic factor long time tv be not working hotel staff were warm and inspection and repair washington lovely the localization and room were fabulous so we overlooked all fault except point number on food,511,98
"remain was great but 1. Considering there be nothing nearby to eat the food choices for amp la handcart and Room service are very very limited. 2. Phone receiver exist smelly. None of the buttons worked 3. room access stopper broken and the the room access postponement banging if go out open for A few seconds 4. infinite beneath bed had not be swept or cleaned in a farseeing time 5. TV was non working . Hotel staff were warm and service was lovely. The location and rooms were fabulous, indeed we overlook all fault except Point number 1 on Food.",Food,remain wa great but considering there be nothing nearby to eat the food choice for amp la handcart and roomservice are very very limited phone receiver exist smelly none of the button worked room access stopper broken and the the room access postponement banging if go out open for a few second infinite beneath bed had not be swept or cleaned in a farseeing time tv wa non working hotel staff were warm and service wa lovely the location and room were fabulous indeed we overlook all fault except point number on food,511,98
"Stay was keen but 1. count at that place is nothing nearby to eat the food choices for adenine la cart and Room service personify very very limited. 2. Phone receiver was smelly. None of the buttons worked 3. Door stopper break and the the door keep banging if left open for a few seconds 4. space beneath bed had not symbolise swept or cleaned in a long time 5. TV interpret not employment . Hotel staff were warm up and Service Evergreen State lovely. The location and rooms were fabulous, and so we overlooked all faults except peak number 1 on Food.",Food,stay wa keen but count at that place is nothing nearby to eat the food choice for adenine la cart and roomservice personify very very limited phone receiver wa smelly none of the button worked door stopper break and the the door keep banging if left open for a few second space beneath bed had not symbolise swept or cleaned in a long time tv interpret not employment hotel staff were warm up and service evergreen state lovely the location and room were fabulous and so we overlooked all fault except peak number on food,511,98
"Stay was great simply 1. Considering thither is nothing nearby to eat the food alternative for A LA cart and Room military service are very very limited. 2. Phone liquidator was smelly. None of the buttons worked 3. Door stopper broken and the the door go love if left open for a few indorsement 4. Space beneath bed have non be swept operating theatre clean in a long time 5. TV was not working . Hotel stave were warm and Service was lovely. The location and rooms were fabulous, so we overlooked all faults except Point number unity on Food.",Food,stay wa great simply considering thither is nothing nearby to eat the food alternative for a la cart and room military service are very very limited phone liquidator wa smelly none of the button worked door stopper broken and the the door go love if left open for a few indorsement space beneath bed have non be swept operating theatre clean in a long time tv wa not working hotel stave were warm and service wa lovely the location and room were fabulous so we overlooked all fault except point number unity on food,511,98
"Stay live great but 1. consider there be zilch nearby to eat the food choices for A atomic number 57 cart and room service be very real limited. 2. Phone pass catcher personate smelly. None of the buttons worked 3. Door stopper broken and the the threshold kept roll in the hay if left open up for a few seconds 4. Space at a lower place crawl in had not constitute swept or cleaned in A long time 5. TV was not working . Hotel staff were ardent and Service be lovely. The location and rooms were fabulous, then we command all fault except Point number 1 on Food.",Food,stay live great but consider there be zilch nearby to eat the food choice for a atomic number cart and roomservice be very real limited phone pas catcher personate smelly none of the button worked door stopper broken and the the threshold kept roll in the hay if left open up for a few second space at a lower place crawl in had not constitute swept or cleaned in a long time tv wa not working hotel staff were ardent and service be lovely the location and room were fabulous then we command all fault except point number on food,511,98
"Stay was great but 1. Considering there be nothing nearby to eat the food choices for A la cart and elbow room Service are very very limited. 2. Phone receiver equal smelly. None of the buttons worked 3. Door stopper broken and the the door kept hump if left open for a few second 4. Space to a lower place have it off have not been swept or cleaned Hoosier State a long time 5. boob tube personify not working . Hotel staff comprise quick and Robert William Service was lovely. The location and room were fabulous, and then we drop all faults except point number 1 on Food.",Food,stay wa great but considering there be nothing nearby to eat the food choice for a la cart and elbow roomservice are very very limited phone receiver equal smelly none of the button worked door stopper broken and the the door kept hump if left open for a few second space to a lower place have it off have not been swept or cleaned hoosier state a long time boob tube personify not working hotel staff comprise quick and robert william service wa lovely the location and room were fabulous and then we drop all fault except point number on food,511,98
"Unhappy experience. Boring food, unprofessional front office staff. Spa was awesome",Recreation,unhappy experience boring food unprofessional front office staff spa wa awesome,83,11
"Unhappy experience. boring food, unprofessional face office staff. Spa be awesome",Recreation,unhappy experience boring food unprofessional face office staff spa be awesome,83,11
"distressed experience. Boring food, unprofessional front office staff. Spa was awesome",Recreation,distressed experience boring food unprofessional front office staff spa wa awesome,83,11
"Unhappy experience. Boring food, unprofessional front office staff. spa was amazing",Recreation,unhappy experience boring food unprofessional front office staff spa wa amazing,83,11
"Unhappy experience. drilling food, unprofessional front means staff. Spa was awesome",Recreation,unhappy experience drilling food unprofessional front mean staff spa wa awesome,83,11
"dysphoric experience. Boring food, unprofessional front office staff. Spa was awesome",Recreation,dysphoric experience boring food unprofessional front office staff spa wa awesome,83,11
"Unhappy experience. Boring food, unprofessional front office staff. resort hotel was awesome",Recreation,unhappy experience boring food unprofessional front office staff resort hotel wa awesome,83,11
"Unhappy experience. Boring food, unprofessional front office staff. Spa was awesome",Recreation,unhappy experience boring food unprofessional front office staff spa wa awesome,83,11
"Unhappy experience. Boring food, unprofessional front office staff. Spa was awesome",Recreation,unhappy experience boring food unprofessional front office staff spa wa awesome,83,11
"Unhappy experience. Boring food, unprofessional look office staff. Spa was awesome",Recreation,unhappy experience boring food unprofessional look office staff spa wa awesome,83,11
"Unhappy experience. Boring food, unprofessional battlefront office staff. Spa live awesome",Recreation,unhappy experience boring food unprofessional battlefront office staff spa live awesome,83,11
A disappointing stay.  Crowded with run down facilities.  Food was ordinary and hotel security did not do enough to keep tuk-tuk drivers and sarong vendors from the hotel grounds where they regularly hassled guests.,Rooms,a disappointing stay crowded with run down facility food wa ordinary and hotel security did not do enough to keep tuktuk driver and sarong vendor from the hotel ground where they regularly hassled guest,215,34
A disappointing stay. Crowded with melt down low facilities. Food be ordinary and hotel security did not do enough to keep tuk-tuk driver and sarong vendors from the hotel grounds where they on a regular basis hassled guests.,Rooms,a disappointing stay crowded with melt down low facility food be ordinary and hotel security did not do enough to keep tuktuk driver and sarong vendor from the hotel ground where they on a regular basis hassled guest,215,34
deoxyadenosine monophosphate disappointing stay. push with run down facilities. Food was ordinary and hotel tribute do non Doctor of Osteopathy enough to keep tuk-tuk drivers and sarong trafficker from the hotel grounds where they regularly hassled guests.,Rooms,deoxyadenosine monophosphate disappointing stay push with run down facility food wa ordinary and hotel tribute do non doctor of osteopathy enough to keep tuktuk driver and sarong trafficker from the hotel ground where they regularly hassled guest,215,34
A disappointing stay. Crowded with run down facilities. Food follow ordinary and hotel security measures did not do plenty to keep tuk-tuk device driver and sarong vendor from the hotel grounds where they on a regular basis hassled guests.,Rooms,a disappointing stay crowded with run down facility food follow ordinary and hotel security measure did not do plenty to keep tuktuk device driver and sarong vendor from the hotel ground where they on a regular basis hassled guest,215,34
A disappointing stay. Crowded with run knock down facilities. Food was ordinary and hotel security serve non do enough to keep tuk-tuk driver and sarong vendors from the hotel grounds where they on a regular basis hassled guests.,Rooms,a disappointing stay crowded with run knock down facility food wa ordinary and hotel security serve non do enough to keep tuktuk driver and sarong vendor from the hotel ground where they on a regular basis hassled guest,215,34
A disappointing stay. Crowded with run down facilities. Food was ordinary and hotel security did not do enough to continue tuk-tuk drivers and sarong vendors from the hotel grounds where they regularly chevvy guests.,Rooms,a disappointing stay crowded with run down facility food wa ordinary and hotel security did not do enough to continue tuktuk driver and sarong vendor from the hotel ground where they regularly chevvy guest,215,34
A disappointing stay. crowded with run down facilities. Food was ordinary and hotel security did not do enough to hold tuk-tuk drivers and sarong vendors from the hotel grounds where they regularly hassled guests.,Rooms,a disappointing stay crowded with run down facility food wa ordinary and hotel security did not do enough to hold tuktuk driver and sarong vendor from the hotel ground where they regularly hassled guest,215,34
A let down stay. Crowded with run down facilities. food body ordinary and hotel security did non behave enough to keep tuk-tuk drivers and sarong vendors from the hotel grounds where they regularly hassled guests.,Rooms,a let down stay crowded with run down facility food body ordinary and hotel security did non behave enough to keep tuktuk driver and sarong vendor from the hotel ground where they regularly hassled guest,215,34
A disappointing stay. crowd with lead down facilities. food for thought was ordinary and hotel security did not do enough to maintain tuk-tuk device driver and sarong vendors from the hotel grounds where they regularly hassled guests.,Rooms,a disappointing stay crowd with lead down facility food for thought wa ordinary and hotel security did not do enough to maintain tuktuk device driver and sarong vendor from the hotel ground where they regularly hassled guest,215,34
A disappointing stay. Crowded with discharge down facilities. Food was ordinary and hotel security did non do enough to keep tuk-tuk drivers and sarong vendors from the hotel grounds where they on a regular basis molest guests.,Rooms,a disappointing stay crowded with discharge down facility food wa ordinary and hotel security did non do enough to keep tuktuk driver and sarong vendor from the hotel ground where they on a regular basis molest guest,215,34
A dissatisfactory stay. Crowded with run down facilities. Food was ordinary and hotel security department do non make enough to keep tuk-tuk drivers and sarong seller from the hotel grounds where they regularly hassled guests.,Rooms,a dissatisfactory stay crowded with run down facility food wa ordinary and hotel security department do non make enough to keep tuktuk driver and sarong seller from the hotel ground where they regularly hassled guest,215,34
"I thought the ""fine dining"" restaurant was disappointing and over-priced. The hotel felt too ""Buckland's Holiday Camp"" for me. Couldn't wait to leave each day on other activities outside the hotel. It looked to me also that the original building design had been messed with. The model airplane at the end of the 'infinity"" pool was ridiculous. Surely Geofrey bawa would not have approved.",Recreation,i thought the fine dining restaurant wa disappointing and overpriced the hotel felt too bucklands holiday camp for me couldnt wait to leave each day on other activity outside the hotel it looked to me also that the original building design had been messed with the model airplane at the end of the infinity pool wa ridiculous surely geofrey bawa would not have approved,388,64
"I reckon the ""fine dining"" restaurant was disappointing and over-priced. The hotel felt up too ""Buckland's vacation Camp"" for me. Couldn't wait to leave for each one day on former activities out of doors the hotel. It appear to me also that the master copy construction design had been messed with. The model airplane atomic number 85 the end of the 'infinity"" puddle was ridiculous. sure as shooting Geofrey bawa would not have approved.",Recreation,i reckon the fine dining restaurant wa disappointing and overpriced the hotel felt up too bucklands vacation camp for me couldnt wait to leave for each one day on former activity out of door the hotel it appear to me also that the master copy construction design had been messed with the model airplane atomic number the end of the infinity puddle wa ridiculous sure a shooting geofrey bawa would not have approved,388,64
"I imagine the ""fine dining"" restaurant embody disappointing and over-priced. The hotel felt as well ""Buckland's Holiday Camp"" for me. Couldn't wait to leave each mean solar day on other activities outside the hotel. It looked to me also that the original build design had been messed with. The pattern aeroplane at the end of the 'infinity"" consortium constitute ridiculous. sure enough Geofrey bawa would not have approved.",Recreation,i imagine the fine dining restaurant embody disappointing and overpriced the hotel felt a well bucklands holiday camp for me couldnt wait to leave each mean solar day on other activity outside the hotel it looked to me also that the original build design had been messed with the pattern aeroplane at the end of the infinity consortium constitute ridiculous sure enough geofrey bawa would not have approved,388,64
"I thought the ""fine dining"" restaurant Washington let down and over-priced. The hotel felt too ""Buckland's vacation Camp"" for me. Couldn't wait to leave each day along other activities outside the hotel. information technology looked to Pine Tree State likewise that the original building design had been messed with. The poser plane at the end of the 'infinity"" pocket billiards was ridiculous. Surely Geofrey bawa would not have approved.",Recreation,i thought the fine dining restaurant washington let down and overpriced the hotel felt too bucklands vacation camp for me couldnt wait to leave each day along other activity outside the hotel information technology looked to pine tree state likewise that the original building design had been messed with the poser plane at the end of the infinity pocket billiards wa ridiculous surely geofrey bawa would not have approved,388,64
"I thought the ""fine dining"" restaurant was disappointing and over-priced. The hotel felt too ""Buckland's Holiday Camp"" for me. Couldn't wait to leave each day on other activities out of doors the hotel. It looked to me also that the original building plan had live mess up with. The model aeroplane at the end of the 'infinity"" syndicate was ridiculous. Surely Geofrey bawa would not have approved.",Recreation,i thought the fine dining restaurant wa disappointing and overpriced the hotel felt too bucklands holiday camp for me couldnt wait to leave each day on other activity out of door the hotel it looked to me also that the original building plan had live mess up with the model aeroplane at the end of the infinity syndicate wa ridiculous surely geofrey bawa would not have approved,388,64
"I believe the ""fine dining"" eating house was disappoint and over-priced. The hotel felt too ""Buckland's Holiday Camp"" for me. Couldn't wait to leave apiece day along other activities outside the hotel. It looked to me also that the original building excogitation had been messed with. The simulate airplane astatine the end of the 'infinity"" pool was ridiculous. for sure Geofrey bawa would not have approved.",Recreation,i believe the fine dining eating house wa disappoint and overpriced the hotel felt too bucklands holiday camp for me couldnt wait to leave apiece day along other activity outside the hotel it looked to me also that the original building excogitation had been messed with the simulate airplane astatine the end of the infinity pool wa ridiculous for sure geofrey bawa would not have approved,388,64
"I thought the ""fine dining"" restaurant be disappointing and over-priced. The hotel felt too ""Buckland's holiday Camp"" for me. Couldn't wait to leave each day along other activities outside the hotel. information technology looked to Maine besides that the original construction design take name messed with. The model airplane at the end of the 'infinity"" pool was ridiculous. Surely Geofrey bawa would not tolerate approved.",Recreation,i thought the fine dining restaurant be disappointing and overpriced the hotel felt too bucklands holiday camp for me couldnt wait to leave each day along other activity outside the hotel information technology looked to maine besides that the original construction design take name messed with the model airplane at the end of the infinity pool wa ridiculous surely geofrey bawa would not tolerate approved,388,64
"I think the ""fine dining"" eatery was disappoint and over-priced. The hotel feel too ""Buckland's Holiday Camp"" for me. Couldn't waitress to leave alone each twenty-four hour period on ahead of time activities out of doors the hotel. information technology look to me also that the original building design had been messed with. The model airplane at the end of the 'infinity"" pool was ridiculous. Surely Geofrey bawa would not have approved.",Recreation,i think the fine dining eatery wa disappoint and overpriced the hotel feel too bucklands holiday camp for me couldnt waitress to leave alone each twentyfour hour period on ahead of time activity out of door the hotel information technology look to me also that the original building design had been messed with the model airplane at the end of the infinity pool wa ridiculous surely geofrey bawa would not have approved,388,64
"I guess the ""fine dining"" restaurant was unsatisfying and over-priced. The hotel feel too ""Buckland's Holiday Camp"" for me. Couldn't wait to leave each day on early activities outside the hotel. It looked to Pine Tree State also that the master building design have been messed with. The model aeroplane at the finish of the 'infinity"" pond was ridiculous. sure enough Geofrey bawa would not have approved.",Recreation,i guess the fine dining restaurant wa unsatisfying and overpriced the hotel feel too bucklands holiday camp for me couldnt wait to leave each day on early activity outside the hotel it looked to pine tree state also that the master building design have been messed with the model aeroplane at the finish of the infinity pond wa ridiculous sure enough geofrey bawa would not have approved,388,64
"I thought the ""fine dining"" restaurant follow disappointing and over-priced. The hotel felt too ""Buckland's Holiday Camp"" for me. Couldn't waitress to leave for each one day on ahead of time activities outside the hotel. It appear to me also that the original building design had make up messed with. The mold plane at the end of the 'infinity"" pool was ridiculous. Surely Geofrey bawa would not have approved.",Recreation,i thought the fine dining restaurant follow disappointing and overpriced the hotel felt too bucklands holiday camp for me couldnt waitress to leave for each one day on ahead of time activity outside the hotel it appear to me also that the original building design had make up messed with the mold plane at the end of the infinity pool wa ridiculous surely geofrey bawa would not have approved,388,64
"I thought the ""fine dining"" restaurant was dissatisfactory and over-priced. The hotel felt too ""Buckland's Holiday Camp"" for me. Couldn't wait to allow each day on other activities outside the hotel. information technology looked to Maine as well that the original building design had been messed with. The model airplane at the end of the 'infinity"" pool embody ridiculous. Surely Geofrey bawa would non have approved.",Recreation,i thought the fine dining restaurant wa dissatisfactory and overpriced the hotel felt too bucklands holiday camp for me couldnt wait to allow each day on other activity outside the hotel information technology looked to maine a well that the original building design had been messed with the model airplane at the end of the infinity pool embody ridiculous surely geofrey bawa would non have approved,388,64
Lovely location spoilt by the lack of customer service,Rooms,lovely location spoilt by the lack of customer service,54,9
Lovely fix spoilt by the deficiency of customer service,Rooms,lovely fix spoilt by the deficiency of customer service,54,9
Lovely location spoil by the lack of customer service,Rooms,lovely location spoil by the lack of customer service,54,9
Lovely location spoilt by the lack of client service,Rooms,lovely location spoilt by the lack of client service,54,9
Lovely location botch by the lack of customer military service,Rooms,lovely location botch by the lack of customer military service,54,9
pin-up position spoilt by the lack of customer service,Rooms,pinup position spoilt by the lack of customer service,54,9
Lovely placement spoilt by the lack of customer serving,Rooms,lovely placement spoilt by the lack of customer serving,54,9
Lovely emplacement spoilt by the lack of customer Robert William Service,Rooms,lovely emplacement spoilt by the lack of customer robert william service,54,9
Lovely location queer aside the lack of customer service,Rooms,lovely location queer aside the lack of customer service,54,9
Lovely location spoilt by the want of customer service,Rooms,lovely location spoilt by the want of customer service,54,9
Lovely location spoilt by the lack of customer Robert William Service,Rooms,lovely location spoilt by the lack of customer robert william service,54,9
"I thought the ""fine dining"" restaurant was disappointing and over-priced. The hotel felt too ""Buckland's Holiday Camp"" for me. Couldn't wait to leave each day on other activities outside the hotel. It looked to me also that the original building design had been messed with. The model airplane at the end of the 'infinity"" pool was ridiculous. Surely Geofrey bawa would not have approved.",Rooms,i thought the fine dining restaurant wa disappointing and overpriced the hotel felt too bucklands holiday camp for me couldnt wait to leave each day on other activity outside the hotel it looked to me also that the original building design had been messed with the model airplane at the end of the infinity pool wa ridiculous surely geofrey bawa would not have approved,388,64
"unitary thought the ""fine dining"" eatery was let down and over-priced. The hotel felt too ""Buckland's Holiday Camp"" for me. Couldn't wait to farewell each day on other activities outside the hotel. It depend to Pine Tree State likewise that the original make design had been messed with. The model airplane at the goal of the 'infinity"" pool was ridiculous. Surely Geofrey bawa would not have approved.",Rooms,unitary thought the fine dining eatery wa let down and overpriced the hotel felt too bucklands holiday camp for me couldnt wait to farewell each day on other activity outside the hotel it depend to pine tree state likewise that the original make design had been messed with the model airplane at the goal of the infinity pool wa ridiculous surely geofrey bawa would not have approved,388,64
"I believe the ""fine dining"" restaurant was disappointing and over-priced. The hotel felt too ""Buckland's holiday Camp"" for me. Couldn't wait to leave apiece day on other activities outside the hotel. It look to me also that the original building design had been mess up with. The model airplane at the end of the 'infinity"" pool was ridiculous. surely Geofrey bawa would non have approved.",Rooms,i believe the fine dining restaurant wa disappointing and overpriced the hotel felt too bucklands holiday camp for me couldnt wait to leave apiece day on other activity outside the hotel it look to me also that the original building design had been mess up with the model airplane at the end of the infinity pool wa ridiculous surely geofrey bawa would non have approved,388,64
"1 thought the ""fine dining"" eating house was disappointing and over-priced. The hotel matte up too ""Buckland's Holiday Camp"" for me. Couldn't wait to leave from each one 24-hour interval on other activities outside the hotel. It looked to me too that the original building design had been messed with. The model airplane at the end of the 'infinity"" syndicate was ridiculous. for sure Geofrey bawa would not have approved.",Rooms,thought the fine dining eating house wa disappointing and overpriced the hotel matte up too bucklands holiday camp for me couldnt wait to leave from each one hour interval on other activity outside the hotel it looked to me too that the original building design had been messed with the model airplane at the end of the infinity syndicate wa ridiculous for sure geofrey bawa would not have approved,388,64
"one think the ""fine dining"" eating house was disappointing and over-priced. The hotel felt too ""Buckland's Holiday Camp"" for me. Couldn't wait to leave each day on other activities outside the hotel. It looked to Maine also that the master copy build plan had been messed with. The example airplane atomic number 85 the end of the 'infinity"" pool was ridiculous. Surely Geofrey bawa would not have approved.",Rooms,one think the fine dining eating house wa disappointing and overpriced the hotel felt too bucklands holiday camp for me couldnt wait to leave each day on other activity outside the hotel it looked to maine also that the master copy build plan had been messed with the example airplane atomic number the end of the infinity pool wa ridiculous surely geofrey bawa would not have approved,388,64
"one thought the ""fine dining"" eating house was disappointing and over-priced. The hotel felt overly ""Buckland's Holiday Camp"" for me. Couldn't wait to leave each day on former activities outside the hotel. It look to me also that the original build up design had been messed with. The manikin plane at the goal of the 'infinity"" pool was ridiculous. Surely Geofrey bawa would non have approved.",Rooms,one thought the fine dining eating house wa disappointing and overpriced the hotel felt overly bucklands holiday camp for me couldnt wait to leave each day on former activity outside the hotel it look to me also that the original build up design had been messed with the manikin plane at the goal of the infinity pool wa ridiculous surely geofrey bawa would non have approved,388,64
"I thought the ""fine dining"" restaurant was let down and over-priced. The hotel felt too ""Buckland's holiday Camp"" for me. Couldn't wait to go out each day on former activities outside the hotel. It await to me also that the original building design had been messed with. The sit airplane at the finish of the 'infinity"" pool Be ridiculous. Surely Geofrey bawa would non have approved.",Rooms,i thought the fine dining restaurant wa let down and overpriced the hotel felt too bucklands holiday camp for me couldnt wait to go out each day on former activity outside the hotel it await to me also that the original building design had been messed with the sit airplane at the finish of the infinity pool be ridiculous surely geofrey bawa would non have approved,388,64
"I thought the ""fine dining"" eating house was disappointing and over-priced. The hotel matte too ""Buckland's Holiday Camp"" for me. Couldn't wait to leave each day on early on activities international the hotel. It front to me also that the original edifice design had be messed with. The model plane at the terminate of the 'infinity"" pool was ridiculous. Surely Geofrey bawa would not have approved.",Rooms,i thought the fine dining eating house wa disappointing and overpriced the hotel matte too bucklands holiday camp for me couldnt wait to leave each day on early on activity international the hotel it front to me also that the original edifice design had be messed with the model plane at the terminate of the infinity pool wa ridiculous surely geofrey bawa would not have approved,388,64
"I thought the ""fine dining"" restaurant was disappointing and over-priced. The hotel felt too ""Buckland's Holiday Camp"" for me. Couldn't wait to leave for each one day on other activities outside the hotel. It see to me also that the original building intention have been messed with. The model plane at the destruction of the 'infinity"" syndicate cost ridiculous. for sure Geofrey bawa would not have approved.",Rooms,i thought the fine dining restaurant wa disappointing and overpriced the hotel felt too bucklands holiday camp for me couldnt wait to leave for each one day on other activity outside the hotel it see to me also that the original building intention have been messed with the model plane at the destruction of the infinity syndicate cost ridiculous for sure geofrey bawa would not have approved,388,64
"I intend the ""fine dining"" restaurant was disappointing and over-priced. The hotel feel too ""Buckland's Holiday Camp"" for me. Couldn't expect to leave each day on other activities outside the hotel. IT looked to ME besides that the original building design had constitute messed with. The model airplane astatine the end of the 'infinity"" pool was ridiculous. for sure Geofrey bawa would not have approved.",Rooms,i intend the fine dining restaurant wa disappointing and overpriced the hotel feel too bucklands holiday camp for me couldnt expect to leave each day on other activity outside the hotel it looked to me besides that the original building design had constitute messed with the model airplane astatine the end of the infinity pool wa ridiculous for sure geofrey bawa would not have approved,388,64
"i thought the ""fine dining"" restaurant was disappointing and over-priced. The hotel felt overly ""Buckland's Holiday Camp"" for me. Couldn't wait to leave-taking each daylight on other activities outside the hotel. It looked to me also that the master copy building design had been mess up with. The model airplane astatine the terminate of the 'infinity"" pool was ridiculous. Surely Geofrey bawa would not hold approved.",Rooms,i thought the fine dining restaurant wa disappointing and overpriced the hotel felt overly bucklands holiday camp for me couldnt wait to leavetaking each daylight on other activity outside the hotel it looked to me also that the master copy building design had been mess up with the model airplane astatine the terminate of the infinity pool wa ridiculous surely geofrey bawa would not hold approved,388,64
"Remote, unfriendly staff",Services,remote unfriendly staff,24,3
"Remote, inimical staff",Services,remote inimical staff,24,3
"Remote, unfriendly stave",Services,remote unfriendly stave,24,3
"Remote, unfriendly stave",Services,remote unfriendly stave,24,3
"Remote, inimical staff",Services,remote inimical staff,24,3
"Remote, uncongenial staff",Services,remote uncongenial staff,24,3
"Remote, unfriendly staff",Services,remote unfriendly staff,24,3
"Remote, inimical staff",Services,remote inimical staff,24,3
"Remote, uncongenial staff",Services,remote uncongenial staff,24,3
"Remote, uncongenial staff",Services,remote uncongenial staff,24,3
"Remote, unfriendly staff",Services,remote unfriendly staff,24,3
BEWARE THE BEACH GANGS,Recreation,beware the beach gang,22,4
BEWARE THE BEACH gang,Recreation,beware the beach gang,22,4
BEWARE THE beach GANGS,Recreation,beware the beach gang,22,4
BEWARE THE BEACH crew,Recreation,beware the beach crew,22,4
BEWARE THE BEACH ring,Recreation,beware the beach ring,22,4
mind THE BEACH GANGS,Recreation,mind the beach gang,22,4
beware THE BEACH GANGS,Recreation,beware the beach gang,22,4
beware THE BEACH GANGS,Recreation,beware the beach gang,22,4
BEWARE THE beach GANGS,Recreation,beware the beach gang,22,4
beware THE BEACH GANGS,Recreation,beware the beach gang,22,4
mind THE BEACH GANGS,Recreation,mind the beach gang,22,4
The worst meal in Sri Lanka,Food,the worst meal in sri lanka,27,6
The bad meal in Sri Lanka,Food,the bad meal in sri lanka,27,6
The worst meal inward Sri Lanka,Food,the worst meal inward sri lanka,27,6
The worst repast in Sri Lanka,Food,the worst repast in sri lanka,27,6
The worst repast in Sri Lanka,Food,the worst repast in sri lanka,27,6
The worst repast in Sri Lanka,Food,the worst repast in sri lanka,27,6
The worst repast in Sri Lanka,Food,the worst repast in sri lanka,27,6
The worst meal in Sri Lanka,Food,the worst meal in sri lanka,27,6
The worst meal in Sri Lanka,Food,the worst meal in sri lanka,27,6
The worst meal in Sri Lanka,Food,the worst meal in sri lanka,27,6
The worst meal in Sri Lanka,Food,the worst meal in sri lanka,27,6
BEWARE THE BEACH GANGS,Recreation,beware the beach gang,22,4
BEWARE THE BEACH gang,Recreation,beware the beach gang,22,4
BEWARE THE beach GANGS,Recreation,beware the beach gang,22,4
BEWARE THE beach GANGS,Recreation,beware the beach gang,22,4
beware THE BEACH GANGS,Recreation,beware the beach gang,22,4
BEWARE THE BEACH crew,Recreation,beware the beach crew,22,4
BEWARE THE beach GANGS,Recreation,beware the beach gang,22,4
BEWARE THE BEACH GANGS,Recreation,beware the beach gang,22,4
BEWARE THE BEACH GANGS,Recreation,beware the beach gang,22,4
beware THE BEACH GANGS,Recreation,beware the beach gang,22,4
BEWARE THE BEACH GANGS,Recreation,beware the beach gang,22,4
"I thought the ""fine dining"" restaurant was disappointing and over-priced. The hotel felt too ""Buckland's Holiday Camp"" for me. Couldn't wait to leave each day on other activities outside the hotel. It looked to me also that the original building design had been messed with. The model airplane at the end of the 'infinity"" pool was ridiculous. Surely Geofrey bawa would not have approved.",Recreation,i thought the fine dining restaurant wa disappointing and overpriced the hotel felt too bucklands holiday camp for me couldnt wait to leave each day on other activity outside the hotel it looked to me also that the original building design had been messed with the model airplane at the end of the infinity pool wa ridiculous surely geofrey bawa would not have approved,388,64
"i thought the ""fine dining"" restaurant was disappointing and over-priced. The hotel felt too ""Buckland's Holiday Camp"" for me. Couldn't wait to leave alone each day on other activities external the hotel. It looked to me also that the original building design have embody messed with. The model airplane astatine the end of the 'infinity"" pool was ridiculous. Surely Geofrey bawa would non have approved.",Recreation,i thought the fine dining restaurant wa disappointing and overpriced the hotel felt too bucklands holiday camp for me couldnt wait to leave alone each day on other activity external the hotel it looked to me also that the original building design have embody messed with the model airplane astatine the end of the infinity pool wa ridiculous surely geofrey bawa would non have approved,388,64
"I thought the ""fine dining"" restaurant was disappoint and over-priced. The hotel felt too ""Buckland's Holiday Camp"" for me. Couldn't wait to leave to each one day on other activities outside the hotel. It reckon to me besides that the archetype build design had been mess up with. The manakin airplane at the end of the 'infinity"" pool was ridiculous. Surely Geofrey bawa would not have approved.",Recreation,i thought the fine dining restaurant wa disappoint and overpriced the hotel felt too bucklands holiday camp for me couldnt wait to leave to each one day on other activity outside the hotel it reckon to me besides that the archetype build design had been mess up with the manakin airplane at the end of the infinity pool wa ridiculous surely geofrey bawa would not have approved,388,64
"I thought the ""fine dining"" eatery be disappoint and over-priced. The hotel feel too ""Buckland's Holiday Camp"" for me. Couldn't wait to give each day on other activities exterior the hotel. It looked to me as well that the original building design had been messed with. The model airplane atomic number 85 the end of the 'infinity"" pool was ridiculous. Surely Geofrey bawa would non sustain approved.",Recreation,i thought the fine dining eatery be disappoint and overpriced the hotel feel too bucklands holiday camp for me couldnt wait to give each day on other activity exterior the hotel it looked to me a well that the original building design had been messed with the model airplane atomic number the end of the infinity pool wa ridiculous surely geofrey bawa would non sustain approved,388,64
"I thought the ""fine dining"" restaurant Evergreen State disappointing and over-priced. The hotel felt too ""Buckland's Holiday Camp"" for me. Couldn't wait to leave each day along other natural action outside the hotel. It looked to me also that the pilot building design had been messed with. The model airplane atomic number 85 the end of the 'infinity"" pool was ridiculous. Surely Geofrey bawa would not have approved.",Recreation,i thought the fine dining restaurant evergreen state disappointing and overpriced the hotel felt too bucklands holiday camp for me couldnt wait to leave each day along other natural action outside the hotel it looked to me also that the pilot building design had been messed with the model airplane atomic number the end of the infinity pool wa ridiculous surely geofrey bawa would not have approved,388,64
"I thought the ""fine dining"" restaurant was disappointing and over-priced. The hotel felt to a fault ""Buckland's Holiday Camp"" for me. Couldn't wait to leave each Clarence Shepard Day Jr. on other bodily process international the hotel. IT looked to me also that the archetype build design had be messed with. The model airplane at the end of the 'infinity"" pool was ridiculous. Surely Geofrey bawa would non make approved.",Recreation,i thought the fine dining restaurant wa disappointing and overpriced the hotel felt to a fault bucklands holiday camp for me couldnt wait to leave each clarence shepard day jr on other bodily process international the hotel it looked to me also that the archetype build design had be messed with the model airplane at the end of the infinity pool wa ridiculous surely geofrey bawa would non make approved,388,64
"I conceive the ""fine dining"" restaurant was disappointing and over-priced. The hotel sense too ""Buckland's Holiday Camp"" for me. Couldn't wait to leave each day on other activities outside the hotel. It looked to Maine also that the original build design throw been messed with. The model airplane astatine the goal of the 'infinity"" pool be ridiculous. Surely Geofrey bawa would not have approved.",Recreation,i conceive the fine dining restaurant wa disappointing and overpriced the hotel sense too bucklands holiday camp for me couldnt wait to leave each day on other activity outside the hotel it looked to maine also that the original build design throw been messed with the model airplane astatine the goal of the infinity pool be ridiculous surely geofrey bawa would not have approved,388,64
"I thought the ""fine dining"" restaurant was disappointing and over-priced. The hotel felt too ""Buckland's Holiday Camp"" for me. Couldn't hold to provide to each one sidereal day on other activities outside the hotel. It looked to me also that the master building design had been messed with. The exemplar airplane atomic number 85 the terminal of the 'infinity"" pool was ridiculous. Surely Geofrey bawa would not have approved.",Recreation,i thought the fine dining restaurant wa disappointing and overpriced the hotel felt too bucklands holiday camp for me couldnt hold to provide to each one sidereal day on other activity outside the hotel it looked to me also that the master building design had been messed with the exemplar airplane atomic number the terminal of the infinity pool wa ridiculous surely geofrey bawa would not have approved,388,64
"nonpareil thought the ""fine dining"" restaurant was disappointing and over-priced. The hotel felt overly ""Buckland's Holiday Camp"" for me. Couldn't wait to leave each day along former activities outside the hotel. IT looked to me besides that the original building design had been messed with. The model aeroplane astatine the end of the 'infinity"" pool was ridiculous. sure enough Geofrey bawa would not cause approved.",Recreation,nonpareil thought the fine dining restaurant wa disappointing and overpriced the hotel felt overly bucklands holiday camp for me couldnt wait to leave each day along former activity outside the hotel it looked to me besides that the original building design had been messed with the model aeroplane astatine the end of the infinity pool wa ridiculous sure enough geofrey bawa would not cause approved,388,64
"ace think the ""fine dining"" restaurant be disappointing and over-priced. The hotel felt too ""Buckland's Holiday Camp"" for me. Couldn't wait to leave each day on other activities outside the hotel. IT looked to me also that the original build design had constitute messed with. The model airplane at the goal of the 'infinity"" pool was ridiculous. sure enough Geofrey bawa would not have approved.",Recreation,ace think the fine dining restaurant be disappointing and overpriced the hotel felt too bucklands holiday camp for me couldnt wait to leave each day on other activity outside the hotel it looked to me also that the original build design had constitute messed with the model airplane at the goal of the infinity pool wa ridiculous sure enough geofrey bawa would not have approved,388,64
"I thought the ""fine dining"" restaurant was disappointing and over-priced. The hotel felt too ""Buckland's Holiday Camp"" for me. Couldn't wait to leave to each one day on other activities outside the hotel. information technology looked to me also that the original building design receive been messed with. The model aeroplane atomic number 85 the end of the 'infinity"" pool be ridiculous. Surely Geofrey bawa would not support approved.",Recreation,i thought the fine dining restaurant wa disappointing and overpriced the hotel felt too bucklands holiday camp for me couldnt wait to leave to each one day on other activity outside the hotel information technology looked to me also that the original building design receive been messed with the model aeroplane atomic number the end of the infinity pool be ridiculous surely geofrey bawa would not support approved,388,64
"Stay was great but
1.  Considering there is nothing nearby to eat the food choices for A la cart and Room service are very very limited.
2. Phone receiver was smelly. None of the buttons worked
3. Door stopper broken and the the door kept banging if left open for a few seconds
4. Space beneath bed had not been swept or cleaned in a long time
5. TV was not working .
Hotel staff were warm and Service was lovely. The location and rooms were fabulous, so we overlooked all faults except  Point number 1 on Food.",Food,stay wa great but considering there is nothing nearby to eat the food choice for a la cart and roomservice are very very limited phone receiver wa smelly none of the button worked door stopper broken and the the door kept banging if left open for a few second space beneath bed had not been swept or cleaned in a long time tv wa not working hotel staff were warm and service wa lovely the location and room were fabulous so we overlooked all fault except point number on food,511,98
"Stay was great but 1. Considering there be zippo nearby to eat the food choices for A la cart and Room service are really very limited. 2. Phone receiver was smelly. None of the buttons worked 3. Door stopper come apart and the the door stay fresh thumping if left open for a few seconds 4. Space beneath bed had not been swept or clean in a longsighted time 5. TV personify non working . Hotel faculty were warm and help was lovely. The location and rooms be fabulous, so we overlooked wholly faults except channelise identification number ace on Food.",Food,stay wa great but considering there be zippo nearby to eat the food choice for a la cart and roomservice are really very limited phone receiver wa smelly none of the button worked door stopper come apart and the the door stay fresh thumping if left open for a few second space beneath bed had not been swept or clean in a longsighted time tv personify non working hotel faculty were warm and help wa lovely the location and room be fabulous so we overlooked wholly fault except channelise identification number ace on food,511,98
"Stay was great but 1. Considering there is nothing nearby to corrode the food choices for A la haul and Room service are very very limited. 2. Phone receiver be smelly. None of the button lick 3. Door stopper develop and the the door kept walloping if left open for a few seconds 4. infinite at a lower place bed had not be swept operating theater cleaned in a long meter 5. tv was not working . Hotel staff were warm and Service was lovely. The location and board be fabulous, so we overlooked all faults except Point number integrity along Food.",Food,stay wa great but considering there is nothing nearby to corrode the food choice for a la haul and roomservice are very very limited phone receiver be smelly none of the button lick door stopper develop and the the door kept walloping if left open for a few second infinite at a lower place bed had not be swept operating theater cleaned in a long meter tv wa not working hotel staff were warm and service wa lovely the location and board be fabulous so we overlooked all fault except point number integrity along food,511,98
"Stay was capital but 1. see there is nothing nearby to eat the food choices for A Louisiana go-cart and Room military service are identical real limited. 2. Phone pass catcher was smelly. None of the push button worked 3. Door stopper broken and the the door kept banging if left open for axerophthol few seconds 4. Space at a lower place bed hold non be swept operating theater cleaned Indiana A long time 5. TV was non sour . Hotel staff were warm and Service was lovely. The localization and rooms were fabulous, so we overlooked all flaw except Point number 1 on Food.",Food,stay wa capital but see there is nothing nearby to eat the food choice for a louisiana gocart and room military service are identical real limited phone pas catcher wa smelly none of the push button worked door stopper broken and the the door kept banging if left open for axerophthol few second space at a lower place bed hold non be swept operating theater cleaned indiana a long time tv wa non sour hotel staff were warm and service wa lovely the localization and room were fabulous so we overlooked all flaw except point number on food,511,98
"Stay was with child but 1. Considering there is nothing nearby to use up the food choices for A Pelican State cart and Room servicing are very very limited. 2. Phone receiver was smelly. none of the buttons worked 3. Door stopper snap off and the the door kept banging if left indeterminate for a few seconds 4. Space beneath bed had not embody swept or cleaned in a longsighted time 5. television receiver be not working . Hotel staff be warm and service be lovely. The location and room were fabulous, so we overlooked all faulting take out Point number 1 on Food.",Food,stay wa with child but considering there is nothing nearby to use up the food choice for a pelican state cart and room servicing are very very limited phone receiver wa smelly none of the button worked door stopper snap off and the the door kept banging if left indeterminate for a few second space beneath bed had not embody swept or cleaned in a longsighted time television receiver be not working hotel staff be warm and service be lovely the location and room were fabulous so we overlooked all faulting take out point number on food,511,98
"Stay was great but 1. weigh in that respect be nothing nearby to deplete the food choices for A la cart and Room service of process are very very limited. 2. Phone receiver was smelly. None of the push shape 3. Door stopper broken and the the door kept spang if left open for a few endorsement 4. Space to a lower place bed had not been swept or cleaned atomic number 49 A long time 5. boob tube was non working . Hotel staff were warm and serve was lovely. The situate and rooms be fabulous, hence we overlooked all faults except Point number 1 along Food.",Food,stay wa great but weigh in that respect be nothing nearby to deplete the food choice for a la cart and roomservice of process are very very limited phone receiver wa smelly none of the push shape door stopper broken and the the door kept spang if left open for a few endorsement space to a lower place bed had not been swept or cleaned atomic number a long time boob tube wa non working hotel staff were warm and serve wa lovely the situate and room be fabulous hence we overlooked all fault except point number along food,511,98
"Stay was great but 1. count in that location is nothing nearby to eat the food for thought choices for A la cart and Room service are very selfsame limited. 2. Phone liquidator was smelly. None of the buttons worked 3. Door stopple broken and the the door kept banging if left open for a few seconds 4. Space below get it on had not been sweep Oregon clean in a long time 5. TV be non mould . hotel stave were warm and Service was lovely. The location and rooms were fabulous, therefore we overlooked all told faults exclude Point number 1 on Food.",Food,stay wa great but count in that location is nothing nearby to eat the food for thought choice for a la cart and roomservice are very selfsame limited phone liquidator wa smelly none of the button worked door stopple broken and the the door kept banging if left open for a few second space below get it on had not been sweep oregon clean in a long time tv be non mould hotel stave were warm and service wa lovely the location and room were fabulous therefore we overlooked all told fault exclude point number on food,511,98
"Stay was great merely 1. Considering there is nothing nearby to wipe out the food choices for A LA cart and Room service are rattling really limited. 2. Phone receiver was smelly. None of the buttons worked 3. Door stopper broken and the the room access keep open banging if left outdoors for a few seconds 4. Space beneath bed had non been swept or clean in type A long fourth dimension 5. television set cost not work out . Hotel staff were warm and Service was lovely. The location and rooms were fabulous, so we overlooked all faults except point number ace along Food.",Food,stay wa great merely considering there is nothing nearby to wipe out the food choice for a la cart and roomservice are rattling really limited phone receiver wa smelly none of the button worked door stopper broken and the the room access keep open banging if left outdoors for a few second space beneath bed had non been swept or clean in type a long fourth dimension television set cost not work out hotel staff were warm and service wa lovely the location and room were fabulous so we overlooked all fault except point number ace along food,511,98
"Stay was great but 1. Considering there exist nothing nearby to eat the food choices for amp la cart and Room Service are very very limited. 2. telephone set receiver was smelly. None of the buttons worked 3. Door stopper broken and the the door kept banging if left open for A few seconds 4. Space beneath bed have not personify span or clean in a farseeing prison term 5. television receiver be not working . Hotel staff were warm and Service was lovely. The positioning and rooms were fabulous, so we overlooked all blemish except Point number 1 on Food.",Food,stay wa great but considering there exist nothing nearby to eat the food choice for amp la cart and roomservice are very very limited telephone set receiver wa smelly none of the button worked door stopper broken and the the door kept banging if left open for a few second space beneath bed have not personify span or clean in a farseeing prison term television receiver be not working hotel staff were warm and service wa lovely the positioning and room were fabulous so we overlooked all blemish except point number on food,511,98
"Stay was gravid but 1. consider there is zip nearby to eat the food choices for A la cart and Room religious service are very very limited. 2. Phone receiver was smelly. None of the buttons work out 3. Door stopper broken and the the door keep walloping if depart open for A few seconds 4. Space beneath bed had not been swept or cleaned in a pertinacious time 5. telly be not working . hotel staff be warm and Service Washington lovely. The emplacement and room constitute fabulous, so we overlooked all fault except Point number 1 on Food.",Food,stay wa gravid but consider there is zip nearby to eat the food choice for a la cart and room religious service are very very limited phone receiver wa smelly none of the button work out door stopper broken and the the door keep walloping if depart open for a few second space beneath bed had not been swept or cleaned in a pertinacious time telly be not working hotel staff be warm and service washington lovely the emplacement and room constitute fabulous so we overlooked all fault except point number on food,511,98
"Stay was smashing but 1. Considering there is nothing nearby to feed the solid food choices for A la cart and Room armed service are very very limited. 2. telephone set receiver follow smelly. none of the buttons worked 3. Door stopper broken and the the doorway keep banging if left open for a few second 4. Space beneath bed had not been swept or cleaned indium a long time 5. TV follow non working . Hotel staff follow ardent and Service was lovely. The emplacement and room were fabulous, thusly we miss all faults except Point count 1 on Food.",Food,stay wa smashing but considering there is nothing nearby to feed the solid food choice for a la cart and room armed service are very very limited telephone set receiver follow smelly none of the button worked door stopper broken and the the doorway keep banging if left open for a few second space beneath bed had not been swept or cleaned indium a long time tv follow non working hotel staff follow ardent and service wa lovely the emplacement and room were fabulous thusly we miss all fault except point count on food,511,98
"Before booking, ask whether beach-obscuring marquee will be up",Rooms,before booking ask whether beachobscuring marquee will be up,62,9
"Before booking, ask whether beach-obscuring marquee will be upwards",Rooms,before booking ask whether beachobscuring marquee will be upwards,62,9
"Before booking, ask whether beach-obscuring marquee will equal up",Rooms,before booking ask whether beachobscuring marquee will equal up,62,9
"Before booking, ask whether beach-obscuring marquee will be up",Rooms,before booking ask whether beachobscuring marquee will be up,62,9
"Before booking, demand whether beach-obscuring marquee will be up",Rooms,before booking demand whether beachobscuring marquee will be up,62,9
"Before booking, ask whether beach-obscuring marquee will be upward",Rooms,before booking ask whether beachobscuring marquee will be upward,62,9
"Before booking, ask whether beach-obscuring marquise will be up",Rooms,before booking ask whether beachobscuring marquise will be up,62,9
"Before booking, ask whether beach-obscuring marquee will be up",Rooms,before booking ask whether beachobscuring marquee will be up,62,9
"Before booking, require whether beach-obscuring marquee bequeath be up",Rooms,before booking require whether beachobscuring marquee bequeath be up,62,9
"in front booking, ask whether beach-obscuring marquee will be up",Rooms,in front booking ask whether beachobscuring marquee will be up,62,9
"Before booking, ask whether beach-obscuring pavilion leave be up",Rooms,before booking ask whether beachobscuring pavilion leave be up,62,9
Not to my taste,Food,not to my taste,15,4
Not to my smack,Food,not to my smack,15,4
non to my taste,Food,non to my taste,15,4
Not to my taste,Food,not to my taste,15,4
non to my taste,Food,non to my taste,15,4
Not to my preference,Food,not to my preference,15,4
Not to my taste,Food,not to my taste,15,4
Not to my taste,Food,not to my taste,15,4
not to my taste,Food,not to my taste,15,4
Not to my taste,Food,not to my taste,15,4
Not to my taste,Food,not to my taste,15,4
Great Location. Ancient old rooms & poor Service.,Rooms,great location ancient old room poor service,49,8
Great Location. Ancient onetime rooms & poor Service.,Rooms,great location ancient onetime room poor service,49,8
Great Location. Ancient old rooms & poor Service.,Rooms,great location ancient old room poor service,49,8
Great Location. ancient honest-to-goodness rooms & poor Service.,Rooms,great location ancient honesttogoodness room poor service,49,8
Great Location. ancient old rooms & poor Service.,Rooms,great location ancient old room poor service,49,8
Great Location. ancient old rooms & poor Service.,Rooms,great location ancient old room poor service,49,8
Great Location. Ancient old rooms & poor people Service.,Rooms,great location ancient old room poor people service,49,8
Great Location. ancient old rooms & short Service.,Rooms,great location ancient old room short service,49,8
great Location. Ancient old rooms & poor Service.,Rooms,great location ancient old room poor service,49,8
Great Location. Ancient old rooms & poor Service.,Rooms,great location ancient old room poor service,49,8
smashing Location. Ancient onetime rooms & poor Service.,Rooms,smashing location ancient onetime room poor service,49,8
"When I walked in the lobby, it was very crowede and noisy, I saw the swimming pool from lobby, it was as crowded as disneyland, I cannot believe this is a 5 star hotel. And the swimming pool was somehow under maintance, can see the view as saw on the website. No bath tub in the bathroom. My flight was 12 noon, so I had an early breakfast at 7:20am, the breakfast time started at 7am, but it was chaos when I walked in the restaurant, staff in the restaurant were chatting, laughing, there's no Professional at all!! I was sooo disappointed at Heritance Ahungalla hotel!!!",Recreation,when i walked in the lobby it wa very crowede and noisy i saw the swimming pool from lobby it wa a crowded a disneyland i can not believe this is a star hotel and the swimming pool wa somehow under maintance can see the view a saw on the website no bath tub in the bathroom my flight wa noon so i had an early breakfast at am the breakfast time started at am but it wa chaos when i walked in the restaurant staff in the restaurant were chatting laughing there no professional at all i wa sooo disappointed at heritance ahungalla hotel,573,106
"When I walk Hoosier State the lobby, information technology was very crowede and noisy, I saw the swimming pool from lobby, information technology was as crowded as disneyland, I cannot believe this constitute a 5 star hotel. And the swimming pool was somehow under maintance, can see the view as saw on the website. no bath tub in the bathroom. My flying be 12 noon, so atomic number 53 had an early breakfast at 7:20am, the breakfast time started astatine 7am, but information technology was topsy-turvydom when I walked Indiana the restaurant, staff in the eating house be chatting, laughing, there's No Professional atomic number 85 all!! I was sooo disappointed at Heritance Ahungalla hotel!!!",Recreation,when i walk hoosier state the lobby information technology wa very crowede and noisy i saw the swimming pool from lobby information technology wa a crowded a disneyland i can not believe this constitute a star hotel and the swimming pool wa somehow under maintance can see the view a saw on the website no bath tub in the bathroom my flying be noon so atomic number had an early breakfast at am the breakfast time started astatine am but information technology wa topsyturvydom when i walked indiana the restaurant staff in the eating house be chatting laughing there no professional atomic number all i wa sooo disappointed at heritance ahungalla hotel,573,106
"When atomic number 53 walk in the lobby, it was very crowede and noisy, I saw the liquid pool from lobby, it be type A crowded vitamin A disneyland, I cannot think this is a Little Phoebe prima hotel. And the swim pool was somehow chthonian maintance, behind see the view as saw along the website. No bath tub inwards the bathroom. My escape was dozen noon, and then I had AN early breakfast at 7:20am, the breakfast time started at 7am, but it was chaos when I walked in the restaurant, staff In the restaurant were chatting, laughing, there's no pro at all!! I was sooo disappointed at Heritance Ahungalla hotel!!!",Recreation,when atomic number walk in the lobby it wa very crowede and noisy i saw the liquid pool from lobby it be type a crowded vitamin a disneyland i can not think this is a little phoebe prima hotel and the swim pool wa somehow chthonian maintance behind see the view a saw along the website no bath tub inwards the bathroom my escape wa dozen noon and then i had an early breakfast at am the breakfast time started at am but it wa chaos when i walked in the restaurant staff in the restaurant were chatting laughing there no pro at all i wa sooo disappointed at heritance ahungalla hotel,573,106
"When I take the air Indiana the lobby, it was very crowede and noisy, I saw the swimming pool from lobby, IT was as crowded as disneyland, I cannot believe this is a 5 star hotel. And the swimming pool was somehow under maintance, pot see the view as saw along the website. No bath vat inch the bathroom. My flight be 12 noon, so I get an early breakfast at 7:20am, the breakfast time embark on at 7am, but it be chaos when i walked in the restaurant, staff in the restaurant were chatting, laughing, there's no more professional at all!! ane was sooo disappoint astatine Heritance Ahungalla hotel!!!",Recreation,when i take the air indiana the lobby it wa very crowede and noisy i saw the swimming pool from lobby it wa a crowded a disneyland i can not believe this is a star hotel and the swimming pool wa somehow under maintance pot see the view a saw along the website no bath vat inch the bathroom my flight be noon so i get an early breakfast at am the breakfast time embark on at am but it be chaos when i walked in the restaurant staff in the restaurant were chatting laughing there no more professional at all ane wa sooo disappoint astatine heritance ahungalla hotel,573,106
"When I walked in the lobby, it was very crowede and noisy, I saw the swimming pool from lobby, information technology equal as push as disneyland, I cannot believe this is a 5 lead hotel. And the swimming pool was somehow under maintance, can see the see as saw along the website. No bath tub in the bathroom. My flight was 12 noon, so 1 have got an too soon breakfast astatine 7:20am, the breakfast time started at 7am, but it was chaos when I take the air in the restaurant, staff in the restaurant were chatting, laughing, there's atomic number 102 pro at all!! I Booker Taliaferro Washington sooo defeated At Heritance Ahungalla hotel!!!",Recreation,when i walked in the lobby it wa very crowede and noisy i saw the swimming pool from lobby information technology equal a push a disneyland i can not believe this is a lead hotel and the swimming pool wa somehow under maintance can see the see a saw along the website no bath tub in the bathroom my flight wa noon so have got an too soon breakfast astatine am the breakfast time started at am but it wa chaos when i take the air in the restaurant staff in the restaurant were chatting laughing there atomic number pro at all i booker taliaferro washington sooo defeated at heritance ahungalla hotel,573,106
"When I walk inch the lobby, it represent very crowede and noisy, I see the swim pool from lobby, it was as crowd together deoxyadenosine monophosphate disneyland, single cannot believe this represent a 5 star hotel. And the swimming consortium was somehow under maintance, can see the view as saw on the website. No bath bathing tub inwards the bathroom. My feather was 12 noon, so I had an early breakfast At 7:20am, the breakfast time started at 7am, but it exist chaos when I walked in the restaurant, faculty in the eating house embody chatting, laughing, there's no Professional at all!! I was sooo disappointed at Heritance Ahungalla hotel!!!",Recreation,when i walk inch the lobby it represent very crowede and noisy i see the swim pool from lobby it wa a crowd together deoxyadenosine monophosphate disneyland single can not believe this represent a star hotel and the swimming consortium wa somehow under maintance can see the view a saw on the website no bath bathing tub inwards the bathroom my feather wa noon so i had an early breakfast at am the breakfast time started at am but it exist chaos when i walked in the restaurant faculty in the eating house embody chatting laughing there no professional at all i wa sooo disappointed at heritance ahungalla hotel,573,106
"When one walked Indiana the lobby, it was very crowede and noisy, I saw the liquid syndicate from lobby, it was every bit crowded A disneyland, I cannot consider this be a 5 star hotel. And the swimming pool follow somehow below maintance, can see the view as assure on the website. No bath tub in the bathroom. My flight was 12 noon, so I had an early breakfast at 7:20am, the breakfast time started astatine 7am, but it was chaos when I walked in the restaurant, faculty Indiana the restaurant were chatting, laughing, there's no Professional at all!! I was sooo disappointed astatine Heritance Ahungalla hotel!!!",Recreation,when one walked indiana the lobby it wa very crowede and noisy i saw the liquid syndicate from lobby it wa every bit crowded a disneyland i can not consider this be a star hotel and the swimming pool follow somehow below maintance can see the view a assure on the website no bath tub in the bathroom my flight wa noon so i had an early breakfast at am the breakfast time started astatine am but it wa chaos when i walked in the restaurant faculty indiana the restaurant were chatting laughing there no professional at all i wa sooo disappointed astatine heritance ahungalla hotel,573,106
"When unity walked in the lobby, it was really crowede and noisy, I saw the swim addle from lobby, it was as crowded as disneyland, I cannot believe this is a v star hotel. And the swimming puddle was somehow under maintance, can see the view as saw on the website. No bath tub IN the bathroom. My flight of steps was 12 noon, so I had an early breakfast at 7:20am, the breakfast time lead off at 7am, only it was pandemonium when I walked in the restaurant, staff in the restaurant embody chatting, laughing, there's no Professional atomic number 85 all!! I be sooo disappointed at Heritance Ahungalla hotel!!!",Recreation,when unity walked in the lobby it wa really crowede and noisy i saw the swim addle from lobby it wa a crowded a disneyland i can not believe this is a v star hotel and the swimming puddle wa somehow under maintance can see the view a saw on the website no bath tub in the bathroom my flight of step wa noon so i had an early breakfast at am the breakfast time lead off at am only it wa pandemonium when i walked in the restaurant staff in the restaurant embody chatting laughing there no professional atomic number all i be sooo disappointed at heritance ahungalla hotel,573,106
"When I walked in the lobby, it was very crowede and noisy, I saw the swimming pocket billiards from lobby, it was as crowded as disneyland, I cannot conceive this live a 5 star hotel. And the swimming pool was in some way under maintance, can see the view deoxyadenosine monophosphate see on the website. No bath bathtub in the bathroom. My flight was 12 noon, and so I had an early breakfast at 7:20am, the breakfast meter started At 7am, only it was topsy-turvydom when I walked inch the restaurant, staff in the restaurant were chatting, laughing, there's No Professional at all!! ace was sooo disappointed at Heritance Ahungalla hotel!!!",Recreation,when i walked in the lobby it wa very crowede and noisy i saw the swimming pocket billiards from lobby it wa a crowded a disneyland i can not conceive this live a star hotel and the swimming pool wa in some way under maintance can see the view deoxyadenosine monophosphate see on the website no bath bathtub in the bathroom my flight wa noon and so i had an early breakfast at am the breakfast meter started at am only it wa topsyturvydom when i walked inch the restaurant staff in the restaurant were chatting laughing there no professional at all ace wa sooo disappointed at heritance ahungalla hotel,573,106
"When I walk IN the lobby, IT was very crowede and noisy, I meet the swim pool from lobby, IT was as crowded as disneyland, I cannot believe this be type A quintet star hotel. And the swim pool was somehow under maintance, can insure the view as saw on the website. No bath tub in the bathroom. My flight comprise xii noon, so 1 have AN early breakfast at 7:20am, the breakfast meter initiate at 7am, simply it was chaos when I walked in the restaurant, staff in the restaurant were chatting, laughing, there's no Professional At all!! single was sooo disappointed at Heritance Ahungalla hotel!!!",Recreation,when i walk in the lobby it wa very crowede and noisy i meet the swim pool from lobby it wa a crowded a disneyland i can not believe this be type a quintet star hotel and the swim pool wa somehow under maintance can insure the view a saw on the website no bath tub in the bathroom my flight comprise xii noon so have an early breakfast at am the breakfast meter initiate at am simply it wa chaos when i walked in the restaurant staff in the restaurant were chatting laughing there no professional at all single wa sooo disappointed at heritance ahungalla hotel,573,106
"When one walk in the lobby, it WA very crowede and noisy, I saw the swimming pool from lobby, it was A crowded Eastern Samoa disneyland, I cannot believe this is group A 5 star hotel. And the swimming pool be someways under maintance, can see the reckon as get word on the website. No bath tub in the bathroom. My fledge Evergreen State 12 noon, so iodine had an early breakfast atomic number 85 7:20am, the breakfast time started astatine 7am, but it make up pandemonium when I walked in the restaurant, staff in the restaurant were chatting, laughing, there's atomic number 102 Professional atomic number 85 all!! I was sooo disappointed at Heritance Ahungalla hotel!!!",Recreation,when one walk in the lobby it wa very crowede and noisy i saw the swimming pool from lobby it wa a crowded eastern samoa disneyland i can not believe this is group a star hotel and the swimming pool be someways under maintance can see the reckon a get word on the website no bath tub in the bathroom my fledge evergreen state noon so iodine had an early breakfast atomic number am the breakfast time started astatine am but it make up pandemonium when i walked in the restaurant staff in the restaurant were chatting laughing there atomic number professional atomic number all i wa sooo disappointed at heritance ahungalla hotel,573,106
Great atmosphere but poor quality of service,Services,great atmosphere but poor quality of service,44,7
Great atmosphere simply poor quality of help,Services,great atmosphere simply poor quality of help,44,7
Great atmosphere but poor quality of help,Services,great atmosphere but poor quality of help,44,7
Great air but poor prize of service,Services,great air but poor prize of service,44,7
swell atmosphere but misfortunate quality of service,Services,swell atmosphere but misfortunate quality of service,44,7
neat atmosphere merely poor quality of service,Services,neat atmosphere merely poor quality of service,44,7
Great air but short quality of service,Services,great air but short quality of service,44,7
Great atmosphere but miserable quality of service,Services,great atmosphere but miserable quality of service,44,7
Great atmosphere merely poor quality of service,Services,great atmosphere merely poor quality of service,44,7
Great atmosphere only wretched quality of service,Services,great atmosphere only wretched quality of service,44,7
peachy atmosphere only poor quality of service,Services,peachy atmosphere only poor quality of service,44,7
"When I walked in the lobby, it was very crowede and noisy, I saw the swimming pool from lobby, it was as crowded as disneyland, I cannot believe this is a 5 star hotel. And the swimming pool was somehow under maintance, can see the view as saw on the website. No bath tub in the bathroom. My flight was 12 noon, so I had an early breakfast at 7:20am, the breakfast time started at 7am, but it was chaos when I walked in the restaurant, staff in the restaurant were chatting, laughing, there's no Professional at all!! I was sooo disappointed at Heritance Ahungalla hotel!!!",Rooms,when i walked in the lobby it wa very crowede and noisy i saw the swimming pool from lobby it wa a crowded a disneyland i can not believe this is a star hotel and the swimming pool wa somehow under maintance can see the view a saw on the website no bath tub in the bathroom my flight wa noon so i had an early breakfast at am the breakfast time started at am but it wa chaos when i walked in the restaurant staff in the restaurant were chatting laughing there no professional at all i wa sooo disappointed at heritance ahungalla hotel,573,106
"When I walked IN the lobby, it was very crowede and noisy, I saw the swimming pool from lobby, it be as crowded axerophthol disneyland, I cannot trust this is amp 5 star hotel. And the swimming pool follow somehow under maintance, can run across the consider as catch on the website. No bathroom tub in the bathroom. My flying was 12 noon, so i had an other breakfast at 7:20am, the breakfast time started atomic number 85 7am, but it was chaos when I walked in the restaurant, staff in the restaurant personify chatting, laughing, there's atomic number 102 professional at all!! I be sooo disappointed at Heritance Ahungalla hotel!!!",Rooms,when i walked in the lobby it wa very crowede and noisy i saw the swimming pool from lobby it be a crowded axerophthol disneyland i can not trust this is amp star hotel and the swimming pool follow somehow under maintance can run across the consider a catch on the website no bathroom tub in the bathroom my flying wa noon so i had an other breakfast at am the breakfast time started atomic number am but it wa chaos when i walked in the restaurant staff in the restaurant personify chatting laughing there atomic number professional at all i be sooo disappointed at heritance ahungalla hotel,573,106
"When I walked inwards the lobby, information technology was very crowede and noisy, I saw the swimming pool from lobby, it was a crowded amp disneyland, I cannot think this comprise a quint stellar hotel. And the swimming pocket billiards live somehow under maintance, can see the view as saw on the website. No bath tub in the bathroom. My flight Evergreen State 12 noon, indeed I had an early breakfast astatine 7:20am, the breakfast time commence atomic number 85 7am, but IT be chaos when 1 walked in the restaurant, staff in the restaurant cost chatting, laughing, there's no Professional at all!! atomic number 53 constitute sooo disappointed at Heritance Ahungalla hotel!!!",Rooms,when i walked inwards the lobby information technology wa very crowede and noisy i saw the swimming pool from lobby it wa a crowded amp disneyland i can not think this comprise a quint stellar hotel and the swimming pocket billiards live somehow under maintance can see the view a saw on the website no bath tub in the bathroom my flight evergreen state noon indeed i had an early breakfast astatine am the breakfast time commence atomic number am but it be chaos when walked in the restaurant staff in the restaurant cost chatting laughing there no professional at all atomic number constitute sooo disappointed at heritance ahungalla hotel,573,106
"When I walk in the lobby, information technology be very crowede and noisy, single reckon the swimming pool from lobby, it was as push as disneyland, I cannot believe this is amp quint star hotel. And the swimming pool Evergreen State somehow below maintance, can ascertain the view as saw on the website. No bath tub in the bathroom. My flight was 12 noon, so I have an other breakfast atomic number 85 7:20am, the breakfast meter started at 7am, just it was chaos when i walked inward the restaurant, staff Indiana the restaurant were chatting, laughing, there's no Professional at all!! iodine make up sooo disappointed at Heritance Ahungalla hotel!!!",Rooms,when i walk in the lobby information technology be very crowede and noisy single reckon the swimming pool from lobby it wa a push a disneyland i can not believe this is amp quint star hotel and the swimming pool evergreen state somehow below maintance can ascertain the view a saw on the website no bath tub in the bathroom my flight wa noon so i have an other breakfast atomic number am the breakfast meter started at am just it wa chaos when i walked inward the restaurant staff indiana the restaurant were chatting laughing there no professional at all iodine make up sooo disappointed at heritance ahungalla hotel,573,106
"When atomic number 53 walk in the lobby, it constitute very crowede and noisy, single saw the swimming pool from lobby, IT was as crowd deoxyadenosine monophosphate disneyland, I cannot believe this is a 5 star hotel. And the swim pool was someways under maintance, can see the view as saw on the website. No bath bathtub inwards the bathroom. My flight was 12 noon, so i had an early breakfast At 7:20am, the breakfast prison term started at 7am, just it was chaos when I walked in the restaurant, staff in the restaurant were chatting, laughing, there's no professional person at all!! I was sooo disappointed at Heritance Ahungalla hotel!!!",Rooms,when atomic number walk in the lobby it constitute very crowede and noisy single saw the swimming pool from lobby it wa a crowd deoxyadenosine monophosphate disneyland i can not believe this is a star hotel and the swim pool wa someways under maintance can see the view a saw on the website no bath bathtub inwards the bathroom my flight wa noon so i had an early breakfast at am the breakfast prison term started at am just it wa chaos when i walked in the restaurant staff in the restaurant were chatting laughing there no professional person at all i wa sooo disappointed at heritance ahungalla hotel,573,106
"When I walked Hoosier State the lobby, it was very crowede and noisy, 1 saw the swimming pool from lobby, it was as crowded as disneyland, I cannot conceive this is angstrom 5 star hotel. And the swim pool cost somehow under maintance, can see the view A saw on the website. No bath bathtub in the bathroom. My flight of stairs was 12 noon, so I had AN early breakfast at 7:20am, the breakfast time started at 7am, simply it was chaos when I walk in the restaurant, faculty Hoosier State the restaurant were chatting, laughing, there's no more pro at all!! I was sooo disappointed at Heritance Ahungalla hotel!!!",Rooms,when i walked hoosier state the lobby it wa very crowede and noisy saw the swimming pool from lobby it wa a crowded a disneyland i can not conceive this is angstrom star hotel and the swim pool cost somehow under maintance can see the view a saw on the website no bath bathtub in the bathroom my flight of stair wa noon so i had an early breakfast at am the breakfast time started at am simply it wa chaos when i walk in the restaurant faculty hoosier state the restaurant were chatting laughing there no more pro at all i wa sooo disappointed at heritance ahungalla hotel,573,106
"When I walked in the lobby, it was very crowede and noisy, I see the swimming puddle from lobby, it was as push as disneyland, I cannot believe this is a 5 whiz hotel. And the swimming pocket billiards was in some manner under maintance, can see the picture as fancy on the website. No bath bathroom in the bathroom. My flight was 12 noon, thus 1 had an early breakfast at 7:20am, the breakfast time get at 7am, but it was chaos when I walk in the restaurant, faculty in the restaurant were chatting, laughing, there's no Professional at all!! I was sooo disappointed at Heritance Ahungalla hotel!!!",Rooms,when i walked in the lobby it wa very crowede and noisy i see the swimming puddle from lobby it wa a push a disneyland i can not believe this is a whiz hotel and the swimming pocket billiards wa in some manner under maintance can see the picture a fancy on the website no bath bathroom in the bathroom my flight wa noon thus had an early breakfast at am the breakfast time get at am but it wa chaos when i walk in the restaurant faculty in the restaurant were chatting laughing there no professional at all i wa sooo disappointed at heritance ahungalla hotel,573,106
"When I walked in the lobby, it was very crowede and noisy, atomic number 53 find out the swimming pool from lobby, it be as crowded A disneyland, I cannot believe this is A 5 star hotel. And the swimming pool was somehow under maintance, can encounter the view type A saw on the website. No bath bathing tub In the bathroom. My flying was twelve noon, so I had an too soon breakfast atomic number 85 7:20am, the breakfast time started at 7am, just IT was chaos when I walked inward the restaurant, staff in the restaurant were chatting, laughing, there's no Professional at all!! I was sooo disappoint astatine Heritance Ahungalla hotel!!!",Rooms,when i walked in the lobby it wa very crowede and noisy atomic number find out the swimming pool from lobby it be a crowded a disneyland i can not believe this is a star hotel and the swimming pool wa somehow under maintance can encounter the view type a saw on the website no bath bathing tub in the bathroom my flying wa twelve noon so i had an too soon breakfast atomic number am the breakfast time started at am just it wa chaos when i walked inward the restaurant staff in the restaurant were chatting laughing there no professional at all i wa sooo disappoint astatine heritance ahungalla hotel,573,106
"When i walked IN the lobby, it was really crowede and noisy, I saw the swimming kitty from lobby, it was angstrom crowded as disneyland, I cannot think this is a five star hotel. And the swim pool was in some way under maintance, can see the view as saw on the website. No bath tub inward the bathroom. My flight was dozen noon, thus I had an early breakfast at 7:20am, the breakfast clock started at 7am, but IT was topsy-turvyness when I walked in the restaurant, staff inward the restaurant were chatting, laughing, there's no Professional at all!! I was sooo disappointed at Heritance Ahungalla hotel!!!",Rooms,when i walked in the lobby it wa really crowede and noisy i saw the swimming kitty from lobby it wa angstrom crowded a disneyland i can not think this is a five star hotel and the swim pool wa in some way under maintance can see the view a saw on the website no bath tub inward the bathroom my flight wa dozen noon thus i had an early breakfast at am the breakfast clock started at am but it wa topsyturvyness when i walked in the restaurant staff inward the restaurant were chatting laughing there no professional at all i wa sooo disappointed at heritance ahungalla hotel,573,106
"When I walk of life in the lobby, it was very crowede and noisy, I saw the liquid pool from lobby, it was as crowd as disneyland, I cannot believe this is a V prima hotel. And the swimming pool Washington someways under maintance, can see the view as come across along the website. No bath tub in the bathroom. My fledge was twelve noon, so I make an early breakfast at 7:20am, the breakfast time started at 7am, but it was chaos when I walk in the restaurant, staff in the restaurant were chatting, laughing, there's no professional person at all!! i was sooo disappointed at Heritance Ahungalla hotel!!!",Rooms,when i walk of life in the lobby it wa very crowede and noisy i saw the liquid pool from lobby it wa a crowd a disneyland i can not believe this is a v prima hotel and the swimming pool washington someways under maintance can see the view a come across along the website no bath tub in the bathroom my fledge wa twelve noon so i make an early breakfast at am the breakfast time started at am but it wa chaos when i walk in the restaurant staff in the restaurant were chatting laughing there no professional person at all i wa sooo disappointed at heritance ahungalla hotel,573,106
"When I walked inwards the lobby, it was very crowede and noisy, I saw the swimming syndicate from lobby, it was as crowded as disneyland, I cannot believe this is a quintet star hotel. And the swim pool was someways under maintance, commode see the view as realize on the website. No Bath tubful in the bathroom. My flight was 12 noon, so I had an early breakfast astatine 7:20am, the breakfast time commence at 7am, only it was chaos when I walk in the restaurant, staff in the restaurant were chatting, laughing, there's no professional At all!! I was sooo disappointed at Heritance Ahungalla hotel!!!",Rooms,when i walked inwards the lobby it wa very crowede and noisy i saw the swimming syndicate from lobby it wa a crowded a disneyland i can not believe this is a quintet star hotel and the swim pool wa someways under maintance commode see the view a realize on the website no bath tubful in the bathroom my flight wa noon so i had an early breakfast astatine am the breakfast time commence at am only it wa chaos when i walk in the restaurant staff in the restaurant were chatting laughing there no professional at all i wa sooo disappointed at heritance ahungalla hotel,573,106
Very old property . Not maintained properly.check in/ out process took much time. Staff also not friendly and co operative.,Services,very old property not maintained properlycheck in out process took much time staff also not friendly and co operative,123,20
Very old attribute . Not maintained properly.check in/ out process took much time. Staff also not friendly and co operative.,Services,very old attribute not maintained properlycheck in out process took much time staff also not friendly and co operative,123,20
very old property . Not maintained properly.check in/ out appendage took much time. Staff also non favorable and Co operative.,Services,very old property not maintained properlycheck in out appendage took much time staff also non favorable and co operative,123,20
real old property . Not maintained properly.check in/ out handle took much time. staff also not friendly and Centennial State operative.,Services,real old property not maintained properlycheck in out handle took much time staff also not friendly and centennial state operative,123,20
Very old belongings . Not maintained properly.check in/ out emergence took much time. staff too not friendly and co operative.,Services,very old belonging not maintained properlycheck in out emergence took much time staff too not friendly and co operative,123,20
very sometime prop . Not maintained properly.check in/ out process aim a great deal time. Staff also not friendly and CO operative.,Services,very sometime prop not maintained properlycheck in out process aim a great deal time staff also not friendly and co operative,123,20
Very quondam property . Not maintained properly.check in/ out action involve much time. staff too not friendly and co operative.,Services,very quondam property not maintained properlycheck in out action involve much time staff too not friendly and co operative,123,20
Very honest-to-goodness property . Not maintained properly.check in/ verboten process took much time. staff also not favorable and co operative.,Services,very honesttogoodness property not maintained properlycheck in verboten process took much time staff also not favorable and co operative,123,20
Very honest-to-goodness property . Not maintained properly.check in/ out process claim much time. Staff also not friendly and co operative.,Services,very honesttogoodness property not maintained properlycheck in out process claim much time staff also not friendly and co operative,123,20
selfsame honest-to-goodness place . Not maintained properly.check in/ out process took much time. Staff also not friendly and co operative.,Services,selfsame honesttogoodness place not maintained properlycheck in out process took much time staff also not friendly and co operative,123,20
Very old property . non maintained properly.check in/ stunned serve train much time. staff as well not friendly and co operative.,Services,very old property non maintained properlycheck in stunned serve train much time staff a well not friendly and co operative,123,20
Not a great stay,Food,not a great stay,16,4
Not a great abide,Food,not a great abide,16,4
Not a great continue,Food,not a great continue,16,4
Not axerophthol great stay,Food,not axerophthol great stay,16,4
Not a great check,Food,not a great check,16,4
not a great stay,Food,not a great stay,16,4
non a great stay,Food,non a great stay,16,4
Not adenine great stay,Food,not adenine great stay,16,4
Not antiophthalmic factor great stay,Food,not antiophthalmic factor great stay,16,4
non a great stay,Food,non a great stay,16,4
Not ampere great stay,Food,not ampere great stay,16,4
A disappointing stay.  Crowded with run down facilities.  Food was ordinary and hotel security did not do enough to keep tuk-tuk drivers and sarong vendors from the hotel grounds where they regularly hassled guests.,Rooms,a disappointing stay crowded with run down facility food wa ordinary and hotel security did not do enough to keep tuktuk driver and sarong vendor from the hotel ground where they regularly hassled guest,215,34
A disappointing stay. Crowded with move down facilities. Food was ordinary and hotel security did not ut enough to keep tuk-tuk drivers and sarong vendors from the hotel grounds where they on a regular basis molest guests.,Rooms,a disappointing stay crowded with move down facility food wa ordinary and hotel security did not ut enough to keep tuktuk driver and sarong vendor from the hotel ground where they on a regular basis molest guest,215,34
A disappointing stay. Crowded with run down facilities. Food was ordinary and hotel security did not do enough to living tuk-tuk drivers and sarong vendors from the hotel grounds where they regularly hassled guests.,Rooms,a disappointing stay crowded with run down facility food wa ordinary and hotel security did not do enough to living tuktuk driver and sarong vendor from the hotel ground where they regularly hassled guest,215,34
A unsatisfying stay. Crowded with go down facilities. Food was ordinary and hotel security dress not set adequate to save tuk-tuk drivers and sarong seller from the hotel undercoat where they regularly hassled guests.,Rooms,a unsatisfying stay crowded with go down facility food wa ordinary and hotel security dress not set adequate to save tuktuk driver and sarong seller from the hotel undercoat where they regularly hassled guest,215,34
A disappoint stay. Crowded with run down facilities. food was ordinary and hotel security did not do enough to keep tuk-tuk driver and sarong vendors from the hotel grounds where they on a regular basis hassled guests.,Rooms,a disappoint stay crowded with run down facility food wa ordinary and hotel security did not do enough to keep tuktuk driver and sarong vendor from the hotel ground where they on a regular basis hassled guest,215,34
A let down stay. push with run down facilities. food was ordinary and hotel security measure did not do enough to keep tuk-tuk drivers and sarong vendors from the hotel grounds where they regularly hassled guests.,Rooms,a let down stay push with run down facility food wa ordinary and hotel security measure did not do enough to keep tuktuk driver and sarong vendor from the hotel ground where they regularly hassled guest,215,34
A let down stay. Crowded with run down pat facilities. Food was ordinary and hotel security did not do enough to observe tuk-tuk driver and sarong vendors from the hotel grounds where they regularly hassled guests.,Rooms,a let down stay crowded with run down pat facility food wa ordinary and hotel security did not do enough to observe tuktuk driver and sarong vendor from the hotel ground where they regularly hassled guest,215,34
A disappointing stay. Crowded with fly the coop down facilities. Food be ordinary and hotel security cause not do enough to keep tuk-tuk driver and sarong vendors from the hotel priming where they regularly hassled guests.,Rooms,a disappointing stay crowded with fly the coop down facility food be ordinary and hotel security cause not do enough to keep tuktuk driver and sarong vendor from the hotel priming where they regularly hassled guest,215,34
A disappointing stay. Crowded with crusade down facilities. Food personify ordinary and hotel security did not fare enough to keep tuk-tuk drivers and sarong vendors from the hotel evidence where they regularly hassled guests.,Rooms,a disappointing stay crowded with crusade down facility food personify ordinary and hotel security did not fare enough to keep tuktuk driver and sarong vendor from the hotel evidence where they regularly hassled guest,215,34
A disappointing stay. Crowded with run down facilities. Food was mean and hotel security did not do sufficiency to continue tuk-tuk driver and sarong vendors from the hotel grounds where they on a regular basis hassled guests.,Rooms,a disappointing stay crowded with run down facility food wa mean and hotel security did not do sufficiency to continue tuktuk driver and sarong vendor from the hotel ground where they on a regular basis hassled guest,215,34
A disappointing stay. Crowded with run down facilities. Food equal average and hotel security did non serve enough to living tuk-tuk drivers and sarong vendors from the hotel grounds where they regularly hassled guests.,Rooms,a disappointing stay crowded with run down facility food equal average and hotel security did non serve enough to living tuktuk driver and sarong vendor from the hotel ground where they regularly hassled guest,215,34
poor service takes toll on a good property,Services,poor service take toll on a good property,42,8
poor service takes toll along a good prop,Services,poor service take toll along a good prop,42,8
poor service have toll on a good prop,Services,poor service have toll on a good prop,42,8
poor service takes toll along a right property,Services,poor service take toll along a right property,42,8
distressing service takes toll on a good property,Services,distressing service take toll on a good property,42,8
poor service takes toll along a estimable property,Services,poor service take toll along a estimable property,42,8
poor service takes Bell on a good property,Services,poor service take bell on a good property,42,8
poor service take toll on a good holding,Services,poor service take toll on a good holding,42,8
poor service takes toll along a good place,Services,poor service take toll along a good place,42,8
poor service takes toll on international ampere good property,Services,poor service take toll on international ampere good property,42,8
poor people service takes toll on a good property,Services,poor people service take toll on a good property,42,8
"Could be good, but service is so patchy.",Services,could be good but service is so patchy,40,8
"Could be good, but service is and so patchy.",Services,could be good but service is and so patchy,40,8
"Could be good, but service be so patchy.",Services,could be good but service be so patchy,40,8
"Could be good, merely service is so patchy.",Services,could be good merely service is so patchy,40,8
"Could be good, but service is so patchy.",Services,could be good but service is so patchy,40,8
"Could be good, simply service is so patchy.",Services,could be good simply service is so patchy,40,8
"Could be good, but divine service is so patchy.",Services,could be good but divine service is so patchy,40,8
"Could be good, but service is frankincense patchy.",Services,could be good but service is frankincense patchy,40,8
"Could be good, but service is thus patchy.",Services,could be good but service is thus patchy,40,8
"Could be good, but service is so patchy.",Services,could be good but service is so patchy,40,8
"Could be good, but service is thusly patchy.",Services,could be good but service is thusly patchy,40,8
"Never have we ever been into such as filthy, serivce-lacking beach resort.  The whole premises is a run-down.  The restaurants are not clean: sticky tables covered with juice stains; rotten salad, bread crumbs and fish bones seem to be part of the chairs and cushions.  Serving beverages with cracked cups/glasses which also have dead insects gluing to them.  The food is not well prepared neither fresh, including the seafood!  Annoyed to be served with stale seafood in a beach resot!  Hotel beach is decorated with trash, including broken bottles.  Guests pay 5-star-resort tariff while 1-star serive is provided.",Recreation,never have we ever been into such a filthy serivcelacking beach resort the whole premise is a rundown the restaurant are not clean sticky table covered with juice stain rotten salad bread crumb and fish bone seem to be part of the chair and cushion serving beverage with cracked cupsglasses which also have dead insect gluing to them the food is not well prepared neither fresh including the seafood annoyed to be served with stale seafood in a beach resot hotel beach is decorated with trash including broken bottle guest pay starresort tariff while star serive is provided,616,98
"Never have we constantly been into such as filthy, serivce-lacking beach resort. The entirely premises is a run-down. The eating place be non clean: sticky tables covered with succus stains; rotten salad, bread crumbs and fish bone up seem to be office of the chairs and cushions. serve beverages with crack cups/glasses which likewise have short insects gluing to them. The food is not well prepared neither fresh, including the seafood! Annoyed to cost served with stale seafood in a beach resot! Hotel beach is decorated with trash, including broken bottles. Guest pay 5-star-resort duty while 1-star serive is provided.",Recreation,never have we constantly been into such a filthy serivcelacking beach resort the entirely premise is a rundown the eating place be non clean sticky table covered with succus stain rotten salad bread crumb and fish bone up seem to be office of the chair and cushion serve beverage with crack cupsglasses which likewise have short insect gluing to them the food is not well prepared neither fresh including the seafood annoyed to cost served with stale seafood in a beach resot hotel beach is decorated with trash including broken bottle guest pay starresort duty while star serive is provided,616,98
"Never have we ever been into such as filthy, serivce-lacking beach resort. The whole premiss be a run-down. The restaurants are not clean: muggy tables cover with juice stains; rotten salad, bread rotter and fish bones seem to be voice of the chairs and cushions. Serving beverages with cracked cups/glasses which also have dead insects gluing to them. The food is not intimately prepared neither fresh, including the seafood! Annoyed to be served with stale seafood IN A beach resot! Hotel beach cost decorated with trash, include wear out bottles. Guests pay 5-star-resort duty while 1-star serive personify provided.",Recreation,never have we ever been into such a filthy serivcelacking beach resort the whole premiss be a rundown the restaurant are not clean muggy table cover with juice stain rotten salad bread rotter and fish bone seem to be voice of the chair and cushion serving beverage with cracked cupsglasses which also have dead insect gluing to them the food is not intimately prepared neither fresh including the seafood annoyed to be served with stale seafood in a beach resot hotel beach cost decorated with trash include wear out bottle guest pay starresort duty while star serive personify provided,616,98
"Never have we ever been into such as filthy, serivce-lacking beach resort. The whole premiss symbolize a run-down. The eating house are not clean: sticky tables cover with juice stains; rotted salad, wampum crumbs and fish get up seem to represent part of the chairs and cushions. Serving beverages with cracked cups/glasses which also have dead insects glue to them. The nutrient be not well ready neither fresh, including the seafood! Annoyed to be served with stale seafood in group A beach resot! Hotel beach is decorated with trash, including broken bottles. Guests wage 5-star-resort tariff while 1-star serive is provided.",Recreation,never have we ever been into such a filthy serivcelacking beach resort the whole premiss symbolize a rundown the eating house are not clean sticky table cover with juice stain rotted salad wampum crumb and fish get up seem to represent part of the chair and cushion serving beverage with cracked cupsglasses which also have dead insect glue to them the nutrient be not well ready neither fresh including the seafood annoyed to be served with stale seafood in group a beach resot hotel beach is decorated with trash including broken bottle guest wage starresort tariff while star serive is provided,616,98
"Never give birth we ever been into such as filthy, serivce-lacking beach resort. The whole premises be a run-down. The restaurants personate not clean: sticky table covered with juice stains; unpleasant-smelling salad, bread crumbs and Pisces bones seem to be part of the chairs and cushions. Serving beverages with crock up cups/glasses which besides have dead insects gluing to them. The food is not well prepared neither fresh, including the seafood! Annoyed to be served with stale seafood in a beach resot! Hotel beach is decorated with trash, including broken bottles. Guests pay off 5-star-resort tariff mend 1-star serive is provided.",Recreation,never give birth we ever been into such a filthy serivcelacking beach resort the whole premise be a rundown the restaurant personate not clean sticky table covered with juice stain unpleasantsmelling salad bread crumb and pisces bone seem to be part of the chair and cushion serving beverage with crock up cupsglasses which besides have dead insect gluing to them the food is not well prepared neither fresh including the seafood annoyed to be served with stale seafood in a beach resot hotel beach is decorated with trash including broken bottle guest pay off starresort tariff mend star serive is provided,616,98
"never have we ever been into such as filthy, serivce-lacking beach resort. The whole premises is a run-down. The restaurants are not clean: glutinous shelve covered with juice stains; rotten salad, kale crumbs and Pisces bones seem to atomic number 4 part of the chairs and cushions. Serving potable with chapped cups/glasses which also have dead insects glue to them. The food equal non fountainhead prepared neither fresh, including the seafood! Annoyed to live serve with cold seafood in a beach resot! Hotel beach is embellish with trash, including broken bottles. Guests make up 5-star-resort tariff while 1-star serive is provided.",Recreation,never have we ever been into such a filthy serivcelacking beach resort the whole premise is a rundown the restaurant are not clean glutinous shelve covered with juice stain rotten salad kale crumb and pisces bone seem to atomic number part of the chair and cushion serving potable with chapped cupsglasses which also have dead insect glue to them the food equal non fountainhead prepared neither fresh including the seafood annoyed to live serve with cold seafood in a beach resot hotel beach is embellish with trash including broken bottle guest make up starresort tariff while star serive is provided,616,98
"Never have we always been into such as filthy, serivce-lacking beach resort. The completely premises is a run-down. The restaurants are not clean: sticky tables overlay with juice stains; rotten salad, bread crumbs and angle bones seem to be component part of the chairs and cushions. Serving beverages with cracked cups/glasses which also have dead insects glue to them. The food is not well set neither fresh, including the seafood! harassed to be served with stale seafood IN a beach resot! hotel beach is deck with trash, including broken bottles. Guests pay 5-star-resort tariff piece 1-star serive is provided.",Recreation,never have we always been into such a filthy serivcelacking beach resort the completely premise is a rundown the restaurant are not clean sticky table overlay with juice stain rotten salad bread crumb and angle bone seem to be component part of the chair and cushion serving beverage with cracked cupsglasses which also have dead insect glue to them the food is not well set neither fresh including the seafood harassed to be served with stale seafood in a beach resot hotel beach is deck with trash including broken bottle guest pay starresort tariff piece star serive is provided,616,98
"Never cause we ever been into such as filthy, serivce-lacking beach resort. The whole premises is a run-down. The restaurant are not clean: sticky tables covered with juice stains; rotten salad, bread crumbs and fish bones seem to be part of the moderate and cushions. Serving beverages with cracked cups/glasses which besides have dead insects gluing to them. The solid food is not good prepared neither fresh, include the seafood! Annoyed to incorporate served with stale seafood in a beach resot! Hotel beach is decorated with trash, including broken bottles. Guests pay 5-star-resort tariff while 1-star serive be provided.",Recreation,never cause we ever been into such a filthy serivcelacking beach resort the whole premise is a rundown the restaurant are not clean sticky table covered with juice stain rotten salad bread crumb and fish bone seem to be part of the moderate and cushion serving beverage with cracked cupsglasses which besides have dead insect gluing to them the solid food is not good prepared neither fresh include the seafood annoyed to incorporate served with stale seafood in a beach resot hotel beach is decorated with trash including broken bottle guest pay starresort tariff while star serive be provided,616,98
"ne'er receive we ever equal into such as filthy, serivce-lacking beach resort. The whole preface is a run-down. The restaurants are not clean: sticky tables covered with juice stains; ill-smelling salad, bread crumbs and fish bones seem to incarnate part of the chairman and cushions. Serving beverages with round the bend cups/glasses which also have dead insects gluing to them. The food is non well prepared neither fresh, including the seafood! Annoyed to atomic number 4 served with stale seafood In a beach resot! Hotel beach represent beautify with trash, including broken bottles. Guests pay 5-star-resort tariff while 1-star serive is provided.",Recreation,neer receive we ever equal into such a filthy serivcelacking beach resort the whole preface is a rundown the restaurant are not clean sticky table covered with juice stain illsmelling salad bread crumb and fish bone seem to incarnate part of the chairman and cushion serving beverage with round the bend cupsglasses which also have dead insect gluing to them the food is non well prepared neither fresh including the seafood annoyed to atomic number served with stale seafood in a beach resot hotel beach represent beautify with trash including broken bottle guest pay starresort tariff while star serive is provided,616,98
"Never have we ever been into such every bit filthy, serivce-lacking beach resort. The whole premises is a run-down. The restaurants are not clean: gummy tables covered with juice stains; rotten salad, bread lowlife and fish bones seem to glucinium component part of the chairs and cushions. Serving beverages with cracked cups/glasses which likewise have dead insects gluing to them. The food cost non well prepared neither fresh, let in the seafood! nettled to be served with cold seafood in a beach resot! Hotel beach be decorated with trash, including broken bottles. Guests devote 5-star-resort duty while 1-star serive is provided.",Recreation,never have we ever been into such every bit filthy serivcelacking beach resort the whole premise is a rundown the restaurant are not clean gummy table covered with juice stain rotten salad bread lowlife and fish bone seem to glucinium component part of the chair and cushion serving beverage with cracked cupsglasses which likewise have dead insect gluing to them the food cost non well prepared neither fresh let in the seafood nettled to be served with cold seafood in a beach resot hotel beach be decorated with trash including broken bottle guest devote starresort duty while star serive is provided,616,98
"never have we ever been into such as filthy, serivce-lacking beach resort. The whole introduce is a run-down. The eating house act not clean: sticky tables covered with juice stains; rotten salad, bread crumbs and fish bones look to be part of the chair and cushions. Serving beverages with cracked cups/glasses which as well have dead insects gluing to them. The food exist non well prepared neither fresh, including the seafood! Annoyed to be service with stale seafood in a beach resot! Hotel beach is decorated with trash, let in broken bottles. Guests give 5-star-resort duty while 1-star serive is provided.",Recreation,never have we ever been into such a filthy serivcelacking beach resort the whole introduce is a rundown the eating house act not clean sticky table covered with juice stain rotten salad bread crumb and fish bone look to be part of the chair and cushion serving beverage with cracked cupsglasses which a well have dead insect gluing to them the food exist non well prepared neither fresh including the seafood annoyed to be service with stale seafood in a beach resot hotel beach is decorated with trash let in broken bottle guest give starresort duty while star serive is provided,616,98
"Poor Service, Terrible Toilet Conditions... etc (list goes on)",Services,poor service terrible toilet condition etc list go on,62,9
"Poor Service, Terrible Toilet Conditions... etc (list go on)",Services,poor service terrible toilet condition etc list go on,62,9
"miserable Service, Terrible Toilet Conditions... etc (list goes on)",Services,miserable service terrible toilet condition etc list go on,62,9
"Poor Service, Terrible Toilet Conditions... etc (list goes on)",Services,poor service terrible toilet condition etc list go on,62,9
"pitiful Service, Terrible toilette Conditions... etc (list goes on)",Services,pitiful service terrible toilette condition etc list go on,62,9
"Poor Service, dire Toilet Conditions... etc (list goes on)",Services,poor service dire toilet condition etc list go on,62,9
"Poor Service, Terrible Toilet Conditions... etc (list goes on)",Services,poor service terrible toilet condition etc list go on,62,9
"Poor Service, dreaded potty Conditions... etc (list goes on)",Services,poor service dreaded potty condition etc list go on,62,9
"misfortunate Service, Terrible Toilet Conditions... etc (list XTC on)",Services,misfortunate service terrible toilet condition etc list xtc on,62,9
"Poor Service, Terrible Toilet Conditions... etc (list get going on)",Services,poor service terrible toilet condition etc list get going on,62,9
"Poor Service, Terrible Toilet Conditions... etc (list goes on)",Services,poor service terrible toilet condition etc list go on,62,9
We were loking forward to staying at this hotel on the coast as we were not travelling to the Maldives.  However we were dissapointed with the service and food during our stay. The only savibg grace was being upgraded and the room we got was fantastic. The hotel is set in a great location but if you do not  like being hasseled on the so called private beach then this hotel is not for you. There were many locals on the beach trying to sell guests goods in full view of the scurity guards. However the security guards did not stop this from happening and we will not be returning to this hotel.,Services,we were loking forward to staying at this hotel on the coast a we were not travelling to the maldives however we were dissapointed with the service and food during our stay the only savibg grace wa being upgraded and the room we got wa fantastic the hotel is set in a great location but if you do not like being hasseled on the so called private beach then this hotel is not for you there were many local on the beach trying to sell guest good in full view of the scurity guard however the security guard did not stop this from happening and we will not be returning to this hotel,596,113
We embody loking forwards to staying at this hotel on the coast as we were not travel to the Maldives. However we follow dissapointed with the religious service and food during our stay. The only savibg grace was be upgraded and the room we got was fantastic. The hotel is go down IN a great location but if you do not like being hasseled on the so called private beach then this hotel is not for you. thither were many locals along the beach trying to sell Edgar Guest good in full phase of the moon catch of the scurity guards. However the protection guards did not stop this from happening and we will not be returning to this hotel.,Services,we embody loking forward to staying at this hotel on the coast a we were not travel to the maldives however we follow dissapointed with the religious service and food during our stay the only savibg grace wa be upgraded and the room we got wa fantastic the hotel is go down in a great location but if you do not like being hasseled on the so called private beach then this hotel is not for you thither were many local along the beach trying to sell edgar guest good in full phase of the moon catch of the scurity guard however the protection guard did not stop this from happening and we will not be returning to this hotel,596,113
We were loking forward to stick at this hotel on the coast angstrom we were not travelling to the Maldives. However we were dissapointed with the service and food during our stay. The only savibg grace exist being upgraded and the room we scram was fantastic. The hotel represent band in type A great location simply if you do not same being hasseled along the soh call private beach then this hotel personify not for you. There were many locals on the beach trying to sell guests thoroughly in total view of the scurity guards. However the certificate guards manage not stop this from befall and we will not live returning to this hotel.,Services,we were loking forward to stick at this hotel on the coast angstrom we were not travelling to the maldives however we were dissapointed with the service and food during our stay the only savibg grace exist being upgraded and the room we scram wa fantastic the hotel represent band in type a great location simply if you do not same being hasseled along the soh call private beach then this hotel personify not for you there were many local on the beach trying to sell guest thoroughly in total view of the scurity guard however the certificate guard manage not stop this from befall and we will not live returning to this hotel,596,113
We exist loking forward to staying astatine this hotel along the coast Eastern Samoa we were not travelling to the Maldives. However we represent dissapointed with the service and food during our stay. The only savibg grace was being upgraded and the room we got cost fantastic. The hotel be countersink inwards group A great location simply if you do non like being hasseled along the so call private beach then this hotel is not for you. in that respect were many locals on the beach trying to sell guests goods in full view of the scurity guards. nonetheless the security guard did not block this from hap and we will not be returning to this hotel.,Services,we exist loking forward to staying astatine this hotel along the coast eastern samoa we were not travelling to the maldives however we represent dissapointed with the service and food during our stay the only savibg grace wa being upgraded and the room we got cost fantastic the hotel be countersink inwards group a great location simply if you do non like being hasseled along the so call private beach then this hotel is not for you in that respect were many local on the beach trying to sell guest good in full view of the scurity guard nonetheless the security guard did not block this from hap and we will not be returning to this hotel,596,113
We were loking forward to staying At this hotel along the seashore as we were not travelling to the Maldives. However we were dissapointed with the overhaul and food during our stay. The only savibg grace was being elevate and the board we got was fantastic. The hotel is set in a great pose only if you do non like being hasseled along the so called private beach and then this hotel is non for you. there were many locals along the beach trying to sell guests goods in full view of the scurity guards. however the security guards did not stop this from happening and we volition not be returning to this hotel.,Services,we were loking forward to staying at this hotel along the seashore a we were not travelling to the maldives however we were dissapointed with the overhaul and food during our stay the only savibg grace wa being elevate and the board we got wa fantastic the hotel is set in a great pose only if you do non like being hasseled along the so called private beach and then this hotel is non for you there were many local along the beach trying to sell guest good in full view of the scurity guard however the security guard did not stop this from happening and we volition not be returning to this hotel,596,113
We were loking forward to staying at this hotel on the coast as we were non move around to the Maldives. nonetheless we be dissapointed with the serve and food during our stay. The only savibg grace represent being upgraded and the elbow room we got was fantastic. The hotel is set inch a great location but if you do not like being hasseled on the so called private beach so this hotel is not for you. There be many local anesthetic on the beach trying to sell guests goods in full view of the scurity guards. still the security guards execute non stop this from happening and we will non be returning to this hotel.,Services,we were loking forward to staying at this hotel on the coast a we were non move around to the maldives nonetheless we be dissapointed with the serve and food during our stay the only savibg grace represent being upgraded and the elbow room we got wa fantastic the hotel is set inch a great location but if you do not like being hasseled on the so called private beach so this hotel is not for you there be many local anesthetic on the beach trying to sell guest good in full view of the scurity guard still the security guard execute non stop this from happening and we will non be returning to this hotel,596,113
We were loking forwards to staying at this hotel on the seashore as we bodied non travelling to the Maldives. However we were dissapointed with the service and food during our stay. The only savibg grace was being upgraded and the elbow room we got was fantastic. The hotel be put in ampere great location only if you DO non like being hasseled on the so called private beach then this hotel is not for you. There were many topical anaesthetic on the beach trying to sell guests goods in full view of the scurity guards. However the security guards did not stop this from happening and we will non be returning to this hotel.,Services,we were loking forward to staying at this hotel on the seashore a we bodied non travelling to the maldives however we were dissapointed with the service and food during our stay the only savibg grace wa being upgraded and the elbow room we got wa fantastic the hotel be put in ampere great location only if you do non like being hasseled on the so called private beach then this hotel is not for you there were many topical anaesthetic on the beach trying to sell guest good in full view of the scurity guard however the security guard did not stop this from happening and we will non be returning to this hotel,596,113
We were loking forth to staying at this hotel on the coast as we were non travelling to the Maldives. However we were dissapointed with the service and nutrient during our stay. The only savibg grace was being advance and the room we got was fantastic. The hotel is fix in a slap-up locating merely if you do non similar being hasseled on the so call private beach then this hotel is not for you. thither were many topical anesthetic on the beach trying to sell guests goods in full phase of the moon view of the scurity guards. However the security guards did not stop this from happening and we volition non be returning to this hotel.,Services,we were loking forth to staying at this hotel on the coast a we were non travelling to the maldives however we were dissapointed with the service and nutrient during our stay the only savibg grace wa being advance and the room we got wa fantastic the hotel is fix in a slapup locating merely if you do non similar being hasseled on the so call private beach then this hotel is not for you thither were many topical anesthetic on the beach trying to sell guest good in full phase of the moon view of the scurity guard however the security guard did not stop this from happening and we volition non be returning to this hotel,596,113
We were loking forward to staying at this hotel on the coast as we were not journey to the Maldives. However we were dissapointed with the service and food during our stay. The only savibg grace was being raise and the room we got was fantastic. The hotel is set in a great fix but if you coiffure not care being hasseled on the so called private beach then this hotel is non for you. There were many locals on the beach trying to sell guest goodness Indiana full view of the scurity guards. However the security guard did not stop this from happen and we leave not be returning to this hotel.,Services,we were loking forward to staying at this hotel on the coast a we were not journey to the maldives however we were dissapointed with the service and food during our stay the only savibg grace wa being raise and the room we got wa fantastic the hotel is set in a great fix but if you coiffure not care being hasseled on the so called private beach then this hotel is non for you there were many local on the beach trying to sell guest goodness indiana full view of the scurity guard however the security guard did not stop this from happen and we leave not be returning to this hotel,596,113
We were loking forward to continue At this hotel on the coast as we were not jaunt to the Maldives. However we were dissapointed with the inspection and repair and nutritious during our stay. The only savibg grace was being upgraded and the room we got was fantastic. The hotel is hardened in a great position but if you do not like being hasseled along the thus called buck private beach then this hotel be not for you. There were many locals on the beach trying to sell guests goods inch replete view of the scurity guards. However the surety guards did not discontinue this from happening and we will non be returning to this hotel.,Services,we were loking forward to continue at this hotel on the coast a we were not jaunt to the maldives however we were dissapointed with the inspection and repair and nutritious during our stay the only savibg grace wa being upgraded and the room we got wa fantastic the hotel is hardened in a great position but if you do not like being hasseled along the thus called buck private beach then this hotel be not for you there were many local on the beach trying to sell guest good inch replete view of the scurity guard however the surety guard did not discontinue this from happening and we will non be returning to this hotel,596,113
We were loking forward to staying atomic number 85 this hotel along the coast as we were non travelling to the Maldives. even so we were dissapointed with the service and food during our stay. The only savibg adorn was be upgraded and the board we got be fantastic. The hotel is set in a great location but if you wrangle not like being hasseled on the hence called private beach then this hotel be not for you. in that respect embody many locals on the beach trying to sell client goodness In full view of the scurity guards. However the security guards practice not stop this from happening and we will not be returning to this hotel.,Services,we were loking forward to staying atomic number this hotel along the coast a we were non travelling to the maldives even so we were dissapointed with the service and food during our stay the only savibg adorn wa be upgraded and the board we got be fantastic the hotel is set in a great location but if you wrangle not like being hasseled on the hence called private beach then this hotel be not for you in that respect embody many local on the beach trying to sell client goodness in full view of the scurity guard however the security guard practice not stop this from happening and we will not be returning to this hotel,596,113
Let down by slow dinner service and a poor meal,Services,let down by slow dinner service and a poor meal,47,10
countenance down by slow up dinner service and axerophthol poor meal,Services,countenance down by slow up dinner service and axerophthol poor meal,47,10
Let down past slow dinner service and A inadequate meal,Services,let down past slow dinner service and a inadequate meal,47,10
Let go through by slow dinner party overhaul and a poor meal,Services,let go through by slow dinner party overhaul and a poor meal,47,10
Let down in the mouth by slow dinner service and a poor meal,Services,let down in the mouth by slow dinner service and a poor meal,47,10
Let downward by slow dinner service and A poor repast,Services,let downward by slow dinner service and a poor repast,47,10
Let down by tedious dinner service and A poor meal,Services,let down by tedious dinner service and a poor meal,47,10
Let down by slow dinner service and type A wretched meal,Services,let down by slow dinner service and type a wretched meal,47,10
Let down by slow dinner party service and a ridiculous meal,Services,let down by slow dinner party service and a ridiculous meal,47,10
Let belt down by slow dinner overhaul and a poor repast,Services,let belt down by slow dinner overhaul and a poor repast,47,10
permit down aside slow dinner service and deoxyadenosine monophosphate poor meal,Services,permit down aside slow dinner service and deoxyadenosine monophosphate poor meal,47,10
Not great.  Not sure what alternative there may be.  Just a giant ugly hotel.,Food,not great not sure what alternative there may be just a giant ugly hotel,77,14
Not great. Not sure what alternative there may be. Just adenylic acid giant ugly hotel.,Food,not great not sure what alternative there may be just adenylic acid giant ugly hotel,77,14
Not great. not sure what alternative there may be. Just a giant ugly hotel.,Food,not great not sure what alternative there may be just a giant ugly hotel,77,14
Not great. not sure what alternative there may be. precisely a giant ugly hotel.,Food,not great not sure what alternative there may be precisely a giant ugly hotel,77,14
not great. Not sure what alternative there whitethorn be. Just a giant star ugly hotel.,Food,not great not sure what alternative there whitethorn be just a giant star ugly hotel,77,14
Not great. Not sure what alternative at that place Crataegus oxycantha be. merely a giant ugly hotel.,Food,not great not sure what alternative at that place crataegus oxycantha be merely a giant ugly hotel,77,14
non great. Not sure what substitute there may be. Just A giant ugly hotel.,Food,non great not sure what substitute there may be just a giant ugly hotel,77,14
Not great. non sure what option there may be. Just deoxyadenosine monophosphate giant ugly hotel.,Food,not great non sure what option there may be just deoxyadenosine monophosphate giant ugly hotel,77,14
Not great. Not certain what option there may be. Just type A giant ugly hotel.,Food,not great not certain what option there may be just type a giant ugly hotel,77,14
Not great. non sure what option at that place may be. Just a heavyweight ugly hotel.,Food,not great non sure what option at that place may be just a heavyweight ugly hotel,77,14
Not great. not sure what alternative there may be. Just a giant ugly hotel.,Food,not great not sure what alternative there may be just a giant ugly hotel,77,14
Good property but unable to handle crowds with poor processes in place,Rooms,good property but unable to handle crowd with poor process in place,70,12
Good property but unable to manage crowds with poor people processes Indiana place,Rooms,good property but unable to manage crowd with poor people process indiana place,70,12
Good property only unable to handle crowd with poor processes Indiana place,Rooms,good property only unable to handle crowd with poor process indiana place,70,12
Good property but otiose to handle crowds with hapless processes in place,Rooms,good property but otiose to handle crowd with hapless process in place,70,12
Good property but ineffectual to palm crowds with miserable processes in place,Rooms,good property but ineffectual to palm crowd with miserable process in place,70,12
good place but unable to handle crowds with poor people processes in place,Rooms,good place but unable to handle crowd with poor people process in place,70,12
Good attribute but unable to handle crowds with poor appendage in place,Rooms,good attribute but unable to handle crowd with poor appendage in place,70,12
Good property but unable to hold push with poor processes in place,Rooms,good property but unable to hold push with poor process in place,70,12
thoroughly property just unable to handle crowd with poor processes in place,Rooms,thoroughly property just unable to handle crowd with poor process in place,70,12
Good property but unable to handle crowd with poor processes in come out,Rooms,good property but unable to handle crowd with poor process in come out,70,12
Good property simply unable to do by crowds with poor action in place,Rooms,good property simply unable to do by crowd with poor action in place,70,12
"Our planned highlight, to the end of our Sri Lankan tour, was a frustrating disappointment.  We arrived tired and sick, hoping for a clean comfortable room and some simple food.  Even though we had booked and paid 6 months earlier, it took a long time to allocate us a room.  The room smelled of mould and mould was easily found in the bathroom. My wife complained, but all the staff could do was find the missing outdoor furniture. At dinner, the first night, we had difficulty finding plain food, that would not aggravate our upset stomachs.  The chef kindly offered to prepare mashed potatoes, peas and grilled chicken, for us, the next night. However, the next day, this offer was undone by management, who declared we had been selected for ""Fine dining"". Fearing this was Sringlish for extra spicy, we gave up and went to bed early, without dinned, which we had already paid for.  At least at checkout, as some compensation, the hotel did not charge for the sandwich and hamburger, we had at the bar.  After my wife presented mouldy toiletries to management, they did offer to change rooms, on the second day; but it was too little too late.  The hotel has an impressive entrance and sea view.  But what good are those when the hotel fails the basics of room and food.",Recreation,our planned highlight to the end of our sri lankan tour wa a frustrating disappointment we arrived tired and sick hoping for a clean comfortable room and some simple food even though we had booked and paid month earlier it took a long time to allocate u a room the room smelled of mould and mould wa easily found in the bathroom my wife complained but all the staff could do wa find the missing outdoor furniture at dinner the first night we had difficulty finding plain food that would not aggravate our upset stomach the chef kindly offered to prepare mashed potato pea and grilled chicken for u the next night however the next day this offer wa undone by management who declared we had been selected for fine dining fearing this wa sringlish for extra spicy we gave up and went to bed early without dinned which we had already paid for at least at checkout a some compensation the hotel did not charge for the sandwich and hamburger we had at the bar after my wife presented mouldy toiletry to management they did offer to change room on the second day but it wa too little too late the hotel ha an impressive entrance and sea view but what good are those when the hotel fails the basic of room and food,1273,226
"Our guarantee highlight, to the end of our Sri Lankan tour, was a frustrating disappointment. We go far tired and sick, hoping for a clean well-to-do board and some dim-witted food. unwavering though we had booked and paid 6 months earlier, it ask a long time to allocate us a room. The room smell of mould and mold was easily found in the bathroom. My wife complained, but all the staff could do represent find the missing outside furniture. astatine dinner, the first night, we arouse difficultness find plain food, that would not aggravate our upset stomachs. The chef kindly offered to ready mashed potatoes, pea and grilled chicken, for us, the next night. However, the next day, this declare oneself was undone by management, who declared we had been selected for ""Fine dining"". Fearing this was Sringlish for extra spicy, we give up and go to bed early, without dinned, which we get already paid for. astatine least At checkout, as some compensation, the hotel did not charge for the sandwich and hamburger, we give At the bar. after my married woman presented mouldy toiletry to management, they did offer to change rooms, on the second day; but it comprise too little too late. The hotel accept an impressive entrance and sea view. But what good are those when the hotel fails the basics of elbow room and food.",Recreation,our guarantee highlight to the end of our sri lankan tour wa a frustrating disappointment we go far tired and sick hoping for a clean welltodo board and some dimwitted food unwavering though we had booked and paid month earlier it ask a long time to allocate u a room the room smell of mould and mold wa easily found in the bathroom my wife complained but all the staff could do represent find the missing outside furniture astatine dinner the first night we arouse difficultness find plain food that would not aggravate our upset stomach the chef kindly offered to ready mashed potato pea and grilled chicken for u the next night however the next day this declare oneself wa undone by management who declared we had been selected for fine dining fearing this wa sringlish for extra spicy we give up and go to bed early without dinned which we get already paid for astatine least at checkout a some compensation the hotel did not charge for the sandwich and hamburger we give at the bar after my married woman presented mouldy toiletry to management they did offer to change room on the second day but it comprise too little too late the hotel accept an impressive entrance and sea view but what good are those when the hotel fails the basic of elbow room and food,1273,226
"Our planned highlight, to the terminate of our Sri Lankan tour, was a frustrating disappointment. We arrived tire out and sick, hoping for a clean comfortable room and around simple food. Even though we take in booked and paid six month earlier, it took a long time to allocate United States of America a room. The room smell of mould and mould was easily found atomic number 49 the bathroom. My married woman complained, but all the staff could do was get the miss outside furniture. atomic number 85 dinner, the first night, we had difficulty finding plain food, that would not aggravate our disturbance stomachs. The chef kindly extend to prepare mashed potatoes, peas and grilled chicken, for us, the next night. However, the next day, this fling was undone retiring management, who declare we had been selected for ""Fine dining"". Fearing this was Sringlish for extra spicy, we gave up and went to make love early, without dinned, which we had already paid for. At least at checkout, as some compensation, the hotel make not charge for the sandwich and hamburger, we had at the bar. After my wife presented musty toilet articles to management, they did volunteer to commute rooms, on the second day; but it was as well little too late. The hotel has an impressive entryway and sea view. But what good are those when the hotel fail the fundamental principle of way and food.",Recreation,our planned highlight to the terminate of our sri lankan tour wa a frustrating disappointment we arrived tire out and sick hoping for a clean comfortable room and around simple food even though we take in booked and paid six month earlier it took a long time to allocate united state of america a room the room smell of mould and mould wa easily found atomic number the bathroom my married woman complained but all the staff could do wa get the miss outside furniture atomic number dinner the first night we had difficulty finding plain food that would not aggravate our disturbance stomach the chef kindly extend to prepare mashed potato pea and grilled chicken for u the next night however the next day this fling wa undone retiring management who declare we had been selected for fine dining fearing this wa sringlish for extra spicy we gave up and went to make love early without dinned which we had already paid for at least at checkout a some compensation the hotel make not charge for the sandwich and hamburger we had at the bar after my wife presented musty toilet article to management they did volunteer to commute room on the second day but it wa a well little too late the hotel ha an impressive entryway and sea view but what good are those when the hotel fail the fundamental principle of way and food,1273,226
"Our planned highlight, to the remnant of our Sri Lankan tour, was a frustrating disappointment. We go far weary and sick, hoping for a clean comfortable room and more or less simple food. Even though we had booked and pay 6 calendar month earlier, information technology took a long clock to allocate us a room. The room smelled of mould and mould was easily found in the bathroom. My wife complained, but all the staff could do be find the missing outdoor furniture. At dinner, the first night, we had difficulty finding plain food, that would not aggravate our upset stomachs. The chef kindly offer to organise mash potatoes, peas and grill chicken, for us, the future night. However, the next day, this offer was undone by management, who declared we had been selected for ""Fine dining"". Fearing this was Sringlish for supererogatory spicy, we gave up and went to bed early, without dinned, which we contain already paid for. At least at checkout, as some compensation, the hotel did not charge for the sandwich and hamburger, we had atomic number 85 the bar. After my married woman presented mouldy toiletries to management, they did tender to commute rooms, on the second day; but it be besides little too late. The hotel has an impressive entrance and sea view. But what good are those when the hotel break the rudiments of board and food.",Recreation,our planned highlight to the remnant of our sri lankan tour wa a frustrating disappointment we go far weary and sick hoping for a clean comfortable room and more or less simple food even though we had booked and pay calendar month earlier information technology took a long clock to allocate u a room the room smelled of mould and mould wa easily found in the bathroom my wife complained but all the staff could do be find the missing outdoor furniture at dinner the first night we had difficulty finding plain food that would not aggravate our upset stomach the chef kindly offer to organise mash potato pea and grill chicken for u the future night however the next day this offer wa undone by management who declared we had been selected for fine dining fearing this wa sringlish for supererogatory spicy we gave up and went to bed early without dinned which we contain already paid for at least at checkout a some compensation the hotel did not charge for the sandwich and hamburger we had atomic number the bar after my married woman presented mouldy toiletry to management they did tender to commute room on the second day but it be besides little too late the hotel ha an impressive entrance and sea view but what good are those when the hotel break the rudiment of board and food,1273,226
"Our project highlight, to the end of our Sri Lankan tour, was axerophthol frustrating disappointment. We arrived humdrum and sick, hoping for A clean comfortable board and some simple food. Even though we had booked and even out 6 months earlier, IT took a long clock time to allocate uracil a room. The room smell of mould and mildew comprise easily found in the bathroom. My wife complained, but all the staff could do was find out the missing outdoor furniture. At dinner, the first night, we had difficulty finding unvarnished food, that would non aggravate our upset stomachs. The chef kindly offered to prepare mashed potatoes, peas and grilled chicken, for us, the next night. However, the following day, this bid was undone by management, who declared we had been take for ""Fine dining"". Fearing this was Sringlish for extra spicy, we gave astir and went to bed early, without dinned, which we had already yield for. At least atomic number 85 checkout, as well-nigh compensation, the hotel did not charge for the sandwich and hamburger, we had at the bar. After my wife presented moldy toiletry to management, they exercise offer to interchange rooms, on the second day; but it was too little too late. The hotel has an impressive entrance and ocean view. But what good be those when the hotel betray the basics of room and food.",Recreation,our project highlight to the end of our sri lankan tour wa axerophthol frustrating disappointment we arrived humdrum and sick hoping for a clean comfortable board and some simple food even though we had booked and even out month earlier it took a long clock time to allocate uracil a room the room smell of mould and mildew comprise easily found in the bathroom my wife complained but all the staff could do wa find out the missing outdoor furniture at dinner the first night we had difficulty finding unvarnished food that would non aggravate our upset stomach the chef kindly offered to prepare mashed potato pea and grilled chicken for u the next night however the following day this bid wa undone by management who declared we had been take for fine dining fearing this wa sringlish for extra spicy we gave astir and went to bed early without dinned which we had already yield for at least atomic number checkout a wellnigh compensation the hotel did not charge for the sandwich and hamburger we had at the bar after my wife presented moldy toiletry to management they exercise offer to interchange room on the second day but it wa too little too late the hotel ha an impressive entrance and ocean view but what good be those when the hotel betray the basic of room and food,1273,226
"Our planned highlight, to the close of our Sri Lankan tour, was a frustrating disappointment. We make it tired and sick, hope for a unclouded comfortable room and some dim-witted food. Even though we had booked and paid six months earlier, it take a long time to allocate us a room. The room smack of mould and mould be easily find in the bathroom. My married woman complained, but all the staff could do was find the missing outside furniture. At dinner, the first night, we hold difficulty finding unpatterned food, that would non aggravate our broken stomachs. The chef kindly offered to prepare mashed potatoes, peas and grilled chicken, for us, the future night. However, the next day, this offer be undone by management, who declared we experience been take for ""Fine dining"". Fearing this was Sringlish for extra spicy, we gave up and went to bed early, without dinned, which we had already paid for. At least at checkout, as some compensation, the hotel did not accuse for the sandwich and hamburger, we had at the bar. After my wife presented frowsty toiletry to management, they make offer to change rooms, on the second day; simply it monetary value too little too late. The hotel has an recite entrance and sea view. But what good are those when the hotel fails the basics of room and food.",Recreation,our planned highlight to the close of our sri lankan tour wa a frustrating disappointment we make it tired and sick hope for a unclouded comfortable room and some dimwitted food even though we had booked and paid six month earlier it take a long time to allocate u a room the room smack of mould and mould be easily find in the bathroom my married woman complained but all the staff could do wa find the missing outside furniture at dinner the first night we hold difficulty finding unpatterned food that would non aggravate our broken stomach the chef kindly offered to prepare mashed potato pea and grilled chicken for u the future night however the next day this offer be undone by management who declared we experience been take for fine dining fearing this wa sringlish for extra spicy we gave up and went to bed early without dinned which we had already paid for at least at checkout a some compensation the hotel did not accuse for the sandwich and hamburger we had at the bar after my wife presented frowsty toiletry to management they make offer to change room on the second day simply it monetary value too little too late the hotel ha an recite entrance and sea view but what good are those when the hotel fails the basic of room and food,1273,226
"Our planned highlight, to the end of our Sri Lankan tour, was A frustrating disappointment. We arrived tired and sick, hoping for a clean comfortable room and some unsubdivided food. even though we have booked and paid 6 months earlier, it took a prospicient time to allocate us a room. The room smelled of mould and mould be easily establish in the bathroom. My married woman complained, but all the stave could do was incur the pretermit outdoor furniture. at dinner, the first night, we had difficulty find plain food, that would non exasperate our upset stomachs. The chef kindly offered to wee mashed potatoes, peas and grilled chicken, for us, the next night. However, the next day, this offering was undone forth management, World Health Organization declared we had been selected for ""Fine dining"". Fearing this was Sringlish for supernumerary spicy, we gave upward and went to bed early, without dinned, which we make already paid for. At to the lowest degree atomic number 85 checkout, as some compensation, the hotel did not charge for the sandwich and hamburger, we had At the bar. After my wife presented mouldy toiletries to management, they did offering to change rooms, along the s day; but IT was too little too late. The hotel has an impressive entrance and sea view. But what near are those when the hotel fails the rudiments of room and food.",Recreation,our planned highlight to the end of our sri lankan tour wa a frustrating disappointment we arrived tired and sick hoping for a clean comfortable room and some unsubdivided food even though we have booked and paid month earlier it took a prospicient time to allocate u a room the room smelled of mould and mould be easily establish in the bathroom my married woman complained but all the stave could do wa incur the pretermit outdoor furniture at dinner the first night we had difficulty find plain food that would non exasperate our upset stomach the chef kindly offered to wee mashed potato pea and grilled chicken for u the next night however the next day this offering wa undone forth management world health organization declared we had been selected for fine dining fearing this wa sringlish for supernumerary spicy we gave upward and went to bed early without dinned which we make already paid for at to the lowest degree atomic number checkout a some compensation the hotel did not charge for the sandwich and hamburger we had at the bar after my wife presented mouldy toiletry to management they did offering to change room along the s day but it wa too little too late the hotel ha an impressive entrance and sea view but what near are those when the hotel fails the rudiment of room and food,1273,226
"Our planned highlight, to the end of our Sri Lankan tour, was a frustrating disappointment. We arrived tired and sick, hoping for a clean comfortable room and some publicize food. Even though we had booked and paid 6 calendar month earlier, it took a retentive time to allocate us ampere room. The room smelled of mould and mould was easily launch in the bathroom. My wife complained, but completely the staff could do was find the missing outdoor furniture. atomic number 85 dinner, the beginning night, we take difficulty finding plain food, that would not aggravate our reverse stomachs. The chef sympathetic offered to prepare mashed potatoes, peas and grilled chicken, for us, the next night. However, the next day, this offer was sunk by management, who declared we had been selected for ""Fine dining"". Fearing this was Sringlish for extra spicy, we gave upwardly and kick the bucket to bed early, without dinned, which we had already paid for. At to the lowest degree at checkout, as around compensation, the hotel did not boot for the sandwich and hamburger, we have at the bar. After my wife presented mouldy toiletries to management, they did offer to change rooms, on the yell day; but information technology was also little too late. The hotel hold AN telling entrance and sea view. But what good are those when the hotel fails the basics of room and food.",Recreation,our planned highlight to the end of our sri lankan tour wa a frustrating disappointment we arrived tired and sick hoping for a clean comfortable room and some publicize food even though we had booked and paid calendar month earlier it took a retentive time to allocate u ampere room the room smelled of mould and mould wa easily launch in the bathroom my wife complained but completely the staff could do wa find the missing outdoor furniture atomic number dinner the beginning night we take difficulty finding plain food that would not aggravate our reverse stomach the chef sympathetic offered to prepare mashed potato pea and grilled chicken for u the next night however the next day this offer wa sunk by management who declared we had been selected for fine dining fearing this wa sringlish for extra spicy we gave upwardly and kick the bucket to bed early without dinned which we had already paid for at to the lowest degree at checkout a around compensation the hotel did not boot for the sandwich and hamburger we have at the bar after my wife presented mouldy toiletry to management they did offer to change room on the yell day but information technology wa also little too late the hotel hold an telling entrance and sea view but what good are those when the hotel fails the basic of room and food,1273,226
"Our planned highlight, to the end of our Sri Lankan tour, was a queer disappointment. We develop wear upon and sick, hoping for a sporty comfortable room and some simple food. Even though we had booked and paying 6 months earlier, it took a long time to apportion us a room. The room smell of mould and mould cost well determine in the bathroom. My wife complained, but all the staff could do was find the missing outside furniture. At dinner, the first night, we had difficulty finding plain food, that would not aggravate our upset stomachs. The chef kindly offered to prepare mashed potatoes, peas and barbecued chicken, for us, the next night. However, the next day, this offer was undone away management, who declared we give been choose for ""Fine dining"". Fearing this follow Sringlish for extra spicy, we gave up and went to bed early, without dinned, which we had already ante up for. atomic number 85 to the lowest degree atomic number 85 checkout, antiophthalmic factor some compensation, the hotel serve not charge for the sandwich and hamburger, we had at the bar. After my wife presented mouldy toiletry to management, they do pop the question to alter rooms, on the second day; but it be too little too late. The hotel has an telling enchant and sea view. But what good are those when the hotel fail the basics of room and food.",Recreation,our planned highlight to the end of our sri lankan tour wa a queer disappointment we develop wear upon and sick hoping for a sporty comfortable room and some simple food even though we had booked and paying month earlier it took a long time to apportion u a room the room smell of mould and mould cost well determine in the bathroom my wife complained but all the staff could do wa find the missing outside furniture at dinner the first night we had difficulty finding plain food that would not aggravate our upset stomach the chef kindly offered to prepare mashed potato pea and barbecued chicken for u the next night however the next day this offer wa undone away management who declared we give been choose for fine dining fearing this follow sringlish for extra spicy we gave up and went to bed early without dinned which we had already ante up for atomic number to the lowest degree atomic number checkout antiophthalmic factor some compensation the hotel serve not charge for the sandwich and hamburger we had at the bar after my wife presented mouldy toiletry to management they do pop the question to alter room on the second day but it be too little too late the hotel ha an telling enchant and sea view but what good are those when the hotel fail the basic of room and food,1273,226
"Our planned highlight, to the finish of our Sri Lankan tour, was AMP frustrating disappointment. We arrived tired and sick, hoping for a clean well-situated room and close to simple food. Even though we had booked and paid 6 month earlier, it return a long time to allocate us a room. The room smelled of mold and mould was easily found in the bathroom. My wife complained, but all the staff could do was find the missing outside furniture. At dinner, the first night, we experience difficulty name evidently food, that would not worsen our upset stomachs. The chef kindly offered to prepare mashed potatoes, peas and grill chicken, for us, the next night. However, the next day, this offer was undo by management, who declared we had been selected for ""Fine dining"". Fearing this be Sringlish for extra spicy, we yield up and went to bed early, without dinned, which we had already paid for. At least atomic number 85 checkout, deoxyadenosine monophosphate some compensation, the hotel make not lodge for the sandwich and hamburger, we had atomic number 85 the bar. After my wife presented mouldy toiletries to management, they did offer to change rooms, along the second day; but it be too little too late. The hotel has AN impressive entrance and sea view. But what good are those when the hotel fails the bedrock of room and food.",Recreation,our planned highlight to the finish of our sri lankan tour wa amp frustrating disappointment we arrived tired and sick hoping for a clean wellsituated room and close to simple food even though we had booked and paid month earlier it return a long time to allocate u a room the room smelled of mold and mould wa easily found in the bathroom my wife complained but all the staff could do wa find the missing outside furniture at dinner the first night we experience difficulty name evidently food that would not worsen our upset stomach the chef kindly offered to prepare mashed potato pea and grill chicken for u the next night however the next day this offer wa undo by management who declared we had been selected for fine dining fearing this be sringlish for extra spicy we yield up and went to bed early without dinned which we had already paid for at least atomic number checkout deoxyadenosine monophosphate some compensation the hotel make not lodge for the sandwich and hamburger we had atomic number the bar after my wife presented mouldy toiletry to management they did offer to change room along the second day but it be too little too late the hotel ha an impressive entrance and sea view but what good are those when the hotel fails the bedrock of room and food,1273,226
"Our planned highlight, to the end of our Sri Lankan tour, constitute antiophthalmic factor crucify disappointment. We arrived tired and sick, hoping for a clean comfortable room and some simple food. Even though we had booked and give 6 months earlier, it move out a long time to allocate U a room. The way smelled of mould and mould was easily find in the bathroom. My wife complained, but all the staff could do was find the leave out out-of-door furniture. At dinner, the first night, we give birth difficulty finding plain food, that would not aggravate our swage stomachs. The chef kindly offered to prepare mashed potatoes, peas and grilled chicken, for us, the next night. However, the future day, this offer was undone by management, World Health Organization declared we had embody pick out for ""Fine dining"". Fearing this was Sringlish for extra spicy, we gave upwardly and go to bed early, without dinned, which we have already pay for. At least at checkout, a just about compensation, the hotel resolution non charge for the sandwich and hamburger, we had at the bar. After my wife exhibit mouldy toiletries to management, they did offer to change rooms, along the second day; but information technology was as well little too late. The hotel has an impressive entrance and sea view. simply what good are those when the hotel neglect the basics of room and food.",Recreation,our planned highlight to the end of our sri lankan tour constitute antiophthalmic factor crucify disappointment we arrived tired and sick hoping for a clean comfortable room and some simple food even though we had booked and give month earlier it move out a long time to allocate u a room the way smelled of mould and mould wa easily find in the bathroom my wife complained but all the staff could do wa find the leave out outofdoor furniture at dinner the first night we give birth difficulty finding plain food that would not aggravate our swage stomach the chef kindly offered to prepare mashed potato pea and grilled chicken for u the next night however the future day this offer wa undone by management world health organization declared we had embody pick out for fine dining fearing this wa sringlish for extra spicy we gave upwardly and go to bed early without dinned which we have already pay for at least at checkout a just about compensation the hotel resolution non charge for the sandwich and hamburger we had at the bar after my wife exhibit mouldy toiletry to management they did offer to change room along the second day but information technology wa a well little too late the hotel ha an impressive entrance and sea view simply what good are those when the hotel neglect the basic of room and food,1273,226
Don't trust the online reservation,Services,dont trust the online reservation,34,5
Don't rely the online reservation,Services,dont rely the online reservation,34,5
Don't trust the online reservation,Services,dont trust the online reservation,34,5
Don't reliance the online reservation,Services,dont reliance the online reservation,34,5
Don't trust the online qualification,Services,dont trust the online qualification,34,5
Don't trust the on-line reservation,Services,dont trust the online reservation,34,5
Don't trust the online reservation,Services,dont trust the online reservation,34,5
Don't trust the on-line reservation,Services,dont trust the online reservation,34,5
Don't trust the online qualification,Services,dont trust the online qualification,34,5
Don't trust the online booking,Services,dont trust the online booking,34,5
Don't trust the online mental reservation,Services,dont trust the online mental reservation,34,5
"Never have we ever been into such as filthy, serivce-lacking beach resort.  The whole premises is a run-down.  The restaurants are not clean: sticky tables covered with juice stains; rotten salad, bread crumbs and fish bones seem to be part of the chairs and cushions.  Serving beverages with cracked cups/glasses which also have dead insects gluing to them.  The food is not well prepared neither fresh, including the seafood!  Annoyed to be served with stale seafood in a beach resot!  Hotel beach is decorated with trash, including broken bottles.  Guests pay 5-star-resort tariff while 1-star serive is provided.",Recreation,never have we ever been into such a filthy serivcelacking beach resort the whole premise is a rundown the restaurant are not clean sticky table covered with juice stain rotten salad bread crumb and fish bone seem to be part of the chair and cushion serving beverage with cracked cupsglasses which also have dead insect gluing to them the food is not well prepared neither fresh including the seafood annoyed to be served with stale seafood in a beach resot hotel beach is decorated with trash including broken bottle guest pay starresort tariff while star serive is provided,616,98
"Never deliver we of all time been into such as filthy, serivce-lacking beach resort. The whole premises is a run-down. The restaurants are not clean: sticky tables covered with juice stains; rotten salad, bread crumbs and fish bones seem to be part of the chairs and cushions. Serving potable with cracked cups/glasses which also have absolutely dirt ball gluing to them. The solid food is not well prepared neither fresh, including the seafood! Annoyed to be served with stale seafood in a beach resot! Hotel beach is decorated with trash, including broken bottles. Guests pay 5-star-resort duty while 1-star serive is provided.",Recreation,never deliver we of all time been into such a filthy serivcelacking beach resort the whole premise is a rundown the restaurant are not clean sticky table covered with juice stain rotten salad bread crumb and fish bone seem to be part of the chair and cushion serving potable with cracked cupsglasses which also have absolutely dirt ball gluing to them the solid food is not well prepared neither fresh including the seafood annoyed to be served with stale seafood in a beach resot hotel beach is decorated with trash including broken bottle guest pay starresort duty while star serive is provided,616,98
"Never have we ever comprise into such as filthy, serivce-lacking beach resort. The unscathed premises is a run-down. The restaurants atomic number 4 not clean: sticky tables covered with juice stains; rotten salad, bread crumbs and fish cram seem to be part of the chairs and cushions. Serving beverage with break up cups/glasses which as well take all in insects gluing to them. The food is not easily prepared neither fresh, including the seafood! Annoyed to be served with stale seafood in antiophthalmic factor beach resot! hotel beach is decorated with trash, including broken bottles. Guests pay 5-star-resort tariff while 1-star serive is provided.",Recreation,never have we ever comprise into such a filthy serivcelacking beach resort the unscathed premise is a rundown the restaurant atomic number not clean sticky table covered with juice stain rotten salad bread crumb and fish cram seem to be part of the chair and cushion serving beverage with break up cupsglasses which a well take all in insect gluing to them the food is not easily prepared neither fresh including the seafood annoyed to be served with stale seafood in antiophthalmic factor beach resot hotel beach is decorated with trash including broken bottle guest pay starresort tariff while star serive is provided,616,98
"Never ingest we ever be into such as filthy, serivce-lacking beach resort. The whole premises is a run-down. The eating place are not clean: sticky tables covered with succus stains; rotten salad, bread crumbs and fish bones seem to exist voice of the chairs and cushions. Serving beverages with cracked cups/glasses which also have dead insects gluing to them. The food be not wellspring prepared neither fresh, including the seafood! Annoyed to be served with stale seafood in A beach resot! Hotel beach is decorated with trash, including broken bottles. Edgar Albert Guest pay 5-star-resort tariff while 1-star serive is provided.",Recreation,never ingest we ever be into such a filthy serivcelacking beach resort the whole premise is a rundown the eating place are not clean sticky table covered with succus stain rotten salad bread crumb and fish bone seem to exist voice of the chair and cushion serving beverage with cracked cupsglasses which also have dead insect gluing to them the food be not wellspring prepared neither fresh including the seafood annoyed to be served with stale seafood in a beach resot hotel beach is decorated with trash including broken bottle edgar albert guest pay starresort tariff while star serive is provided,616,98
"Never consume we ever been into such as filthy, serivce-lacking beach resort. The whole premises is a run-down. The restaurants are not clean: sticky tables covered with succus stains; rotten salad, lolly crumb and fish bones seem to be part of the chairs and cushions. Serving beverages with cracked cups/glasses which also have dead bird louse glue to them. The intellectual nourishment is not well fain neither fresh, including the seafood! Annoyed to glucinium served with stale seafood in A beach resot! Hotel beach Be decorated with trash, including broken bottles. Guests wage 5-star-resort tariff while 1-star serive is provided.",Recreation,never consume we ever been into such a filthy serivcelacking beach resort the whole premise is a rundown the restaurant are not clean sticky table covered with succus stain rotten salad lolly crumb and fish bone seem to be part of the chair and cushion serving beverage with cracked cupsglasses which also have dead bird louse glue to them the intellectual nourishment is not well fain neither fresh including the seafood annoyed to glucinium served with stale seafood in a beach resot hotel beach be decorated with trash including broken bottle guest wage starresort tariff while star serive is provided,616,98
"Never have we e'er be into such ampere filthy, serivce-lacking beach resort. The whole precede personify angstrom unit run-down. The restaurants are not clean: sticky tables covered with juice stains; rotten salad, bread crumbs and angle bones seem to be part of the chair and cushions. Serving beverages with cracked cups/glasses which also have dead louse paste to them. The food is non well educate neither fresh, including the seafood! Annoyed to be served with stale seafood in a beach resot! Hotel beach be decorated with trash, including broken bottles. Guests pay 5-star-resort tariff while 1-star serive is provided.",Recreation,never have we eer be into such ampere filthy serivcelacking beach resort the whole precede personify angstrom unit rundown the restaurant are not clean sticky table covered with juice stain rotten salad bread crumb and angle bone seem to be part of the chair and cushion serving beverage with cracked cupsglasses which also have dead louse paste to them the food is non well educate neither fresh including the seafood annoyed to be served with stale seafood in a beach resot hotel beach be decorated with trash including broken bottle guest pay starresort tariff while star serive is provided,616,98
"Never get we ever comprise into such A filthy, serivce-lacking beach resort. The whole premises is a run-down. The restaurants are not clean: awkward table covered with juice stains; rotten salad, bread crumbs and Fish bones appear to be part of the lead and cushions. Serving beverages with cracked cups/glasses which likewise own abruptly insects glue to them. The food is not well prepared neither fresh, including the seafood! Annoyed to be served with cold seafood IN group A beach resot! Hotel beach is beautify with trash, including broken bottles. Guests pay 5-star-resort tariff while 1-star serive is provided.",Recreation,never get we ever comprise into such a filthy serivcelacking beach resort the whole premise is a rundown the restaurant are not clean awkward table covered with juice stain rotten salad bread crumb and fish bone appear to be part of the lead and cushion serving beverage with cracked cupsglasses which likewise own abruptly insect glue to them the food is not well prepared neither fresh including the seafood annoyed to be served with cold seafood in group a beach resot hotel beach is beautify with trash including broken bottle guest pay starresort tariff while star serive is provided,616,98
"Never have we ever been into such as filthy, serivce-lacking beach resort. The whole premises is amp run-down. The restaurants are not clean: sticky tables covered with juice stains; icky salad, bread crumbs and Pisces bones appear to be part of the chairs and cushions. Serving beverages with cracked cups/glasses which also have dead insects gluing to them. The food is not well disposed neither fresh, including the seafood! get at to be serve with moth-eaten seafood in a beach resot! Hotel beach is decorated with trash, including broken bottles. Guests yield 5-star-resort tariff while 1-star serive is provided.",Recreation,never have we ever been into such a filthy serivcelacking beach resort the whole premise is amp rundown the restaurant are not clean sticky table covered with juice stain icky salad bread crumb and pisces bone appear to be part of the chair and cushion serving beverage with cracked cupsglasses which also have dead insect gluing to them the food is not well disposed neither fresh including the seafood get at to be serve with motheaten seafood in a beach resot hotel beach is decorated with trash including broken bottle guest yield starresort tariff while star serive is provided,616,98
"ne'er have we ever so been into such as filthy, serivce-lacking beach resort. The whole preface is A run-down. The restaurants constitute not clean: sticky tabularize cover with juice stains; icky salad, bread crumbs and Fish bones seem to represent part of the chairs and cushions. Serving drinkable with cracked cups/glasses which also stimulate dead insects glue to them. The food is non good ready neither fresh, including the seafood! Annoyed to be served with stale seafood Indiana a beach resot! Hotel beach conform to decorated with trash, including broken bottles. Guests pay 5-star-resort tariff while 1-star serive is provided.",Recreation,neer have we ever so been into such a filthy serivcelacking beach resort the whole preface is a rundown the restaurant constitute not clean sticky tabularize cover with juice stain icky salad bread crumb and fish bone seem to represent part of the chair and cushion serving drinkable with cracked cupsglasses which also stimulate dead insect glue to them the food is non good ready neither fresh including the seafood annoyed to be served with stale seafood indiana a beach resot hotel beach conform to decorated with trash including broken bottle guest pay starresort tariff while star serive is provided,616,98
"Never have we ever follow into such as filthy, serivce-lacking beach resort. The whole premises is a run-down. The restaurants are not clean: gluey tables covered with juice stains; rotten salad, bread stinker and fish bones appear to constitute part of the chairperson and cushions. Serving potable with cracked cups/glasses which also have perfectly louse glue to them. The food is not well prepared neither fresh, including the seafood! Annoyed to be serve with stale seafood Hoosier State A beach resot! Hotel beach is decorated with trash, including broken bottles. Guests pay 5-star-resort duty while 1-star serive is provided.",Recreation,never have we ever follow into such a filthy serivcelacking beach resort the whole premise is a rundown the restaurant are not clean gluey table covered with juice stain rotten salad bread stinker and fish bone appear to constitute part of the chairperson and cushion serving potable with cracked cupsglasses which also have perfectly louse glue to them the food is not well prepared neither fresh including the seafood annoyed to be serve with stale seafood hoosier state a beach resot hotel beach is decorated with trash including broken bottle guest pay starresort duty while star serive is provided,616,98
"Never hold we ever live into such as filthy, serivce-lacking beach resort. The whole premises is a run-down. The restaurants represent not clean: muggy tabulate covered with juice stains; rotten salad, bread crumbs and fish bones seem to be part of the chair and cushions. Serving beverages with cracked cups/glasses which also have got dead insects gluing to them. The food is not easy prepared neither fresh, including the seafood! Annoyed to beryllium served with stale seafood in a beach resot! Hotel beach is embellish with trash, include broken bottles. Guests give 5-star-resort tariff while 1-star serive embody provided.",Recreation,never hold we ever live into such a filthy serivcelacking beach resort the whole premise is a rundown the restaurant represent not clean muggy tabulate covered with juice stain rotten salad bread crumb and fish bone seem to be part of the chair and cushion serving beverage with cracked cupsglasses which also have got dead insect gluing to them the food is not easy prepared neither fresh including the seafood annoyed to beryllium served with stale seafood in a beach resot hotel beach is embellish with trash include broken bottle guest give starresort tariff while star serive embody provided,616,98
Fantastic F&B degraded by dirty old rooms,Rooms,fantastic fb degraded by dirty old room,41,7
marvellous F&B degraded by dirty old rooms,Rooms,marvellous fb degraded by dirty old room,41,7
Fantastic F&B degraded by dirty late rooms,Rooms,fantastic fb degraded by dirty late room,41,7
Fantastic F&B degraded by dirty older room,Rooms,fantastic fb degraded by dirty older room,41,7
Fantastic F&B degraded aside soil old rooms,Rooms,fantastic fb degraded aside soil old room,41,7
grand F&B degraded by bemire old rooms,Rooms,grand fb degraded by bemire old room,41,7
fantastic F&B degraded away dirty old rooms,Rooms,fantastic fb degraded away dirty old room,41,7
Fantastic F&B degraded by dirty old way,Rooms,fantastic fb degraded by dirty old way,41,7
antic F&B degraded by dirty onetime rooms,Rooms,antic fb degraded by dirty onetime room,41,7
Fantastic F&B fast away dirty old rooms,Rooms,fantastic fb fast away dirty old room,41,7
Fantastic F&B take down by dirty old rooms,Rooms,fantastic fb take down by dirty old room,41,7
"Overpriced, dirty and with no concept of service.  Weak link in the Heritance chain.",Services,overpriced dirty and with no concept of service weak link in the heritance chain,84,14
"Overpriced, dirty and with no conception of service. Weak connect in the Heritance chain.",Services,overpriced dirty and with no conception of service weak connect in the heritance chain,84,14
"Overpriced, dirty and with No concept of service. faint link in the Heritance chain.",Services,overpriced dirty and with no concept of service faint link in the heritance chain,84,14
"Overpriced, dirty and with no concept of service. Weak link in the Heritance chain.",Services,overpriced dirty and with no concept of service weak link in the heritance chain,84,14
"Overpriced, dirty and with no concept of service. Weak link inwards the Heritance chain.",Services,overpriced dirty and with no concept of service weak link inwards the heritance chain,84,14
"Overpriced, lousy and with no construct of service. Weak connection in the Heritance chain.",Services,overpriced lousy and with no construct of service weak connection in the heritance chain,84,14
"Overpriced, dirty and with no conception of service. Weak link in the Heritance chain.",Services,overpriced dirty and with no conception of service weak link in the heritance chain,84,14
"Overpriced, dirty and with no concept of service. washy link in the Heritance chain.",Services,overpriced dirty and with no concept of service washy link in the heritance chain,84,14
"Overpriced, dirty and with no more concept of service. Weak link in the Heritance chain.",Services,overpriced dirty and with no more concept of service weak link in the heritance chain,84,14
"Overpriced, dirty and with no concept of service. frail link in the Heritance chain.",Services,overpriced dirty and with no concept of service frail link in the heritance chain,84,14
"Overpriced, squalid and with no construct of service. Weak tie-in in the Heritance chain.",Services,overpriced squalid and with no construct of service weak tiein in the heritance chain,84,14
"If you want to relax at a construction site, this is the place for you!!!!",Rooms,if you want to relax at a construction site this is the place for you,74,15
"If you want to loosen at a construction site, this is the place for you!!!!",Rooms,if you want to loosen at a construction site this is the place for you,74,15
"If you want to relax at deoxyadenosine monophosphate construction site, this is the place for you!!!!",Rooms,if you want to relax at deoxyadenosine monophosphate construction site this is the place for you,74,15
"If you wishing to relax At a construction site, this is the place for you!!!!",Rooms,if you wishing to relax at a construction site this is the place for you,74,15
"If you want to make relaxed at a construction site, this is the place for you!!!!",Rooms,if you want to make relaxed at a construction site this is the place for you,74,15
"If you want to relax at type A construction site, this be the place for you!!!!",Rooms,if you want to relax at type a construction site this be the place for you,74,15
"If you want to relax At a construction site, this be the place for you!!!!",Rooms,if you want to relax at a construction site this be the place for you,74,15
"If you deficiency to relax at a build up site, this is the place for you!!!!",Rooms,if you deficiency to relax at a build up site this is the place for you,74,15
"If you want to relax at a construction site, this is the stead for you!!!!",Rooms,if you want to relax at a construction site this is the stead for you,74,15
"If you lack to relax at angstrom unit construction site, this is the place for you!!!!",Rooms,if you lack to relax at angstrom unit construction site this is the place for you,74,15
"If you wish to relax at a construction site, this is the plaza for you!!!!",Rooms,if you wish to relax at a construction site this is the plaza for you,74,15
"Terrible property, they have some audacity to call themselves a 5 Star",Rooms,terrible property they have some audacity to call themselves a star,70,12
"frightening property, they have some audacity to call themselves a 5 hotshot",Rooms,frightening property they have some audacity to call themselves a hotshot,70,12
"Terrible property, they give birth some audacity to call themselves a 5 Star",Rooms,terrible property they give birth some audacity to call themselves a star,70,12
"Terrible property, they have close to temerity to call themselves a 5 Star",Rooms,terrible property they have close to temerity to call themselves a star,70,12
"Terrible property, they have some audacity to hollo themselves a five Star",Rooms,terrible property they have some audacity to hollo themselves a five star,70,12
"Terrible property, they have some audacity to song themselves a quint Star",Rooms,terrible property they have some audacity to song themselves a quint star,70,12
"Terrible property, they induce some audacity to yell themselves a 5 Star",Rooms,terrible property they induce some audacity to yell themselves a star,70,12
"Terrible property, they have around audacity to call themselves a 5 Star",Rooms,terrible property they have around audacity to call themselves a star,70,12
"dire property, they have more or less audacity to call themselves a 5 Star",Rooms,dire property they have more or less audacity to call themselves a star,70,12
"Terrible property, they have some audaciousness to call themselves a 5 ace",Rooms,terrible property they have some audaciousness to call themselves a ace,70,12
"Terrible property, they have some audacity to call themselves a 5 whirr",Rooms,terrible property they have some audacity to call themselves a whirr,70,12
"Tired, below average food and service but lovely setting",Services,tired below average food and service but lovely setting,56,9
"Tired, at a lower place average food and service but lovely setting",Services,tired at a lower place average food and service but lovely setting,56,9
"Tired, below average out food and service but pin-up setting",Services,tired below average out food and service but pinup setting,56,9
"Tired, below average nutrient and divine service but lovely setting",Services,tired below average nutrient and divine service but lovely setting,56,9
"Tired, below average food and serve but lovely set",Services,tired below average food and serve but lovely set,56,9
"Tired, below liaise food and service but lovely setting",Services,tired below liaise food and service but lovely setting,56,9
"Tired, beneath average food and religious service but lovely setting",Services,tired beneath average food and religious service but lovely setting,56,9
"Tired, below modal food for thought and service but lovely setting",Services,tired below modal food for thought and service but lovely setting,56,9
"Tired, below average food and armed service merely lovely setting",Services,tired below average food and armed service merely lovely setting,56,9
"Tired, below average food and service but lovely setting",Services,tired below average food and service but lovely setting,56,9
"Tired, below mediocre food and inspection and repair but lovely setting",Services,tired below mediocre food and inspection and repair but lovely setting,56,9
A Good looking hotel with terrible service,Services,a good looking hotel with terrible service,42,7
A good await hotel with terrible service,Services,a good await hotel with terrible service,42,7
A Good look hotel with terrible service,Services,a good look hotel with terrible service,42,7
A substantially looking hotel with terrible service,Services,a substantially looking hotel with terrible service,42,7
A Good look hotel with terrible service,Services,a good look hotel with terrible service,42,7
group A unspoiled looking hotel with terrible service,Services,group a unspoiled looking hotel with terrible service,42,7
A honorable looking hotel with terrible Service,Services,a honorable looking hotel with terrible service,42,7
vitamin A Good looking hotel with unspeakable service,Services,vitamin a good looking hotel with unspeakable service,42,7
antiophthalmic factor Good looking hotel with terrible service,Services,antiophthalmic factor good looking hotel with terrible service,42,7
deoxyadenosine monophosphate good looking hotel with terrible service,Services,deoxyadenosine monophosphate good looking hotel with terrible service,42,7
A good looking hotel with dreaded service,Services,a good looking hotel with dreaded service,42,7
Friendly Staff Dirty Hotel,Rooms,friendly staff dirty hotel,26,4
Friendly Staff dirty Hotel,Rooms,friendly staff dirty hotel,26,4
Friendly Staff Dirty hotel,Rooms,friendly staff dirty hotel,26,4
Friendly staff Dirty Hotel,Rooms,friendly staff dirty hotel,26,4
Friendly Staff soiled Hotel,Rooms,friendly staff soiled hotel,26,4
favorable Staff Dirty Hotel,Rooms,favorable staff dirty hotel,26,4
friendly Staff Dirty Hotel,Rooms,friendly staff dirty hotel,26,4
friendly Staff Dirty Hotel,Rooms,friendly staff dirty hotel,26,4
Friendly staff Dirty Hotel,Rooms,friendly staff dirty hotel,26,4
friendly Staff Dirty Hotel,Rooms,friendly staff dirty hotel,26,4
Friendly Staff foul Hotel,Rooms,friendly staff foul hotel,26,4
Great Architecture coupled with horrible management equals: We don't come back,Rooms,great architecture coupled with horrible management equal we dont come back,78,11
Great Architecture coupled with ugly management equals: We don't come bet on,Rooms,great architecture coupled with ugly management equal we dont come bet on,78,11
Great Architecture coupled with ugly direction equals: We don't come back,Rooms,great architecture coupled with ugly direction equal we dont come back,78,11
Great architecture coupled with horrible management equals: We don't come back,Rooms,great architecture coupled with horrible management equal we dont come back,78,11
Great Architecture coupled with horrible direction equals: We don't occur gage,Rooms,great architecture coupled with horrible direction equal we dont occur gage,78,11
great architecture conjugated with horrible management equals: We don't come back,Rooms,great architecture conjugated with horrible management equal we dont come back,78,11
Great Architecture coupled with horrible direction equals: We don't come back,Rooms,great architecture coupled with horrible direction equal we dont come back,78,11
neat Architecture match with horrible management equals: We don't come back,Rooms,neat architecture match with horrible management equal we dont come back,78,11
Great Architecture pair with horrible management equals: We don't come back,Rooms,great architecture pair with horrible management equal we dont come back,78,11
working capital Architecture copulate with horrible management equals: We don't come back,Rooms,working capital architecture copulate with horrible management equal we dont come back,78,11
Great architecture coupled with horrible management equals: We don't come back,Rooms,great architecture coupled with horrible management equal we dont come back,78,11
Not great.  Not sure what alternative there may be.  Just a giant ugly hotel.,Food,not great not sure what alternative there may be just a giant ugly hotel,77,14
Not great. Not certain what alternative there may be. Just a giant atrocious hotel.,Food,not great not certain what alternative there may be just a giant atrocious hotel,77,14
Not great. Not sure what alternative in that location may be. Just a gargantuan despicable hotel.,Food,not great not sure what alternative in that location may be just a gargantuan despicable hotel,77,14
not great. Not sure what alternative there may be. Just deoxyadenosine monophosphate giant ugly hotel.,Food,not great not sure what alternative there may be just deoxyadenosine monophosphate giant ugly hotel,77,14
Not great. Not incontestable what alternative there English hawthorn be. Just a giant ugly hotel.,Food,not great not incontestable what alternative there english hawthorn be just a giant ugly hotel,77,14
Not great. Not sure what substitute there May be. Just vitamin A giant despicable hotel.,Food,not great not sure what substitute there may be just vitamin a giant despicable hotel,77,14
Not great. Not certain what alternative thither whitethorn be. Just a giant ugly hotel.,Food,not great not certain what alternative thither whitethorn be just a giant ugly hotel,77,14
Not great. Not sure enough what alternative there may be. Just deoxyadenosine monophosphate behemoth ugly hotel.,Food,not great not sure enough what alternative there may be just deoxyadenosine monophosphate behemoth ugly hotel,77,14
Not great. non sure what alternative at that place may be. Just ampere giant frightful hotel.,Food,not great non sure what alternative at that place may be just ampere giant frightful hotel,77,14
Not great. not sure what alternative there Crataegus oxycantha be. simply a giant ugly hotel.,Food,not great not sure what alternative there crataegus oxycantha be simply a giant ugly hotel,77,14
Not great. Not sure what alternative there English hawthorn be. Just A giant surly hotel.,Food,not great not sure what alternative there english hawthorn be just a giant surly hotel,77,14
"When I walked in the lobby, it was very crowede and noisy, I saw the swimming pool from lobby, it was as crowded as disneyland, I cannot believe this is a 5 star hotel. And the swimming pool was somehow under maintance, can see the view as saw on the website. No bath tub in the bathroom. My flight was 12 noon, so I had an early breakfast at 7:20am, the breakfast time started at 7am, but it was chaos when I walked in the restaurant, staff in the restaurant were chatting, laughing, there's no Professional at all!! I was sooo disappointed at Heritance Ahungalla hotel!!!",Services,when i walked in the lobby it wa very crowede and noisy i saw the swimming pool from lobby it wa a crowded a disneyland i can not believe this is a star hotel and the swimming pool wa somehow under maintance can see the view a saw on the website no bath tub in the bathroom my flight wa noon so i had an early breakfast at am the breakfast time started at am but it wa chaos when i walked in the restaurant staff in the restaurant were chatting laughing there no professional at all i wa sooo disappointed at heritance ahungalla hotel,573,106
"When atomic number 53 walk atomic number 49 the lobby, it was really crowede and noisy, I assure the swimming pool from lobby, it live as crowded as disneyland, iodine cannot believe this be a pentad star hotel. And the swimming pool was somehow under maintance, can see the view as run into on the website. no bath tub in the bathroom. My flight was 12 noon, so I make an early breakfast at 7:20am, the breakfast time started at 7am, only it was chaos when 1 walked in the restaurant, faculty atomic number 49 the eating house were chatting, laughing, there's no Professional at all!! I was sooo disappointed at Heritance Ahungalla hotel!!!",Services,when atomic number walk atomic number the lobby it wa really crowede and noisy i assure the swimming pool from lobby it live a crowded a disneyland iodine can not believe this be a pentad star hotel and the swimming pool wa somehow under maintance can see the view a run into on the website no bath tub in the bathroom my flight wa noon so i make an early breakfast at am the breakfast time started at am only it wa chaos when walked in the restaurant faculty atomic number the eating house were chatting laughing there no professional at all i wa sooo disappointed at heritance ahungalla hotel,573,106
"When I walked in the lobby, information technology was very crowede and noisy, I saw the swimming pool from lobby, it exist as crowded vitamin A disneyland, I cannot believe this follow a five star hotel. And the swimming pool was somehow below maintance, can see the view as byword on the website. No tub tub indium the bathroom. My flight was 12 noon, so i had an early breakfast at 7:20am, the breakfast prison term started at 7am, but IT be chaos when I walked in the restaurant, staff in the restaurant were chatting, laughing, there's atomic number 102 Professional at all!! I was sooo discomfited at Heritance Ahungalla hotel!!!",Services,when i walked in the lobby information technology wa very crowede and noisy i saw the swimming pool from lobby it exist a crowded vitamin a disneyland i can not believe this follow a five star hotel and the swimming pool wa somehow below maintance can see the view a byword on the website no tub tub indium the bathroom my flight wa noon so i had an early breakfast at am the breakfast prison term started at am but it be chaos when i walked in the restaurant staff in the restaurant were chatting laughing there atomic number professional at all i wa sooo discomfited at heritance ahungalla hotel,573,106
"When I walked in the lobby, information technology was very crowede and noisy, I saw the be adrift pool from lobby, it was as crowded as disneyland, one cannot believe this is a 5 hotshot hotel. And the swimming pool was somehow nether maintance, can see the view as see on the website. nobelium bath tub in the bathroom. My flight follow 12 noon, thence I had an early breakfast at 7:20am, the breakfast time started atomic number 85 7am, but it was bedlam when I walk in the restaurant, staff in the restaurant were chatting, laughing, there's no professional person at all!! I was sooo disappointed at Heritance Ahungalla hotel!!!",Services,when i walked in the lobby information technology wa very crowede and noisy i saw the be adrift pool from lobby it wa a crowded a disneyland one can not believe this is a hotshot hotel and the swimming pool wa somehow nether maintance can see the view a see on the website nobelium bath tub in the bathroom my flight follow noon thence i had an early breakfast at am the breakfast time started atomic number am but it wa bedlam when i walk in the restaurant staff in the restaurant were chatting laughing there no professional person at all i wa sooo disappointed at heritance ahungalla hotel,573,106
"When one paseo in the lobby, it live very crowede and noisy, I saw the ice-cream soda pool from lobby, IT was as crowded adenine disneyland, I cannot believe this is a quintuplet star hotel. And the swimming pool was somehow under maintance, can see the view as byword on the website. No bathroom tub in the bathroom. My flight was 12 noon, so i had an ahead of time breakfast at 7:20am, the breakfast time started astatine 7am, but it was chaos when I walked in the restaurant, faculty in the restaurant represent chatting, laughing, there's no Professional at all!! I was sooo let down at Heritance Ahungalla hotel!!!",Services,when one paseo in the lobby it live very crowede and noisy i saw the icecream soda pool from lobby it wa a crowded adenine disneyland i can not believe this is a quintuplet star hotel and the swimming pool wa somehow under maintance can see the view a byword on the website no bathroom tub in the bathroom my flight wa noon so i had an ahead of time breakfast at am the breakfast time started astatine am but it wa chaos when i walked in the restaurant faculty in the restaurant represent chatting laughing there no professional at all i wa sooo let down at heritance ahungalla hotel,573,106
"When I walked in the lobby, it was very crowede and noisy, I saw the swimming pool from lobby, it was as crowded every bit disneyland, I cannot believe this is a v star hotel. And the swim pool personify somehow under maintance, can ascertain the view as visit on the website. No bath tub atomic number 49 the bathroom. My flight was 12 noon, hence I had an early breakfast at 7:20am, the breakfast clock time started atomic number 85 7am, simply information technology was chaos when I walked atomic number 49 the restaurant, staff indium the restaurant were chatting, laughing, there's no Professional at all!! I was sooo disappointed At Heritance Ahungalla hotel!!!",Services,when i walked in the lobby it wa very crowede and noisy i saw the swimming pool from lobby it wa a crowded every bit disneyland i can not believe this is a v star hotel and the swim pool personify somehow under maintance can ascertain the view a visit on the website no bath tub atomic number the bathroom my flight wa noon hence i had an early breakfast at am the breakfast clock time started atomic number am simply information technology wa chaos when i walked atomic number the restaurant staff indium the restaurant were chatting laughing there no professional at all i wa sooo disappointed at heritance ahungalla hotel,573,106
"When single walked in the lobby, it was real crowede and noisy, i saw the swim syndicate from lobby, it was as crowded as disneyland, 1 cannot believe this cost a 5 star hotel. And the swimming pool follow in some manner nether maintance, can see the view as meet on the website. No bath tub indium the bathroom. My trajectory was 12 noon, so unity take an former breakfast at 7:20am, the breakfast time started at 7am, but it was chaos when I walk in the restaurant, staff in the restaurant were chatting, laughing, there's no more Professional at all!! I was sooo disappointed at Heritance Ahungalla hotel!!!",Services,when single walked in the lobby it wa real crowede and noisy i saw the swim syndicate from lobby it wa a crowded a disneyland can not believe this cost a star hotel and the swimming pool follow in some manner nether maintance can see the view a meet on the website no bath tub indium the bathroom my trajectory wa noon so unity take an former breakfast at am the breakfast time started at am but it wa chaos when i walk in the restaurant staff in the restaurant were chatting laughing there no more professional at all i wa sooo disappointed at heritance ahungalla hotel,573,106
"When ace walked in the lobby, it was very crowede and noisy, I saw the swimming pool from lobby, it was Eastern Samoa crowded as disneyland, I cannot believe this is a 5 leading hotel. And the swim pool Washington somehow under maintance, can encounter the view as saw on the website. no bath tub inwards the bathroom. My flight be 12 noon, indeed atomic number 53 had an early breakfast At 7:20am, the breakfast time started at 7am, but it Washington chaos when one walked atomic number 49 the restaurant, staff in the restaurant were chatting, laughing, there's no Professional at all!! I was sooo disappointed at Heritance Ahungalla hotel!!!",Services,when ace walked in the lobby it wa very crowede and noisy i saw the swimming pool from lobby it wa eastern samoa crowded a disneyland i can not believe this is a leading hotel and the swim pool washington somehow under maintance can encounter the view a saw on the website no bath tub inwards the bathroom my flight be noon indeed atomic number had an early breakfast at am the breakfast time started at am but it washington chaos when one walked atomic number the restaurant staff in the restaurant were chatting laughing there no professional at all i wa sooo disappointed at heritance ahungalla hotel,573,106
"When I walk in the lobby, it was very crowede and noisy, I take care the swimming pool from lobby, it was as crowded as disneyland, I cannot believe this is a 5 star hotel. And the swimming pool was in some way below maintance, can see the view as saw along the website. No bath tub in the bathroom. My flight be dozen noon, so I have AN former breakfast atomic number 85 7:20am, the breakfast clock time started at 7am, but it was chaos when I walked atomic number 49 the restaurant, stave in the restaurant were chatting, laughing, there's no professional person at all!! I was sooo disappointed at Heritance Ahungalla hotel!!!",Services,when i walk in the lobby it wa very crowede and noisy i take care the swimming pool from lobby it wa a crowded a disneyland i can not believe this is a star hotel and the swimming pool wa in some way below maintance can see the view a saw along the website no bath tub in the bathroom my flight be dozen noon so i have an former breakfast atomic number am the breakfast clock time started at am but it wa chaos when i walked atomic number the restaurant stave in the restaurant were chatting laughing there no professional person at all i wa sooo disappointed at heritance ahungalla hotel,573,106
"When I walked In the lobby, it was rattling crowede and noisy, unity saw the swimming pool from lobby, it was as crowded as disneyland, I cannot believe this is a 5 starring hotel. And the swimming puddle was somehow below maintance, give the axe seem the view as saw along the website. No bath tub Hoosier State the bathroom. My flight was 12 noon, so I have an early breakfast at 7:20am, the breakfast time started at 7am, just it was chaos when I walked in the restaurant, staff in the restaurant were chatting, laughing, there's no Professional at all!! I be sooo disappoint at Heritance Ahungalla hotel!!!",Services,when i walked in the lobby it wa rattling crowede and noisy unity saw the swimming pool from lobby it wa a crowded a disneyland i can not believe this is a starring hotel and the swimming puddle wa somehow below maintance give the axe seem the view a saw along the website no bath tub hoosier state the bathroom my flight wa noon so i have an early breakfast at am the breakfast time started at am just it wa chaos when i walked in the restaurant staff in the restaurant were chatting laughing there no professional at all i be sooo disappoint at heritance ahungalla hotel,573,106
"When I walk in the lobby, it was very crowede and noisy, I saw the swimming pool from lobby, it was American Samoa crowd as disneyland, I cannot believe this is a 5 star hotel. And the swimming pool was someways under maintance, can meet the view angstrom unit saw on the website. No bathroom tub in the bathroom. My flight of stairs was 12 noon, so ace had an early breakfast At 7:20am, the breakfast time start at 7am, simply it was chaos when I walked in the restaurant, staff Hoosier State the restaurant were chatting, laughing, there's no professional at all!! I was sooo disappointed at Heritance Ahungalla hotel!!!",Services,when i walk in the lobby it wa very crowede and noisy i saw the swimming pool from lobby it wa american samoa crowd a disneyland i can not believe this is a star hotel and the swimming pool wa someways under maintance can meet the view angstrom unit saw on the website no bathroom tub in the bathroom my flight of stair wa noon so ace had an early breakfast at am the breakfast time start at am simply it wa chaos when i walked in the restaurant staff hoosier state the restaurant were chatting laughing there no professional at all i wa sooo disappointed at heritance ahungalla hotel,573,106
Package holiday camp overrun with Russians,Rooms,package holiday camp overrun with russian,42,6
Package holiday camp overrun with Russians,Rooms,package holiday camp overrun with russian,42,6
Package holiday campy overrun with Russians,Rooms,package holiday campy overrun with russian,42,6
Package holiday camp well over with Russians,Rooms,package holiday camp well over with russian,42,6
Package holiday camp out overrun with Russians,Rooms,package holiday camp out overrun with russian,42,6
Package holiday camp overrun with Russians,Rooms,package holiday camp overrun with russian,42,6
package holiday camp overrun with Russians,Rooms,package holiday camp overrun with russian,42,6
box holiday camp overrun with Russians,Rooms,box holiday camp overrun with russian,42,6
Package holiday clique overrun with Russians,Rooms,package holiday clique overrun with russian,42,6
Package vacation camp overrun with Russians,Rooms,package vacation camp overrun with russian,42,6
Package vacation camp overrun with Russians,Rooms,package vacation camp overrun with russian,42,6
"Never have we ever been into such as filthy, serivce-lacking beach resort.  The whole premises is a run-down.  The restaurants are not clean: sticky tables covered with juice stains; rotten salad, bread crumbs and fish bones seem to be part of the chairs and cushions.  Serving beverages with cracked cups/glasses which also have dead insects gluing to them.  The food is not well prepared neither fresh, including the seafood!  Annoyed to be served with stale seafood in a beach resot!  Hotel beach is decorated with trash, including broken bottles.  Guests pay 5-star-resort tariff while 1-star serive is provided.",Rooms,never have we ever been into such a filthy serivcelacking beach resort the whole premise is a rundown the restaurant are not clean sticky table covered with juice stain rotten salad bread crumb and fish bone seem to be part of the chair and cushion serving beverage with cracked cupsglasses which also have dead insect gluing to them the food is not well prepared neither fresh including the seafood annoyed to be served with stale seafood in a beach resot hotel beach is decorated with trash including broken bottle guest pay starresort tariff while star serive is provided,616,98
"Never have we of all time been into such amp filthy, serivce-lacking beach resort. The whole premises is a run-down. The restaurants are not clean: sticky tables covered with succus stains; rotten salad, bread crumbs and fish bones seem to be break of the chair and cushions. Serving beverages with cracked cups/glasses which also have dead worm gluing to them. The food is not well prepared neither fresh, including the seafood! irritated to follow dish out with stale seafood in a beach resot! Hotel beach is grace with trash, including break off bottles. Guests pay 5-star-resort tariff patch 1-star serive is provided.",Rooms,never have we of all time been into such amp filthy serivcelacking beach resort the whole premise is a rundown the restaurant are not clean sticky table covered with succus stain rotten salad bread crumb and fish bone seem to be break of the chair and cushion serving beverage with cracked cupsglasses which also have dead worm gluing to them the food is not well prepared neither fresh including the seafood irritated to follow dish out with stale seafood in a beach resot hotel beach is grace with trash including break off bottle guest pay starresort tariff patch star serive is provided,616,98
"never have we ever been into such as filthy, serivce-lacking beach resort. The unharmed assumption is amp run-down. The restaurants are not clean: gummy tables cover with juice stains; rotten salad, bread crumbs and fish cram look to be part of the chairs and cushions. serve beverages with crack cups/glasses which also have dead insects gluing to them. The food is not good prepare neither fresh, let in the seafood! Annoyed to be serve with stale seafood in a beach resot! hotel beach is decorated with trash, including broken bottles. Guests pay 5-star-resort tariff while 1-star serive personify provided.",Rooms,never have we ever been into such a filthy serivcelacking beach resort the unharmed assumption is amp rundown the restaurant are not clean gummy table cover with juice stain rotten salad bread crumb and fish cram look to be part of the chair and cushion serve beverage with crack cupsglasses which also have dead insect gluing to them the food is not good prepare neither fresh let in the seafood annoyed to be serve with stale seafood in a beach resot hotel beach is decorated with trash including broken bottle guest pay starresort tariff while star serive personify provided,616,98
"Never have we ever been into such as filthy, serivce-lacking beach resort. The whole premises is a run-down. The eatery are not clean: sticky tables covered with juice stains; rotten salad, bread dirty dog and angle bones seem to be part of the chairs and cushions. Serving potable with cracked cups/glasses which also have dead insects mucilage to them. The food compeer not well prepare neither fresh, including the seafood! Annoyed to be served with stale seafood inch a beach resot! Hotel beach is decorated with trash, let in broken bottles. Guests pay 5-star-resort tariff while 1-star serive represent provided.",Rooms,never have we ever been into such a filthy serivcelacking beach resort the whole premise is a rundown the eatery are not clean sticky table covered with juice stain rotten salad bread dirty dog and angle bone seem to be part of the chair and cushion serving potable with cracked cupsglasses which also have dead insect mucilage to them the food compeer not well prepare neither fresh including the seafood annoyed to be served with stale seafood inch a beach resot hotel beach is decorated with trash let in broken bottle guest pay starresort tariff while star serive represent provided,616,98
"Never have we ever been into such as filthy, serivce-lacking beach resort. The whole assumption be a run-down. The restaurants personify not clean: sticky tables covered with juice stains; rotten salad, pelf crumbs and fish bones seem to be part of the chairs and cushions. Serving potable with cracked cups/glasses which also ingest absolutely insects glue to them. The food is not well prepared neither fresh, including the seafood! annoy to be served with stale seafood in a beach resot! hotel beach is decorated with trash, including broken bottles. invitee pay 5-star-resort tariff while 1-star serive is provided.",Rooms,never have we ever been into such a filthy serivcelacking beach resort the whole assumption be a rundown the restaurant personify not clean sticky table covered with juice stain rotten salad pelf crumb and fish bone seem to be part of the chair and cushion serving potable with cracked cupsglasses which also ingest absolutely insect glue to them the food is not well prepared neither fresh including the seafood annoy to be served with stale seafood in a beach resot hotel beach is decorated with trash including broken bottle invitee pay starresort tariff while star serive is provided,616,98
"Never have we always been into such as filthy, serivce-lacking beach resort. The whole premises is group A run-down. The restaurants are not clean: pasty hold over covered with juice stains; rotten salad, bread dirty dog and Fish bones seem to make up role of the chairs and cushions. Serving beverages with cracked cups/glasses which also experience dead insects gluing to them. The food is non well prepared neither fresh, including the seafood! Annoyed to be served with cold seafood in a beach resot! Hotel beach is decorate with trash, hold cave in bottles. Guests pay 5-star-resort tariff while 1-star serive is provided.",Rooms,never have we always been into such a filthy serivcelacking beach resort the whole premise is group a rundown the restaurant are not clean pasty hold over covered with juice stain rotten salad bread dirty dog and fish bone seem to make up role of the chair and cushion serving beverage with cracked cupsglasses which also experience dead insect gluing to them the food is non well prepared neither fresh including the seafood annoyed to be served with cold seafood in a beach resot hotel beach is decorate with trash hold cave in bottle guest pay starresort tariff while star serive is provided,616,98
"Never have we ever been into such A filthy, serivce-lacking beach resort. The whole introduce be a run-down. The restaurants are not clean: sticky tables plow with succus stains; rotten salad, bread crumb and fish bones seem to personate break of the chairs and cushions. Serving beverages with cracked cups/glasses which also have dead insects gluing to them. The food is not considerably prepare neither fresh, let in the seafood! Annoyed to be served with stale seafood inch a beach resot! Hotel beach represent decorated with trash, include broken bottles. Guests pay up 5-star-resort tariff while 1-star serive is provided.",Rooms,never have we ever been into such a filthy serivcelacking beach resort the whole introduce be a rundown the restaurant are not clean sticky table plow with succus stain rotten salad bread crumb and fish bone seem to personate break of the chair and cushion serving beverage with cracked cupsglasses which also have dead insect gluing to them the food is not considerably prepare neither fresh let in the seafood annoyed to be served with stale seafood inch a beach resot hotel beach represent decorated with trash include broken bottle guest pay up starresort tariff while star serive is provided,616,98
"Never receive we ever so been into such as filthy, serivce-lacking beach resort. The whole premises is a run-down. The restaurants are not clean: sticky tables covered with juice stains; rotten salad, lucre dirty dog and fish bones appear to be part of the chairwoman and cushions. Serving beverages with cracked cups/glasses which likewise have dead insects gluing to them. The food be not advantageously prepared neither fresh, including the seafood! Annoyed to be served with stale seafood in angstrom unit beach resot! hotel beach is decorated with trash, admit break bottles. Guests bear 5-star-resort tariff piece 1-star serive is provided.",Rooms,never receive we ever so been into such a filthy serivcelacking beach resort the whole premise is a rundown the restaurant are not clean sticky table covered with juice stain rotten salad lucre dirty dog and fish bone appear to be part of the chairwoman and cushion serving beverage with cracked cupsglasses which likewise have dead insect gluing to them the food be not advantageously prepared neither fresh including the seafood annoyed to be served with stale seafood in angstrom unit beach resot hotel beach is decorated with trash admit break bottle guest bear starresort tariff piece star serive is provided,616,98
"Never have we ever be into such as filthy, serivce-lacking beach resort. The unanimous precede is a run-down. The eating house are not clean: sticky board covered with juice stains; reek salad, clams crumb and Fish finger cymbals seem to be part of the chairs and cushions. Serving beverages with cracked cups/glasses which also get dead insects gluing to them. The food is not well prepared neither fresh, including the seafood! Annoyed to glucinium served with stale seafood in a beach resot! Hotel beach is decorated with trash, including break dance bottles. guest pay 5-star-resort tariff patch 1-star serive is provided.",Rooms,never have we ever be into such a filthy serivcelacking beach resort the unanimous precede is a rundown the eating house are not clean sticky board covered with juice stain reek salad clam crumb and fish finger cymbal seem to be part of the chair and cushion serving beverage with cracked cupsglasses which also get dead insect gluing to them the food is not well prepared neither fresh including the seafood annoyed to glucinium served with stale seafood in a beach resot hotel beach is decorated with trash including break dance bottle guest pay starresort tariff patch star serive is provided,616,98
"Never have we ever been into such angstrom filthy, serivce-lacking beach resort. The altogether premise represent a run-down. The restaurants are not clean: pasty board cut across with juice stains; rotten salad, shekels skunk and fish bones appear to be part of the chairman and cushions. serve well beverages with cracked cups/glasses which also have dead insects gluing to them. The food is non well inclined neither fresh, including the seafood! chafe to be dish out with stale seafood inch a beach resot! hotel beach is decorated with trash, including broken bottles. Guests pay 5-star-resort tariff while 1-star serive is provided.",Rooms,never have we ever been into such angstrom filthy serivcelacking beach resort the altogether premise represent a rundown the restaurant are not clean pasty board cut across with juice stain rotten salad shekel skunk and fish bone appear to be part of the chairman and cushion serve well beverage with cracked cupsglasses which also have dead insect gluing to them the food is non well inclined neither fresh including the seafood chafe to be dish out with stale seafood inch a beach resot hotel beach is decorated with trash including broken bottle guest pay starresort tariff while star serive is provided,616,98
"Never have we of all time been into such as filthy, serivce-lacking beach resort. The whole premises is a run-down. The restaurants are not clean: sticky tables covered with juice stains; rotten salad, bread crumbs and Fish os seem to follow part of the chairman and cushions. Serving potable with cracked cups/glasses which too have dead insect glue to them. The food is not well prepare neither fresh, including the seafood! Annoyed to be serve with stale seafood IN antiophthalmic factor beach resot! Hotel beach be decorated with trash, including break dance bottles. Guests pay up 5-star-resort tariff while 1-star serive be provided.",Rooms,never have we of all time been into such a filthy serivcelacking beach resort the whole premise is a rundown the restaurant are not clean sticky table covered with juice stain rotten salad bread crumb and fish o seem to follow part of the chairman and cushion serving potable with cracked cupsglasses which too have dead insect glue to them the food is not well prepare neither fresh including the seafood annoyed to be serve with stale seafood in antiophthalmic factor beach resot hotel beach be decorated with trash including break dance bottle guest pay up starresort tariff while star serive be provided,616,98
Not to my taste,Food,not to my taste,15,4
non to my taste,Food,non to my taste,15,4
Not to my sense of taste,Food,not to my sense of taste,15,4
Not to my taste,Food,not to my taste,15,4
not to my taste,Food,not to my taste,15,4
Not to my appreciation,Food,not to my appreciation,15,4
Not to my taste,Food,not to my taste,15,4
Not to my taste,Food,not to my taste,15,4
not to my taste,Food,not to my taste,15,4
not to my taste,Food,not to my taste,15,4
non to my taste,Food,non to my taste,15,4
"Unhappy experience. Boring food, unprofessional front office staff. Spa was awesome",Recreation,unhappy experience boring food unprofessional front office staff spa wa awesome,83,11
"Unhappy experience. Boring food, unprofessional front office staff. Spa unrecorded awesome",Recreation,unhappy experience boring food unprofessional front office staff spa unrecorded awesome,83,11
"Unhappy experience. wearisome food, unprofessional forepart office staff. Spa was awesome",Recreation,unhappy experience wearisome food unprofessional forepart office staff spa wa awesome,83,11
"unhappy experience. Boring food, unprofessional social movement office staff. Spa was awesome",Recreation,unhappy experience boring food unprofessional social movement office staff spa wa awesome,83,11
"dysphoric experience. Boring food, unprofessional front office staff. Spa was awesome",Recreation,dysphoric experience boring food unprofessional front office staff spa wa awesome,83,11
"Unhappy experience. tedious food, unprofessional front office staff. Spa was awesome",Recreation,unhappy experience tedious food unprofessional front office staff spa wa awesome,83,11
"Unhappy experience. Boring food, unprofessional front berth staff. Spa was awe-inspiring",Recreation,unhappy experience boring food unprofessional front berth staff spa wa aweinspiring,83,11
"unhappy experience. Boring food, unprofessional front office staff. Spa Evergreen State awesome",Recreation,unhappy experience boring food unprofessional front office staff spa evergreen state awesome,83,11
"Unhappy experience. Boring food, unprofessional front man office staff. Spa was awesome",Recreation,unhappy experience boring food unprofessional front man office staff spa wa awesome,83,11
"unhappy experience. Boring food, unprofessional front office staff. Spa be awesome",Recreation,unhappy experience boring food unprofessional front office staff spa be awesome,83,11
"Unhappy experience. Boring food, unprofessional social movement billet staff. spa was awesome",Recreation,unhappy experience boring food unprofessional social movement billet staff spa wa awesome,83,11
Sadly deteriorated facilities & service,Services,sadly deteriorated facility service,39,5
Sadly degenerate facilities & service,Services,sadly degenerate facility service,39,5
Sadly deteriorated adroitness & service,Services,sadly deteriorated adroitness service,39,5
Sadly deteriorated facilities & service,Services,sadly deteriorated facility service,39,5
Sadly deteriorated facilities & Robert William Service,Services,sadly deteriorated facility robert william service,39,5
Sadly deteriorated facilities & service,Services,sadly deteriorated facility service,39,5
Sadly degenerate facilities & service,Services,sadly degenerate facility service,39,5
Sadly deteriorated facility & service,Services,sadly deteriorated facility service,39,5
sadly deteriorated facilities & service,Services,sadly deteriorated facility service,39,5
Sadly deteriorated facilities & service,Services,sadly deteriorated facility service,39,5
sadly deteriorated facilities & service,Services,sadly deteriorated facility service,39,5
Not a 5 Star hotel - no entertainment - poor restaurant choices.,Recreation,not a star hotel no entertainment poor restaurant choice,64,12
Not angstrom unit 5 Star hotel - nobelium entertainment - pathetic restaurant choices.,Recreation,not angstrom unit star hotel nobelium entertainment pathetic restaurant choice,64,12
not a 5 Star hotel - no entertainment - poor eatery choices.,Recreation,not a star hotel no entertainment poor eatery choice,64,12
non type A V Star hotel - no entertainment - poor restaurant choices.,Recreation,non type a v star hotel no entertainment poor restaurant choice,64,12
not a 5 Star hotel - atomic number 102 entertainment - poor restaurant choices.,Recreation,not a star hotel atomic number entertainment poor restaurant choice,64,12
Not a 5 star hotel - no entertainment - poor eatery choices.,Recreation,not a star hotel no entertainment poor eatery choice,64,12
Not adenine 5 Star hotel - no entertainment - poor restaurant choices.,Recreation,not adenine star hotel no entertainment poor restaurant choice,64,12
non a pentad Star hotel - no entertainment - poor restaurant choices.,Recreation,non a pentad star hotel no entertainment poor restaurant choice,64,12
Not deoxyadenosine monophosphate 5 Star hotel - no entertainment - poor restaurant choices.,Recreation,not deoxyadenosine monophosphate star hotel no entertainment poor restaurant choice,64,12
Not a 5 superstar hotel - no entertainment - poor restaurant choices.,Recreation,not a superstar hotel no entertainment poor restaurant choice,64,12
Not A 5 Star hotel - no entertainment - poor restaurant choices.,Recreation,not a star hotel no entertainment poor restaurant choice,64,12
Lovely hotel awful service,Services,lovely hotel awful service,26,4
cover girl hotel awful service,Services,cover girl hotel awful service,26,4
Lovely hotel tremendous service,Services,lovely hotel tremendous service,26,4
Lovely hotel awful servicing,Services,lovely hotel awful servicing,26,4
Lovely hotel awful Service,Services,lovely hotel awful service,26,4
lovely hotel awful service,Services,lovely hotel awful service,26,4
Lovely hotel dreadful service,Services,lovely hotel dreadful service,26,4
Lovely hotel awful religious service,Services,lovely hotel awful religious service,26,4
Lovely hotel awful armed service,Services,lovely hotel awful armed service,26,4
Lovely hotel awful service,Services,lovely hotel awful service,26,4
Lovely hotel fearful service,Services,lovely hotel fearful service,26,4
"Never have we ever been into such as filthy, serivce-lacking beach resort.  The whole premises is a run-down.  The restaurants are not clean: sticky tables covered with juice stains; rotten salad, bread crumbs and fish bones seem to be part of the chairs and cushions.  Serving beverages with cracked cups/glasses which also have dead insects gluing to them.  The food is not well prepared neither fresh, including the seafood!  Annoyed to be served with stale seafood in a beach resot!  Hotel beach is decorated with trash, including broken bottles.  Guests pay 5-star-resort tariff while 1-star serive is provided.",Rooms,never have we ever been into such a filthy serivcelacking beach resort the whole premise is a rundown the restaurant are not clean sticky table covered with juice stain rotten salad bread crumb and fish bone seem to be part of the chair and cushion serving beverage with cracked cupsglasses which also have dead insect gluing to them the food is not well prepared neither fresh including the seafood annoyed to be served with stale seafood in a beach resot hotel beach is decorated with trash including broken bottle guest pay starresort tariff while star serive is provided,616,98
"never have we ever so be into such as filthy, serivce-lacking beach resort. The altogether premises is vitamin A run-down. The restaurants are not clean: glutinous tables covered with juice stains; rotten salad, bread crumbs and fish bones seem to be part of the chairs and cushions. serve beverages with cracked cups/glasses which too make dead insects glue to them. The food is not intimately prepared neither fresh, including the seafood! Annoyed to comprise service with stale seafood in a beach resot! Hotel beach is decorated with trash, let in break bottles. guest ante up 5-star-resort duty while 1-star serive embody provided.",Rooms,never have we ever so be into such a filthy serivcelacking beach resort the altogether premise is vitamin a rundown the restaurant are not clean glutinous table covered with juice stain rotten salad bread crumb and fish bone seem to be part of the chair and cushion serve beverage with cracked cupsglasses which too make dead insect glue to them the food is not intimately prepared neither fresh including the seafood annoyed to comprise service with stale seafood in a beach resot hotel beach is decorated with trash let in break bottle guest ante up starresort duty while star serive embody provided,616,98
"Never have we ever so been into such as filthy, serivce-lacking beach resort. The whole premise is A run-down. The eatery are not clean: sticky tables covered with succus stains; rotten salad, bread crumbs and fish bones seem to atomic number 4 part of the chairs and cushions. Serving beverages with whacky cups/glasses which also get dead insects gluing to them. The nutrient is not well prepared neither fresh, including the seafood! Annoyed to be served with stale seafood in a beach resot! Hotel beach be decorated with trash, including broken bottles. Guests pay up 5-star-resort duty piece 1-star serive is provided.",Rooms,never have we ever so been into such a filthy serivcelacking beach resort the whole premise is a rundown the eatery are not clean sticky table covered with succus stain rotten salad bread crumb and fish bone seem to atomic number part of the chair and cushion serving beverage with whacky cupsglasses which also get dead insect gluing to them the nutrient is not well prepared neither fresh including the seafood annoyed to be served with stale seafood in a beach resot hotel beach be decorated with trash including broken bottle guest pay up starresort duty piece star serive is provided,616,98
"never have we ever been into such type A filthy, serivce-lacking beach resort. The whole premises be a run-down. The restaurants are non clean: gummy tables covered with juice stains; decayed salad, bread crumbs and fish bones seem to be part of the chairs and cushions. Serving beverages with crack up cups/glasses which also have dead dirt ball glue to them. The food is not well disposed neither fresh, include the seafood! Annoyed to make up serve with stale seafood in a beach resot! hotel beach is decorated with trash, including broken bottles. Guests pay 5-star-resort tariff while 1-star serive is provided.",Rooms,never have we ever been into such type a filthy serivcelacking beach resort the whole premise be a rundown the restaurant are non clean gummy table covered with juice stain decayed salad bread crumb and fish bone seem to be part of the chair and cushion serving beverage with crack up cupsglasses which also have dead dirt ball glue to them the food is not well disposed neither fresh include the seafood annoyed to make up serve with stale seafood in a beach resot hotel beach is decorated with trash including broken bottle guest pay starresort tariff while star serive is provided,616,98
"Never have we ever been into such as filthy, serivce-lacking beach resort. The unanimous premises is a run-down. The restaurants are not clean: muggy tables cover with juice stains; rotten salad, bread crumbs and fish bones seem to make up part of the professorship and cushions. Serving potable with cracked cups/glasses which also have dead worm glue to them. The food for thought is not well prepared neither fresh, include the seafood! puzzle to endure served with stale seafood atomic number 49 a beach resot! Hotel beach is decorated with trash, include broken bottles. node pay 5-star-resort tariff while 1-star serive equal provided.",Rooms,never have we ever been into such a filthy serivcelacking beach resort the unanimous premise is a rundown the restaurant are not clean muggy table cover with juice stain rotten salad bread crumb and fish bone seem to make up part of the professorship and cushion serving potable with cracked cupsglasses which also have dead worm glue to them the food for thought is not well prepared neither fresh include the seafood puzzle to endure served with stale seafood atomic number a beach resot hotel beach is decorated with trash include broken bottle node pay starresort tariff while star serive equal provided,616,98
"never have we ever exist into such adenine filthy, serivce-lacking beach resort. The whole premises is a run-down. The restaurants be not clean: sticky mesa cover with juice stains; rotten salad, scratch crumbs and fish cram seem to be part of the lead and cushions. portion drinkable with cracked cups/glasses which also have dead insects gluing to them. The food for thought is non well train neither fresh, including the seafood! devil to be served with stale seafood in a beach resot! hotel beach cost beautify with trash, including broken bottles. Guests pay 5-star-resort tariff while 1-star serive be provided.",Rooms,never have we ever exist into such adenine filthy serivcelacking beach resort the whole premise is a rundown the restaurant be not clean sticky mesa cover with juice stain rotten salad scratch crumb and fish cram seem to be part of the lead and cushion portion drinkable with cracked cupsglasses which also have dead insect gluing to them the food for thought is non well train neither fresh including the seafood devil to be served with stale seafood in a beach resot hotel beach cost beautify with trash including broken bottle guest pay starresort tariff while star serive be provided,616,98
"Never have we of all time been into such as filthy, serivce-lacking beach resort. The whole premises is a run-down. The restaurants are not clean: sticky tables cover with succus stains; rotten salad, wampum crumb and fish bones seem to glucinium part of the chairs and cushions. Serving beverages with cracked cups/glasses which besides have dead insects glue to them. The food equal not well prepared neither fresh, including the seafood! Annoyed to atomic number 4 dish up with stale seafood in axerophthol beach resot! Hotel beach is decorated with trash, including break bottles. Guests bear 5-star-resort tariff import 1-star serive is provided.",Rooms,never have we of all time been into such a filthy serivcelacking beach resort the whole premise is a rundown the restaurant are not clean sticky table cover with succus stain rotten salad wampum crumb and fish bone seem to glucinium part of the chair and cushion serving beverage with cracked cupsglasses which besides have dead insect glue to them the food equal not well prepared neither fresh including the seafood annoyed to atomic number dish up with stale seafood in axerophthol beach resot hotel beach is decorated with trash including break bottle guest bear starresort tariff import star serive is provided,616,98
"never have we e'er live into such group A filthy, serivce-lacking beach resort. The whole premises is a run-down. The restaurants are not clean: sticky tables covered with succus stains; lousy salad, bread crumbs and fish bones seem to be divide of the chairs and cushions. serve well beverages with cracked cups/glasses which also throw dead insects gluing to them. The food be not well prepared neither fresh, including the seafood! pissed to equal served with stale seafood in a beach resot! Hotel beach live decorated with trash, including broken bottles. Guests pay 5-star-resort tariff while 1-star serive is provided.",Rooms,never have we eer live into such group a filthy serivcelacking beach resort the whole premise is a rundown the restaurant are not clean sticky table covered with succus stain lousy salad bread crumb and fish bone seem to be divide of the chair and cushion serve well beverage with cracked cupsglasses which also throw dead insect gluing to them the food be not well prepared neither fresh including the seafood pissed to equal served with stale seafood in a beach resot hotel beach live decorated with trash including broken bottle guest pay starresort tariff while star serive is provided,616,98
"Never have we ever been into such as filthy, serivce-lacking beach resort. The entirely precede is a run-down. The restaurants be not clean: muggy tables covered with juice stains; rotten salad, bread stinkpot and fish bones seem to toll part of the chair and cushions. Serving beverages with crack cups/glasses which also have dead insects gluing to them. The food is not well prepare neither fresh, including the seafood! Annoyed to equal served with stale seafood in a beach resot! Hotel beach is coiffure with trash, let in broken bottles. guest pay 5-star-resort tariff piece 1-star serive is provided.",Rooms,never have we ever been into such a filthy serivcelacking beach resort the entirely precede is a rundown the restaurant be not clean muggy table covered with juice stain rotten salad bread stinkpot and fish bone seem to toll part of the chair and cushion serving beverage with crack cupsglasses which also have dead insect gluing to them the food is not well prepare neither fresh including the seafood annoyed to equal served with stale seafood in a beach resot hotel beach is coiffure with trash let in broken bottle guest pay starresort tariff piece star serive is provided,616,98
"Never have we ever been into such type A filthy, serivce-lacking beach resort. The whole premises is a run-down. The restaurants are not clean: glutinous tables covered with juice stains; crappy salad, boodle dirty dog and fish bones seem to be part of the moderate and cushions. Serving beverages with crack cups/glasses which also have abruptly insect gluing to them. The food is not swell prepared neither fresh, including the seafood! Annoyed to be served with stale seafood inward a beach resot! Hotel beach monetary value decorated with trash, admit correspond bottles. guest pay 5-star-resort tariff while 1-star serive personify provided.",Rooms,never have we ever been into such type a filthy serivcelacking beach resort the whole premise is a rundown the restaurant are not clean glutinous table covered with juice stain crappy salad boodle dirty dog and fish bone seem to be part of the moderate and cushion serving beverage with crack cupsglasses which also have abruptly insect gluing to them the food is not swell prepared neither fresh including the seafood annoyed to be served with stale seafood inward a beach resot hotel beach monetary value decorated with trash admit correspond bottle guest pay starresort tariff while star serive personify provided,616,98
"never have we ever been into such as filthy, serivce-lacking beach resort. The whole premises exist a run-down. The restaurants be not clean: sticky tables covered with juice stains; stinky salad, breadstuff crumbs and Pisces bones seem to be part of the chairs and cushions. Serving beverages with crazy cups/glasses which also have dead dirt ball gluing to them. The food be not well prepared neither fresh, including the seafood! Annoyed to be served with stale seafood in a beach resot! Hotel beach is decorated with trash, including broken bottles. Guests pay 5-star-resort tariff while 1-star serive is provided.",Rooms,never have we ever been into such a filthy serivcelacking beach resort the whole premise exist a rundown the restaurant be not clean sticky table covered with juice stain stinky salad breadstuff crumb and pisces bone seem to be part of the chair and cushion serving beverage with crazy cupsglasses which also have dead dirt ball gluing to them the food be not well prepared neither fresh including the seafood annoyed to be served with stale seafood in a beach resot hotel beach is decorated with trash including broken bottle guest pay starresort tariff while star serive is provided,616,98
"Unhappy experience. Boring food, unprofessional front office staff. Spa was awesome",Food,unhappy experience boring food unprofessional front office staff spa wa awesome,83,11
"Unhappy experience. Boring food, unprofessional front part staff. watering place was awesome",Food,unhappy experience boring food unprofessional front part staff watering place wa awesome,83,11
"Unhappy experience. Boring food, unprofessional front office staff. Spa was awesome",Food,unhappy experience boring food unprofessional front office staff spa wa awesome,83,11
"Unhappy experience. Boring food, unprofessional front office staff. spa was awesome",Food,unhappy experience boring food unprofessional front office staff spa wa awesome,83,11
"Unhappy experience. Boring food, unprofessional front office staff. Spa WA awesome",Food,unhappy experience boring food unprofessional front office staff spa wa awesome,83,11
"Unhappy experience. bore food, unprofessional front office staff. Spa was awesome",Food,unhappy experience bore food unprofessional front office staff spa wa awesome,83,11
"unhappy experience. Boring food, unprofessional front billet staff. Spa was awesome",Food,unhappy experience boring food unprofessional front billet staff spa wa awesome,83,11
"unhappy experience. Boring food, unprofessional front post staff. Spa constitute awesome",Food,unhappy experience boring food unprofessional front post staff spa constitute awesome,83,11
"Unhappy experience. Boring food, unprofessional front office staff. Spa was awesome",Food,unhappy experience boring food unprofessional front office staff spa wa awesome,83,11
"Unhappy experience. tiresome food, unprofessional front office staff. Spa was awesome",Food,unhappy experience tiresome food unprofessional front office staff spa wa awesome,83,11
"Unhappy experience. Boring food, unprofessional front office staff. Spa represent awe",Food,unhappy experience boring food unprofessional front office staff spa represent awe,83,11
"We felt we could not relax whilst in the grounds, the local sellers both men and women, hid in the bushes of the hotel on the beach, waiting to get people's attention.  As soon as you stepped onto the beach, you were surrounded by them.  Also so much rubbish strewn about the perimeter.  Overall the hotel lacked any atmosphere, maybe it is too large for that?
The staff were all lovely and friendly.  For the money we both felt very let down, it is marked as a 5 star hotel but I would disagree with that.",Recreation,we felt we could not relax whilst in the ground the local seller both men and woman hid in the bush of the hotel on the beach waiting to get people attention a soon a you stepped onto the beach you were surrounded by them also so much rubbish strewn about the perimeter overall the hotel lacked any atmosphere maybe it is too large for that the staff were all lovely and friendly for the money we both felt very let down it is marked a a star hotel but i would disagree with that,506,96
"We experience we could not relax whilst inward the grounds, the local anesthetic sellers both men and women, hid In the bushes of the hotel along the beach, waiting to allow people's attention. As soon every bit you stepped onto the beach, you be surrounded by them. Also thus much applesauce straw about the perimeter. Overall the hotel lacked whatsoever atmosphere, maybe it is excessively large for that? The staff were all lovely and friendly. For the money we both felt very Army of the Pure down, it is marked as a 5 star hotel but I would disagree with that.",Recreation,we experience we could not relax whilst inward the ground the local anesthetic seller both men and woman hid in the bush of the hotel along the beach waiting to allow people attention a soon every bit you stepped onto the beach you be surrounded by them also thus much applesauce straw about the perimeter overall the hotel lacked whatsoever atmosphere maybe it is excessively large for that the staff were all lovely and friendly for the money we both felt very army of the pure down it is marked a a star hotel but i would disagree with that,506,96
"We felt we could not relax whilst inch the grounds, the local sellers both humanity and women, blot out in the bushes of the hotel on the beach, waiting to get people's attention. As soon atomic number 33 you step onto the beach, you were surrounded aside them. Also thus much rubbish strewn more or less the perimeter. Overall the hotel lacked any atmosphere, maybe it contain too large for that? The staff were all lovely and friendly. For the money we both felt very let down, information technology is marked as a 5 star hotel but i would disaccord with that.",Recreation,we felt we could not relax whilst inch the ground the local seller both humanity and woman blot out in the bush of the hotel on the beach waiting to get people attention a soon atomic number you step onto the beach you were surrounded aside them also thus much rubbish strewn more or less the perimeter overall the hotel lacked any atmosphere maybe it contain too large for that the staff were all lovely and friendly for the money we both felt very let down information technology is marked a a star hotel but i would disaccord with that,506,96
"We feel we could non loosen up whilst in the grounds, the local Sellers both man and women, hid IN the bushes of the hotel on the beach, await to get people's attention. As soon as you stepped onto the beach, you were surrounded by them. Also so much rubbish strewn about the perimeter. overall the hotel miss any atmosphere, maybe information technology exist too peachy for that? The staff were all lovely and friendly. For the money we both felt real let down, it is marked as a 5 hotshot hotel but I would disagree with that.",Recreation,we feel we could non loosen up whilst in the ground the local seller both man and woman hid in the bush of the hotel on the beach await to get people attention a soon a you stepped onto the beach you were surrounded by them also so much rubbish strewn about the perimeter overall the hotel miss any atmosphere maybe information technology exist too peachy for that the staff were all lovely and friendly for the money we both felt real let down it is marked a a hotshot hotel but i would disagree with that,506,96
"We felt we could not relax whilst indium the grounds, the local Peter Sellers both men and women, conceal inch the Bush of the hotel on the beach, waiting to get people's attention. As soon A you stepped onto the beach, you were surrounded by them. Also so a lot rubbish strewn about the perimeter. Overall the hotel lacked whatsoever atmosphere, maybe it is as well big for that? The faculty be all lovely and friendly. For the money we both felt very let down, it is marked group A a five leading hotel just I would disagree with that.",Recreation,we felt we could not relax whilst indium the ground the local peter seller both men and woman conceal inch the bush of the hotel on the beach waiting to get people attention a soon a you stepped onto the beach you were surrounded by them also so a lot rubbish strewn about the perimeter overall the hotel lacked whatsoever atmosphere maybe it is a well big for that the faculty be all lovely and friendly for the money we both felt very let down it is marked group a a five leading hotel just i would disagree with that,506,96
"We felt we could not relax whilst in the grounds, the local Peter Sellers both men and women, hid in the George Bush of the hotel along the beach, waiting to get people's attention. As soon as you stepped onto the beach, you were besiege away them. Also so a great deal rubbish strewn about the perimeter. Overall the hotel lacked any atmosphere, possibly it constitute overly large for that? The staff were all endearing and friendly. For the money we both felt very let down, it is marked antiophthalmic factor a five star hotel but 1 would disagree with that.",Recreation,we felt we could not relax whilst in the ground the local peter seller both men and woman hid in the george bush of the hotel along the beach waiting to get people attention a soon a you stepped onto the beach you were besiege away them also so a great deal rubbish strewn about the perimeter overall the hotel lacked any atmosphere possibly it constitute overly large for that the staff were all endearing and friendly for the money we both felt very let down it is marked antiophthalmic factor a five star hotel but would disagree with that,506,96
"We felt we could not relax whilst in the grounds, the local sellers both man and women, enshroud in the bushes of the hotel along the beach, hold back to get people's attention. ampere soon as you stepped onto the beach, you were surrounded by them. Also so much rubbish strewn about the perimeter. boilersuit the hotel lacked any atmosphere, maybe it represent too large for that? The staff make up all lovely and friendly. For the money we both felt very let down, it is bull's eye as a v superstar hotel but I would disagree with that.",Recreation,we felt we could not relax whilst in the ground the local seller both man and woman enshroud in the bush of the hotel along the beach hold back to get people attention ampere soon a you stepped onto the beach you were surrounded by them also so much rubbish strewn about the perimeter boilersuit the hotel lacked any atmosphere maybe it represent too large for that the staff make up all lovely and friendly for the money we both felt very let down it is bull eye a a v superstar hotel but i would disagree with that,506,96
"We felt we could not relax whilst IN the grounds, the local seller both men and women, hid in the bushes of the hotel on the beach, waiting to perplex people's attention. As soon as you stepped onto the beach, you follow surrounded by them. Also soh much rubbish strewn about the perimeter. Overall the hotel lacked whatsoever atmosphere, maybe it is too large for that? The faculty were entirely cover girl and friendly. For the money we both felt very let down, it be marked as a 5 lead hotel just I would disagree with that.",Recreation,we felt we could not relax whilst in the ground the local seller both men and woman hid in the bush of the hotel on the beach waiting to perplex people attention a soon a you stepped onto the beach you follow surrounded by them also soh much rubbish strewn about the perimeter overall the hotel lacked whatsoever atmosphere maybe it is too large for that the faculty were entirely cover girl and friendly for the money we both felt very let down it be marked a a lead hotel just i would disagree with that,506,96
"We felt we could non loosen whilst In the grounds, the local sellers both men and women, hid in the shrub of the hotel on the beach, waiting to get people's attention. vitamin A soon as you step onto the beach, you were surrounded by them. Also so much rubbish strew virtually the perimeter. Overall the hotel lacked any atmosphere, maybe it is too large for that? The staff were all lovely and friendly. For the money we both felt very let down, it is marked as a 5 star hotel but I would dissent with that.",Recreation,we felt we could non loosen whilst in the ground the local seller both men and woman hid in the shrub of the hotel on the beach waiting to get people attention vitamin a soon a you step onto the beach you were surrounded by them also so much rubbish strew virtually the perimeter overall the hotel lacked any atmosphere maybe it is too large for that the staff were all lovely and friendly for the money we both felt very let down it is marked a a star hotel but i would dissent with that,506,96
"We felt we could not make relaxed whilst in the grounds, the local vender both men and women, hid in the bush of the hotel on the beach, waiting to take people's attention. As soon as you step onto the beach, you were surrounded by them. Also so much rubbish strewn about the perimeter. Overall the hotel miss any atmosphere, maybe it is likewise enceinte for that? The staff were all lovely and friendly. For the money we both felt very let down, it be set American Samoa vitamin A 5 star hotel but I would disaccord with that.",Recreation,we felt we could not make relaxed whilst in the ground the local vender both men and woman hid in the bush of the hotel on the beach waiting to take people attention a soon a you step onto the beach you were surrounded by them also so much rubbish strewn about the perimeter overall the hotel miss any atmosphere maybe it is likewise enceinte for that the staff were all lovely and friendly for the money we both felt very let down it be set american samoa vitamin a star hotel but i would disaccord with that,506,96
"We felt we could not relax whilst in the grounds, the local sellers both men and women, hid inward the bushes of the hotel on the beach, waiting to get people's attention. A soon as you stepped onto the beach, you were environ away them. likewise indeed much codswallop strewn about the perimeter. overall the hotel lacked any atmosphere, possibly it is too large for that? The staff were all lovely and friendly. For the money we both finger identical let down, it is marked as a 5 star hotel merely I would disagree with that.",Recreation,we felt we could not relax whilst in the ground the local seller both men and woman hid inward the bush of the hotel on the beach waiting to get people attention a soon a you stepped onto the beach you were environ away them likewise indeed much codswallop strewn about the perimeter overall the hotel lacked any atmosphere possibly it is too large for that the staff were all lovely and friendly for the money we both finger identical let down it is marked a a star hotel merely i would disagree with that,506,96
Relaxing day with great service and facilities all around,Rooms,relaxing day with great service and facility all around,57,9
Relaxing day with great service and facility completely around,Rooms,relaxing day with great service and facility completely around,57,9
Relaxing day with great service and facilities all around,Rooms,relaxing day with great service and facility all around,57,9
relax day with great servicing and facilities all around,Rooms,relax day with great servicing and facility all around,57,9
relaxing day with great inspection and repair and facilities all around,Rooms,relaxing day with great inspection and repair and facility all around,57,9
Relaxing day with great service and facilities all around,Rooms,relaxing day with great service and facility all around,57,9
Relaxing day with great service and facilities wholly around,Rooms,relaxing day with great service and facility wholly around,57,9
Relaxing day with great service and facilities all around,Rooms,relaxing day with great service and facility all around,57,9
Relaxing day with great military service and facilities all around,Rooms,relaxing day with great military service and facility all around,57,9
Relaxing day with great servicing and facilities entirely around,Rooms,relaxing day with great servicing and facility entirely around,57,9
unbend 24-hour interval with great service and facilities all around,Rooms,unbend hour interval with great service and facility all around,57,9
"Never have we ever been into such as filthy, serivce-lacking beach resort.  The whole premises is a run-down.  The restaurants are not clean: sticky tables covered with juice stains; rotten salad, bread crumbs and fish bones seem to be part of the chairs and cushions.  Serving beverages with cracked cups/glasses which also have dead insects gluing to them.  The food is not well prepared neither fresh, including the seafood!  Annoyed to be served with stale seafood in a beach resot!  Hotel beach is decorated with trash, including broken bottles.  Guests pay 5-star-resort tariff while 1-star serive is provided.",Recreation,never have we ever been into such a filthy serivcelacking beach resort the whole premise is a rundown the restaurant are not clean sticky table covered with juice stain rotten salad bread crumb and fish bone seem to be part of the chair and cushion serving beverage with cracked cupsglasses which also have dead insect gluing to them the food is not well prepared neither fresh including the seafood annoyed to be served with stale seafood in a beach resot hotel beach is decorated with trash including broken bottle guest pay starresort tariff while star serive is provided,616,98
"Never have we ever be into such as filthy, serivce-lacking beach resort. The whole premises is a run-down. The restaurant are not clean: sticky tabularize covered with succus stains; stinking salad, simoleons crumb and fish clappers look to be part of the chairs and cushions. Serving beverages with cracked cups/glasses which also have dead insects gluing to them. The food embody not wellspring prepared neither fresh, including the seafood! Annoyed to be served with stale seafood IN A beach resot! Hotel beach is decorated with trash, including break bottles. Guests pay 5-star-resort tariff while 1-star serive is provided.",Recreation,never have we ever be into such a filthy serivcelacking beach resort the whole premise is a rundown the restaurant are not clean sticky tabularize covered with succus stain stinking salad simoleons crumb and fish clapper look to be part of the chair and cushion serving beverage with cracked cupsglasses which also have dead insect gluing to them the food embody not wellspring prepared neither fresh including the seafood annoyed to be served with stale seafood in a beach resot hotel beach is decorated with trash including break bottle guest pay starresort tariff while star serive is provided,616,98
"Never have we ever been into such as filthy, serivce-lacking beach resort. The whole premises be a run-down. The eating place follow not clean: sticky table redress with juice stains; stinky salad, shekels crumbs and fish bones look to represent part of the chairs and cushions. Serving beverages with cracked cups/glasses which also have dead dirt ball gluing to them. The food is non considerably set up neither fresh, including the seafood! Annoyed to be served with cold seafood in a beach resot! hotel beach is decorate with trash, including broken bottles. guest yield 5-star-resort tariff while 1-star serive is provided.",Recreation,never have we ever been into such a filthy serivcelacking beach resort the whole premise be a rundown the eating place follow not clean sticky table redress with juice stain stinky salad shekel crumb and fish bone look to represent part of the chair and cushion serving beverage with cracked cupsglasses which also have dead dirt ball gluing to them the food is non considerably set up neither fresh including the seafood annoyed to be served with cold seafood in a beach resot hotel beach is decorate with trash including broken bottle guest yield starresort tariff while star serive is provided,616,98
"Never have we of all time been into such as filthy, serivce-lacking beach resort. The whole premises constitute a run-down. The restaurants are not clean: embarrassing tables covered with juice stains; rotten salad, bread crumbs and angle bones seem to follow separate of the electric chair and cushions. assist beverages with cracked cups/glasses which also have perfectly insects glue to them. The intellectual nourishment is not good prepared neither fresh, including the seafood! Annoyed to be served with stale seafood in a beach resot! Hotel beach is decorated with trash, including burst bottles. Guests pay 5-star-resort duty spell 1-star serive is provided.",Recreation,never have we of all time been into such a filthy serivcelacking beach resort the whole premise constitute a rundown the restaurant are not clean embarrassing table covered with juice stain rotten salad bread crumb and angle bone seem to follow separate of the electric chair and cushion assist beverage with cracked cupsglasses which also have perfectly insect glue to them the intellectual nourishment is not good prepared neither fresh including the seafood annoyed to be served with stale seafood in a beach resot hotel beach is decorated with trash including burst bottle guest pay starresort duty spell star serive is provided,616,98
"Never have we ever been into such A filthy, serivce-lacking beach resort. The whole premise is a run-down. The eatery are not clean: sticky prorogue hybridisation with juice stains; rotten salad, bread crumb and angle bones seem to be part of the hot seat and cushions. dish up beverages with crack cups/glasses which also have dead insects gluing to them. The food is non well disposed neither fresh, including the seafood! Annoyed to be served with cold seafood in type A beach resot! Hotel beach is decorated with trash, including broken bottles. Guests ante up 5-star-resort tariff while 1-star serive is provided.",Recreation,never have we ever been into such a filthy serivcelacking beach resort the whole premise is a rundown the eatery are not clean sticky prorogue hybridisation with juice stain rotten salad bread crumb and angle bone seem to be part of the hot seat and cushion dish up beverage with crack cupsglasses which also have dead insect gluing to them the food is non well disposed neither fresh including the seafood annoyed to be served with cold seafood in type a beach resot hotel beach is decorated with trash including broken bottle guest ante up starresort tariff while star serive is provided,616,98
"ne'er have we ever been into such A filthy, serivce-lacking beach resort. The whole premises is a run-down. The restaurant are not clean: sticky tables covered with juice stains; stinky salad, simoleons crumbs and angle bones look to be part of the chairman and cushions. Serving potable with cracked cups/glasses which also have dead insects gluing to them. The food personify not well prepared neither fresh, including the seafood! Annoyed to be served with stale seafood in a beach resot! Hotel beach is decorated with trash, including broken bottles. Guests ante up 5-star-resort tariff while 1-star serive is provided.",Recreation,neer have we ever been into such a filthy serivcelacking beach resort the whole premise is a rundown the restaurant are not clean sticky table covered with juice stain stinky salad simoleons crumb and angle bone look to be part of the chairman and cushion serving potable with cracked cupsglasses which also have dead insect gluing to them the food personify not well prepared neither fresh including the seafood annoyed to be served with stale seafood in a beach resot hotel beach is decorated with trash including broken bottle guest ante up starresort tariff while star serive is provided,616,98
"never have we ever been into such as filthy, serivce-lacking beach resort. The whole premises is A run-down. The eating house be not clean: sticky tables covered with succus stains; rotten salad, bread crumbs and fish swot up seem to Be part of the chairs and cushions. process beverages with round the bend cups/glasses which also stick dead insect gluing to them. The food is not well dispose neither fresh, include the seafood! Annoyed to follow served with stale seafood in a beach resot! hotel beach is decorated with trash, including broken bottles. Guests pay 5-star-resort tariff while 1-star serive is provided.",Recreation,never have we ever been into such a filthy serivcelacking beach resort the whole premise is a rundown the eating house be not clean sticky table covered with succus stain rotten salad bread crumb and fish swot up seem to be part of the chair and cushion process beverage with round the bend cupsglasses which also stick dead insect gluing to them the food is not well dispose neither fresh include the seafood annoyed to follow served with stale seafood in a beach resot hotel beach is decorated with trash including broken bottle guest pay starresort tariff while star serive is provided,616,98
"Never throw we ever been into such as filthy, serivce-lacking beach resort. The whole premises is vitamin A run-down. The restaurants make up not clean: sticky tables covered with succus stains; rotten salad, lettuce crumbs and Pisces the Fishes bones seem to represent part of the death chair and cushions. Serving beverages with cracked cups/glasses which also have dead insect gluing to them. The food is not wellspring prepared neither fresh, let in the seafood! riled to be served with stale seafood in a beach resot! hotel beach be decorated with trash, including broken bottles. Guests pay 5-star-resort tariff while 1-star serive is provided.",Recreation,never throw we ever been into such a filthy serivcelacking beach resort the whole premise is vitamin a rundown the restaurant make up not clean sticky table covered with succus stain rotten salad lettuce crumb and pisces the fish bone seem to represent part of the death chair and cushion serving beverage with cracked cupsglasses which also have dead insect gluing to them the food is not wellspring prepared neither fresh let in the seafood riled to be served with stale seafood in a beach resot hotel beach be decorated with trash including broken bottle guest pay starresort tariff while star serive is provided,616,98
"never have we ever be into such as filthy, serivce-lacking beach resort. The whole premises equal a run-down. The restaurant are not clean: mucilaginous table covered with juice stains; rotten salad, bread crumbs and slant bones seem to be part of the chairwoman and cushions. Serving beverages with cracked cups/glasses which also have dead worm gluing to them. The food is not well prepared neither fresh, include the seafood! peeved to be served with cold seafood Indiana a beach resot! Hotel beach is decorated with trash, including geological fault bottles. Edgar Guest pay 5-star-resort tariff spell 1-star serive is provided.",Recreation,never have we ever be into such a filthy serivcelacking beach resort the whole premise equal a rundown the restaurant are not clean mucilaginous table covered with juice stain rotten salad bread crumb and slant bone seem to be part of the chairwoman and cushion serving beverage with cracked cupsglasses which also have dead worm gluing to them the food is not well prepared neither fresh include the seafood peeved to be served with cold seafood indiana a beach resot hotel beach is decorated with trash including geological fault bottle edgar guest pay starresort tariff spell star serive is provided,616,98
"never have we ever been into such as filthy, serivce-lacking beach resort. The whole premise is a run-down. The restaurants are not clean: sticky put over covered with juice stains; rotten salad, bread bum and fish bones seem to be part of the chairs and cushions. Serving potable with cracked cups/glasses which also have dead insects gluing to them. The food is not well prepare neither fresh, including the seafood! Annoyed to be swear out with cold seafood in group A beach resot! Hotel beach is decorated with trash, including broken bottles. Guests pay 5-star-resort tariff spell 1-star serive is provided.",Recreation,never have we ever been into such a filthy serivcelacking beach resort the whole premise is a rundown the restaurant are not clean sticky put over covered with juice stain rotten salad bread bum and fish bone seem to be part of the chair and cushion serving potable with cracked cupsglasses which also have dead insect gluing to them the food is not well prepare neither fresh including the seafood annoyed to be swear out with cold seafood in group a beach resot hotel beach is decorated with trash including broken bottle guest pay starresort tariff spell star serive is provided,616,98
"Never have we ever been into such as filthy, serivce-lacking beach resort. The unanimous premises be antiophthalmic factor run-down. The restaurants are non clean: sticky table covered with juice stains; rotten salad, bread git and fish bones seem to be component of the chairs and cushions. Serving beverages with cracked cups/glasses which also have dead dirt ball glue to them. The food is not well prepare neither fresh, including the seafood! Annoyed to be served with stale seafood indium a beach resot! Hotel beach is decorated with trash, including dampen bottles. Guests pay 5-star-resort tariff while 1-star serive is provided.",Recreation,never have we ever been into such a filthy serivcelacking beach resort the unanimous premise be antiophthalmic factor rundown the restaurant are non clean sticky table covered with juice stain rotten salad bread git and fish bone seem to be component of the chair and cushion serving beverage with cracked cupsglasses which also have dead dirt ball glue to them the food is not well prepare neither fresh including the seafood annoyed to be served with stale seafood indium a beach resot hotel beach is decorated with trash including dampen bottle guest pay starresort tariff while star serive is provided,616,98
What happened to the food,Food,what happened to the food,25,5
What happened to the food,Food,what happened to the food,25,5
What happened to the food,Food,what happened to the food,25,5
What pass to the food,Food,what pas to the food,25,5
What happened to the food,Food,what happened to the food,25,5
What happened to the food,Food,what happened to the food,25,5
What happened to the food,Food,what happened to the food,25,5
What happen to the food,Food,what happen to the food,25,5
What happened to the nutrient,Food,what happened to the nutrient,25,5
What happened to the intellectual nourishment,Food,what happened to the intellectual nourishment,25,5
What happened to the food,Food,what happened to the food,25,5
"When I walked in the lobby, it was very crowede and noisy, I saw the swimming pool from lobby, it was as crowded as disneyland, I cannot believe this is a 5 star hotel. And the swimming pool was somehow under maintance, can see the view as saw on the website. No bath tub in the bathroom. My flight was 12 noon, so I had an early breakfast at 7:20am, the breakfast time started at 7am, but it was chaos when I walked in the restaurant, staff in the restaurant were chatting, laughing, there's no Professional at all!! I was sooo disappointed at Heritance Ahungalla hotel!!!",Recreation,when i walked in the lobby it wa very crowede and noisy i saw the swimming pool from lobby it wa a crowded a disneyland i can not believe this is a star hotel and the swimming pool wa somehow under maintance can see the view a saw on the website no bath tub in the bathroom my flight wa noon so i had an early breakfast at am the breakfast time started at am but it wa chaos when i walked in the restaurant staff in the restaurant were chatting laughing there no professional at all i wa sooo disappointed at heritance ahungalla hotel,573,106
"When I walked in the lobby, it was very crowede and noisy, I saw the swimming pool from lobby, it represent as crowded as disneyland, I cannot believe this is a 5 star hotel. And the swimming pool Washington somehow under maintance, can see the see atomic number 33 saw on the website. No bath tubful in the bathroom. My flight was 12 noon, sol I had an betimes breakfast at 7:20am, the breakfast time started At 7am, simply it was pandemonium when I walked in the restaurant, stave in the eating house were chatting, laughing, there's no professional at all!! I be sooo disappointed At Heritance Ahungalla hotel!!!",Recreation,when i walked in the lobby it wa very crowede and noisy i saw the swimming pool from lobby it represent a crowded a disneyland i can not believe this is a star hotel and the swimming pool washington somehow under maintance can see the see atomic number saw on the website no bath tubful in the bathroom my flight wa noon sol i had an betimes breakfast at am the breakfast time started at am simply it wa pandemonium when i walked in the restaurant stave in the eating house were chatting laughing there no professional at all i be sooo disappointed at heritance ahungalla hotel,573,106
"When I walked in the lobby, it was very crowede and noisy, I saw the swimming puddle from lobby, it was as crowded as disneyland, I cannot believe this constitute a 5 maven hotel. And the swimming pool was somehow under maintance, can see the view as saw along the website. no bath tub in the bathroom. My flight was 12 noon, so I had Associate in Nursing early breakfast at 7:20am, the breakfast time started at 7am, but it was chaos when I walked in the restaurant, faculty in the restaurant were chatting, laughing, there's No Professional at all!! I embody sooo disappointed atomic number 85 Heritance Ahungalla hotel!!!",Recreation,when i walked in the lobby it wa very crowede and noisy i saw the swimming puddle from lobby it wa a crowded a disneyland i can not believe this constitute a maven hotel and the swimming pool wa somehow under maintance can see the view a saw along the website no bath tub in the bathroom my flight wa noon so i had associate in nursing early breakfast at am the breakfast time started at am but it wa chaos when i walked in the restaurant faculty in the restaurant were chatting laughing there no professional at all i embody sooo disappointed atomic number heritance ahungalla hotel,573,106
"When iodin walked in the lobby, information technology was very crowede and noisy, ane watch the swimming pool from lobby, it was vitamin A crowded as disneyland, I cannot believe this is a 5 star hotel. And the swim pool was somehow nether maintance, toilet ensure the view arsenic visualise on the website. no bath tub in the bathroom. My flight Evergreen State 12 noon, so I consume an early breakfast at 7:20am, the breakfast time started at 7am, only it was chaos when ace walked atomic number 49 the restaurant, stave in the restaurant exist chatting, laughing, there's no professional at all!! I was sooo disappointed at Heritance Ahungalla hotel!!!",Recreation,when iodin walked in the lobby information technology wa very crowede and noisy ane watch the swimming pool from lobby it wa vitamin a crowded a disneyland i can not believe this is a star hotel and the swim pool wa somehow nether maintance toilet ensure the view arsenic visualise on the website no bath tub in the bathroom my flight evergreen state noon so i consume an early breakfast at am the breakfast time started at am only it wa chaos when ace walked atomic number the restaurant stave in the restaurant exist chatting laughing there no professional at all i wa sooo disappointed at heritance ahungalla hotel,573,106
"When atomic number 53 walked Hoosier State the lobby, it was very crowede and noisy, iodin see the swimming pocket billiards from lobby, it be as crowded as disneyland, I cannot believe this embody a 5 whiz hotel. And the swimming pool was somehow under maintance, can watch the view as see on the website. nobelium Bath bathing tub in the bathroom. My flight of steps be 12 noon, so i had an early breakfast at 7:20am, the breakfast time started at 7am, but it was chaos when I walked in the restaurant, staff In the restaurant were chatting, laughing, there's no professional astatine all!! I was sooo disappointed atomic number 85 Heritance Ahungalla hotel!!!",Recreation,when atomic number walked hoosier state the lobby it wa very crowede and noisy iodin see the swimming pocket billiards from lobby it be a crowded a disneyland i can not believe this embody a whiz hotel and the swimming pool wa somehow under maintance can watch the view a see on the website nobelium bath bathing tub in the bathroom my flight of step be noon so i had an early breakfast at am the breakfast time started at am but it wa chaos when i walked in the restaurant staff in the restaurant were chatting laughing there no professional astatine all i wa sooo disappointed atomic number heritance ahungalla hotel,573,106
"When I walk in the lobby, it was very crowede and noisy, star go through the swim pool from lobby, IT was as crowded ampere disneyland, I cannot believe this follow angstrom 5 star hotel. And the swimming pool was somehow under maintance, can see the view as saw on the website. no bath bathtub in the bathroom. My flight was 12 noon, so I had an other breakfast at 7:20am, the breakfast time started atomic number 85 7am, but it was chaos when I walk in the restaurant, staff in the eatery were chatting, laughing, there's No Professional At all!! I be sooo disappointed at Heritance Ahungalla hotel!!!",Recreation,when i walk in the lobby it wa very crowede and noisy star go through the swim pool from lobby it wa a crowded ampere disneyland i can not believe this follow angstrom star hotel and the swimming pool wa somehow under maintance can see the view a saw on the website no bath bathtub in the bathroom my flight wa noon so i had an other breakfast at am the breakfast time started atomic number am but it wa chaos when i walk in the restaurant staff in the eatery were chatting laughing there no professional at all i be sooo disappointed at heritance ahungalla hotel,573,106
"When I walked in the lobby, it was very crowede and noisy, I escort the swimming pool from lobby, it was deoxyadenosine monophosphate crowded as disneyland, I cannot believe this is a 5 star hotel. And the swim pool was in some manner under maintance, send away see the view as saw along the website. No bathe bathtub in the bathroom. My fledge constitute 12 noon, so ane had Associate in Nursing early breakfast at 7:20am, the breakfast time started atomic number 85 7am, but it was chaos when 1 walked IN the restaurant, staff in the restaurant were chatting, laughing, there's no master at all!! ACE constitute sooo disappointed at Heritance Ahungalla hotel!!!",Recreation,when i walked in the lobby it wa very crowede and noisy i escort the swimming pool from lobby it wa deoxyadenosine monophosphate crowded a disneyland i can not believe this is a star hotel and the swim pool wa in some manner under maintance send away see the view a saw along the website no bathe bathtub in the bathroom my fledge constitute noon so ane had associate in nursing early breakfast at am the breakfast time started atomic number am but it wa chaos when walked in the restaurant staff in the restaurant were chatting laughing there no master at all ace constitute sooo disappointed at heritance ahungalla hotel,573,106
"When I walked in the lobby, it be very crowede and noisy, ane understand the swimming pool from lobby, it was as crowded amp disneyland, 1 cannot believe this is angstrom unit v star hotel. And the swimming pool constitute somehow nether maintance, can see the view as sawing machine along the website. No bath tub in the bathroom. My flight was xii noon, so I had an early breakfast at 7:20am, the breakfast time set out at 7am, but it was Chaos when I walked in the restaurant, staff IN the restaurant were chatting, laughing, there's no more Professional at all!! i was sooo let down At Heritance Ahungalla hotel!!!",Recreation,when i walked in the lobby it be very crowede and noisy ane understand the swimming pool from lobby it wa a crowded amp disneyland can not believe this is angstrom unit v star hotel and the swimming pool constitute somehow nether maintance can see the view a sawing machine along the website no bath tub in the bathroom my flight wa xii noon so i had an early breakfast at am the breakfast time set out at am but it wa chaos when i walked in the restaurant staff in the restaurant were chatting laughing there no more professional at all i wa sooo let down at heritance ahungalla hotel,573,106
"When I walked in the lobby, it was very crowede and noisy, iodin saw the swimming pool from lobby, information technology was as crowd arsenic disneyland, I cannot believe this be A V star hotel. And the swimming kitty was somehow below maintance, can see the view group A saw on the website. No bath tubful In the bathroom. My flight equal 12 noon, so i had an early breakfast at 7:20am, the breakfast meter started at 7am, but it Washington topsy-turvydom when atomic number 53 walked inward the restaurant, staff in the restaurant were chatting, laughing, there's no professional at all!! I follow sooo disappointed at Heritance Ahungalla hotel!!!",Recreation,when i walked in the lobby it wa very crowede and noisy iodin saw the swimming pool from lobby information technology wa a crowd arsenic disneyland i can not believe this be a v star hotel and the swimming kitty wa somehow below maintance can see the view group a saw on the website no bath tubful in the bathroom my flight equal noon so i had an early breakfast at am the breakfast meter started at am but it washington topsyturvydom when atomic number walked inward the restaurant staff in the restaurant were chatting laughing there no professional at all i follow sooo disappointed at heritance ahungalla hotel,573,106
"When I take the air in the lobby, it was very crowede and noisy, single saw the swimming make from lobby, information technology was as crowded as disneyland, I cannot believe this is vitamin A 5 prima hotel. And the swim pool was in some manner under maintance, can learn the prospect as saw on the website. no bath tub in the bathroom. My escape was xii noon, so I had AN early breakfast at 7:20am, the breakfast time started at 7am, but it was Chaos when iodine walked in the restaurant, staff in the restaurant were chatting, laughing, there's no Professional at all!! I was sooo disappointed at Heritance Ahungalla hotel!!!",Recreation,when i take the air in the lobby it wa very crowede and noisy single saw the swimming make from lobby information technology wa a crowded a disneyland i can not believe this is vitamin a prima hotel and the swim pool wa in some manner under maintance can learn the prospect a saw on the website no bath tub in the bathroom my escape wa xii noon so i had an early breakfast at am the breakfast time started at am but it wa chaos when iodine walked in the restaurant staff in the restaurant were chatting laughing there no professional at all i wa sooo disappointed at heritance ahungalla hotel,573,106
"When I walked in the lobby, information technology was very crowede and noisy, I saw the swimming puddle from lobby, IT was as crowded as disneyland, I cannot believe this is a 5 genius hotel. And the drown pool was somehow under maintance, tin can see the eyeshot as saw on the website. No bathing tub tub in the bathroom. My flight follow 12 noon, hence I have an early breakfast at 7:20am, the breakfast time started at 7am, but it be Chaos when I walked in the restaurant, staff Indiana the restaurant were chatting, laughing, there's no Professional at all!! I was sooo disappointed at Heritance Ahungalla hotel!!!",Recreation,when i walked in the lobby information technology wa very crowede and noisy i saw the swimming puddle from lobby it wa a crowded a disneyland i can not believe this is a genius hotel and the drown pool wa somehow under maintance tin can see the eyeshot a saw on the website no bathing tub tub in the bathroom my flight follow noon hence i have an early breakfast at am the breakfast time started at am but it be chaos when i walked in the restaurant staff indiana the restaurant were chatting laughing there no professional at all i wa sooo disappointed at heritance ahungalla hotel,573,106
Not a 5 Star hotel - no entertainment - poor restaurant choices.,Food,not a star hotel no entertainment poor restaurant choice,64,12
Not a 5 Star hotel - atomic number 102 entertainment - poor restaurant choices.,Food,not a star hotel atomic number entertainment poor restaurant choice,64,12
Not a 5 mavin hotel - no entertainment - miserable restaurant choices.,Food,not a mavin hotel no entertainment miserable restaurant choice,64,12
non group A 5 Star hotel - no entertainment - poor restaurant choices.,Food,non group a star hotel no entertainment poor restaurant choice,64,12
Not a 5 Star hotel - no more entertainment - poor restaurant choices.,Food,not a star hotel no more entertainment poor restaurant choice,64,12
Not deoxyadenosine monophosphate 5 Star hotel - no entertainment - poor restaurant choices.,Food,not deoxyadenosine monophosphate star hotel no entertainment poor restaurant choice,64,12
non a 5 Star hotel - no amusement - poor restaurant choices.,Food,non a star hotel no amusement poor restaurant choice,64,12
not a 5 star hotel - no more entertainment - poor restaurant choices.,Food,not a star hotel no more entertainment poor restaurant choice,64,12
Not a 5 Star hotel - no amusement - miserable restaurant choices.,Food,not a star hotel no amusement miserable restaurant choice,64,12
non a 5 Star hotel - no more entertainment - poor eating house choices.,Food,non a star hotel no more entertainment poor eating house choice,64,12
Not a 5 Star hotel - no entertainment - wretched eating place choices.,Food,not a star hotel no entertainment wretched eating place choice,64,12
"superb beach, excellent food, very nice hotel/pool but rooms a bit shabby",Recreation,superb beach excellent food very nice hotelpool but room a bit shabby,73,12
"superb beach, excellent food, very courteous hotel/pool but elbow room a bit shabby",Recreation,superb beach excellent food very courteous hotelpool but elbow room a bit shabby,73,12
"brilliant beach, excellent food, very gracious hotel/pool simply rooms a bit shabby",Recreation,brilliant beach excellent food very gracious hotelpool simply room a bit shabby,73,12
"superb beach, excellent food, very nice hotel/pool but rooms A bit moth-eaten",Recreation,superb beach excellent food very nice hotelpool but room a bit motheaten,73,12
"brilliant beach, excellent food, very nice hotel/pool but rooms a bit ratty",Recreation,brilliant beach excellent food very nice hotelpool but room a bit ratty,73,12
"superb beach, excellent food, very nice hotel/pool but room a bit shabby",Recreation,superb beach excellent food very nice hotelpool but room a bit shabby,73,12
"brilliant beach, excellent food, very nice hotel/pool but room a bit shabby",Recreation,brilliant beach excellent food very nice hotelpool but room a bit shabby,73,12
"superb beach, fantabulous food, very nice hotel/pool but board a bit shabby",Recreation,superb beach fantabulous food very nice hotelpool but board a bit shabby,73,12
"superb beach, excellent food, very nice hotel/pool but rooms type A bit flashy",Recreation,superb beach excellent food very nice hotelpool but room type a bit flashy,73,12
"superb beach, excellent food, very squeamish hotel/pool but rooms amp bit shabby",Recreation,superb beach excellent food very squeamish hotelpool but room amp bit shabby,73,12
"superb beach, excellent food, very gracious hotel/pool just rooms a piece shabby",Recreation,superb beach excellent food very gracious hotelpool just room a piece shabby,73,12
An unpleasant experience with a hint of theft from staff,Services,an unpleasant experience with a hint of theft from staff,56,10
An unpleasant experience with type A hint of theft from faculty,Services,an unpleasant experience with type a hint of theft from faculty,56,10
An unpleasant have with a hint of thievery from staff,Services,an unpleasant have with a hint of thievery from staff,56,10
An unpleasant experience with a hint of theft from staff,Services,an unpleasant experience with a hint of theft from staff,56,10
An unpleasant go through with a hint of theft from staff,Services,an unpleasant go through with a hint of theft from staff,56,10
An unpleasant experience with amp hint of theft from stave,Services,an unpleasant experience with amp hint of theft from stave,56,10
An unpleasant experience with a intimation of thieving from stave,Services,an unpleasant experience with a intimation of thieving from stave,56,10
An unpleasant experience with a intimation of theft from staff,Services,an unpleasant experience with a intimation of theft from staff,56,10
Associate in Nursing unpleasant receive with a hint of thievery from staff,Services,associate in nursing unpleasant receive with a hint of thievery from staff,56,10
An unpleasant experience with a hint of theft from staff,Services,an unpleasant experience with a hint of theft from staff,56,10
An unpleasant experience with a trace of theft from staff,Services,an unpleasant experience with a trace of theft from staff,56,10
Buffet is not good.,Food,buffet is not good,19,4
Buffet be not good.,Food,buffet be not good,19,4
Buffet is not good.,Food,buffet is not good,19,4
Buffet is non good.,Food,buffet is non good,19,4
Buffet live not good.,Food,buffet live not good,19,4
buffet is not good.,Food,buffet is not good,19,4
Buffet is non good.,Food,buffet is non good,19,4
Buffet be not good.,Food,buffet be not good,19,4
Buffet personify not good.,Food,buffet personify not good,19,4
batter is not good.,Food,batter is not good,19,4
buffet is not good.,Food,buffet is not good,19,4
"I thought the ""fine dining"" restaurant was disappointing and over-priced. The hotel felt too ""Buckland's Holiday Camp"" for me. Couldn't wait to leave each day on other activities outside the hotel. It looked to me also that the original building design had been messed with. The model airplane at the end of the 'infinity"" pool was ridiculous. Surely Geofrey bawa would not have approved.",Food,i thought the fine dining restaurant wa disappointing and overpriced the hotel felt too bucklands holiday camp for me couldnt wait to leave each day on other activity outside the hotel it looked to me also that the original building design had been messed with the model airplane at the end of the infinity pool wa ridiculous surely geofrey bawa would not have approved,388,64
"1 thought the ""fine dining"" restaurant follow disappointing and over-priced. The hotel felt too ""Buckland's Holiday Camp"" for me. Couldn't wait to leave each day on other activities away the hotel. IT looked to me also that the original progress enwrapped had been mess with. The model airplane at the end of the 'infinity"" pool was ridiculous. Surely Geofrey bawa would not have approved.",Food,thought the fine dining restaurant follow disappointing and overpriced the hotel felt too bucklands holiday camp for me couldnt wait to leave each day on other activity away the hotel it looked to me also that the original progress enwrapped had been mess with the model airplane at the end of the infinity pool wa ridiculous surely geofrey bawa would not have approved,388,64
"I thought the ""fine dining"" eating house was disappointing and over-priced. The hotel find too ""Buckland's vacation Camp"" for me. Couldn't wait to leave each day along other activities outside the hotel. It looked to ME also that the pilot building purpose make been raft with. The model airplane at the end of the 'infinity"" pool was ridiculous. for certain Geofrey bawa would not deliver approved.",Food,i thought the fine dining eating house wa disappointing and overpriced the hotel find too bucklands vacation camp for me couldnt wait to leave each day along other activity outside the hotel it looked to me also that the pilot building purpose make been raft with the model airplane at the end of the infinity pool wa ridiculous for certain geofrey bawa would not deliver approved,388,64
"one opine the ""fine dining"" restaurant was disappointing and over-priced. The hotel felt too ""Buckland's Holiday Camp"" for me. Couldn't waitress to parting each day along other activities outside the hotel. It await to me also that the original building design had be messed with. The model plane at the check of the 'infinity"" puddle was ridiculous. Surely Geofrey bawa would not have approved.",Food,one opine the fine dining restaurant wa disappointing and overpriced the hotel felt too bucklands holiday camp for me couldnt waitress to parting each day along other activity outside the hotel it await to me also that the original building design had be messed with the model plane at the check of the infinity puddle wa ridiculous surely geofrey bawa would not have approved,388,64
"ace think the ""fine dining"" eating place was disappointing and over-priced. The hotel felt too ""Buckland's vacation Camp"" for me. Couldn't wait to leave for each one Day on other activities outside the hotel. IT looked to me too that the original building figure had equal mess up with. The model airplane at the end of the 'infinity"" pool was ridiculous. Surely Geofrey bawa would not have approved.",Food,ace think the fine dining eating place wa disappointing and overpriced the hotel felt too bucklands vacation camp for me couldnt wait to leave for each one day on other activity outside the hotel it looked to me too that the original building figure had equal mess up with the model airplane at the end of the infinity pool wa ridiculous surely geofrey bawa would not have approved,388,64
"I thought the ""fine dining"" restaurant was disappointing and over-priced. The hotel felt too ""Buckland's Holiday Camp"" for me. Couldn't expect to leave for each one day on other activities outside the hotel. IT looked to ME also that the original building contrive have been messed with. The fashion model airplane At the end of the 'infinity"" pool was ridiculous. Surely Geofrey bawa would non ingest approved.",Food,i thought the fine dining restaurant wa disappointing and overpriced the hotel felt too bucklands holiday camp for me couldnt expect to leave for each one day on other activity outside the hotel it looked to me also that the original building contrive have been messed with the fashion model airplane at the end of the infinity pool wa ridiculous surely geofrey bawa would non ingest approved,388,64
"I thought the ""fine dining"" restaurant was disappointing and over-priced. The hotel felt too ""Buckland's Holiday Camp"" for me. Couldn't postponement to leave for each one day on other action external the hotel. It looked to me also that the original building design had been mess up with. The model airplane at the end of the 'infinity"" pool was ridiculous. Surely Geofrey bawa would not get approved.",Food,i thought the fine dining restaurant wa disappointing and overpriced the hotel felt too bucklands holiday camp for me couldnt postponement to leave for each one day on other action external the hotel it looked to me also that the original building design had been mess up with the model airplane at the end of the infinity pool wa ridiculous surely geofrey bawa would not get approved,388,64
"I thought the ""fine dining"" restaurant was disappointing and over-priced. The hotel felt too ""Buckland's Holiday Camp"" for me. Couldn't delay to leave each day along former activities outside the hotel. It calculate to me also that the pilot building design accept been messed with. The model airplane at the remnant of the 'infinity"" pond was ridiculous. Surely Geofrey bawa would not have approved.",Food,i thought the fine dining restaurant wa disappointing and overpriced the hotel felt too bucklands holiday camp for me couldnt delay to leave each day along former activity outside the hotel it calculate to me also that the pilot building design accept been messed with the model airplane at the remnant of the infinity pond wa ridiculous surely geofrey bawa would not have approved,388,64
"atomic number 53 thought the ""fine dining"" restaurant was disappointing and over-priced. The hotel felt likewise ""Buckland's vacation Camp"" for me. Couldn't wait to leave each day on other activities outside the hotel. It looked to me likewise that the pilot make design had been messed with. The model airplane at the end of the 'infinity"" kitty was ridiculous. Surely Geofrey bawa would not have approved.",Food,atomic number thought the fine dining restaurant wa disappointing and overpriced the hotel felt likewise bucklands vacation camp for me couldnt wait to leave each day on other activity outside the hotel it looked to me likewise that the pilot make design had been messed with the model airplane at the end of the infinity kitty wa ridiculous surely geofrey bawa would not have approved,388,64
"I thought the ""fine dining"" restaurant live disappoint and over-priced. The hotel look too ""Buckland's Holiday Camp"" for me. Couldn't delay to leave each day on other activities remote the hotel. information technology bet to me also that the original building plan had been messed with. The model airplane at the end of the 'infinity"" pond make up ridiculous. Surely Geofrey bawa would not have approved.",Food,i thought the fine dining restaurant live disappoint and overpriced the hotel look too bucklands holiday camp for me couldnt delay to leave each day on other activity remote the hotel information technology bet to me also that the original building plan had been messed with the model airplane at the end of the infinity pond make up ridiculous surely geofrey bawa would not have approved,388,64
"one think the ""fine dining"" restaurant was disappointing and over-priced. The hotel felt too ""Buckland's holiday Camp"" for me. Couldn't wait to leave each day along other activities outside the hotel. It looked to Maine also that the original building plan suffer been messed with. The model plane at the end of the 'infinity"" pool was ridiculous. surely Geofrey bawa would non have approved.",Food,one think the fine dining restaurant wa disappointing and overpriced the hotel felt too bucklands holiday camp for me couldnt wait to leave each day along other activity outside the hotel it looked to maine also that the original building plan suffer been messed with the model plane at the end of the infinity pool wa ridiculous surely geofrey bawa would non have approved,388,64
great location and beautiful beach,Recreation,great location and beautiful beach,34,5
great location and beautiful beach,Recreation,great location and beautiful beach,34,5
great location and beautiful beach,Recreation,great location and beautiful beach,34,5
great locating and beautiful beach,Recreation,great locating and beautiful beach,34,5
great location and beautiful beach,Recreation,great location and beautiful beach,34,5
great location and beautiful beach,Recreation,great location and beautiful beach,34,5
great location and beautiful beach,Recreation,great location and beautiful beach,34,5
great location and beautiful beach,Recreation,great location and beautiful beach,34,5
great location and beautiful beach,Recreation,great location and beautiful beach,34,5
great localisation and beautiful beach,Recreation,great localisation and beautiful beach,34,5
great fix and beautiful beach,Recreation,great fix and beautiful beach,34,5
"Poor Service, Terrible Toilet Conditions... etc (list goes on)",Rooms,poor service terrible toilet condition etc list go on,62,9
"poor Service, Terrible Toilet Conditions... etc (list goes on)",Rooms,poor service terrible toilet condition etc list go on,62,9
"Poor Service, Terrible sewer Conditions... etc (list goes on)",Rooms,poor service terrible sewer condition etc list go on,62,9
"Poor Service, Terrible Toilet Conditions... etc (list goes on)",Rooms,poor service terrible toilet condition etc list go on,62,9
"poor people Service, Terrible Toilet Conditions... etc (list run on)",Rooms,poor people service terrible toilet condition etc list run on,62,9
"Poor Service, Terrible commode Conditions... etc (list goes on)",Rooms,poor service terrible commode condition etc list go on,62,9
"Poor Service, Terrible Toilet Conditions... etc (list goes on)",Rooms,poor service terrible toilet condition etc list go on,62,9
"Poor Service, Terrible Toilet Conditions... etc (list go on)",Rooms,poor service terrible toilet condition etc list go on,62,9
"pathetic Service, Terrible Toilet Conditions... etc (list goes on)",Rooms,pathetic service terrible toilet condition etc list go on,62,9
"Poor Service, Terrible Toilet Conditions... etc (list goes on)",Rooms,poor service terrible toilet condition etc list go on,62,9
"Poor Service, Terrible Toilet Conditions... etc (list goes on)",Rooms,poor service terrible toilet condition etc list go on,62,9
great location and beautiful beach,Recreation,great location and beautiful beach,34,5
great locating and beautiful beach,Recreation,great locating and beautiful beach,34,5
great localization and beautiful beach,Recreation,great localization and beautiful beach,34,5
great location and beautiful beach,Recreation,great location and beautiful beach,34,5
great location and beautiful beach,Recreation,great location and beautiful beach,34,5
great positioning and beautiful beach,Recreation,great positioning and beautiful beach,34,5
great location and beautiful beach,Recreation,great location and beautiful beach,34,5
great position and beautiful beach,Recreation,great position and beautiful beach,34,5
great location and beautiful beach,Recreation,great location and beautiful beach,34,5
great location and beautiful beach,Recreation,great location and beautiful beach,34,5
great locating and beautiful beach,Recreation,great locating and beautiful beach,34,5
Very disappointed with room,Rooms,very disappointed with room,27,4
Very disappointed with way,Rooms,very disappointed with way,27,4
Very disappointed with room,Rooms,very disappointed with room,27,4
very disappointed with room,Rooms,very disappointed with room,27,4
Very let down with room,Rooms,very let down with room,27,4
Very disappointed with board,Rooms,very disappointed with board,27,4
very disappointed with room,Rooms,very disappointed with room,27,4
Very disappoint with room,Rooms,very disappoint with room,27,4
Very disappointed with room,Rooms,very disappointed with room,27,4
very disappointed with room,Rooms,very disappointed with room,27,4
Very let down with room,Rooms,very let down with room,27,4
Not a 5 Star hotel - no entertainment - poor restaurant choices.,Recreation,not a star hotel no entertainment poor restaurant choice,64,12
non A v Star hotel - no entertainment - poor restaurant choices.,Recreation,non a v star hotel no entertainment poor restaurant choice,64,12
Not a pentad Star hotel - no entertainment - poor restaurant choices.,Recreation,not a pentad star hotel no entertainment poor restaurant choice,64,12
Not a 5 necromancer hotel - no entertainment - poor restaurant choices.,Recreation,not a necromancer hotel no entertainment poor restaurant choice,64,12
Not angstrom 5 star hotel - no entertainment - poor restaurant choices.,Recreation,not angstrom star hotel no entertainment poor restaurant choice,64,12
Not a Phoebe Star hotel - no amusement - poor eating place choices.,Recreation,not a phoebe star hotel no amusement poor eating place choice,64,12
Not type A 5 Star hotel - atomic number 102 amusement - poor restaurant choices.,Recreation,not type a star hotel atomic number amusement poor restaurant choice,64,12
Not amp 5 Star hotel - no amusement - poor restaurant choices.,Recreation,not amp star hotel no amusement poor restaurant choice,64,12
non a 5 Star hotel - no entertainment - poor restaurant choices.,Recreation,non a star hotel no entertainment poor restaurant choice,64,12
Not a five Star hotel - atomic number 102 entertainment - wretched restaurant choices.,Recreation,not a five star hotel atomic number entertainment wretched restaurant choice,64,12
Not a 5 Star hotel - nobelium entertainment - pathetic restaurant choices.,Recreation,not a star hotel nobelium entertainment pathetic restaurant choice,64,12
Execellent architecture But disappinting service bad management average food,Services,execellent architecture but disappinting service bad management average food,76,9
Execellent architecture But disappinting inspection and repair bad management average food for thought,Services,execellent architecture but disappinting inspection and repair bad management average food for thought,76,9
Execellent architecture But disappinting service of process sorry management average food,Services,execellent architecture but disappinting service of process sorry management average food,76,9
Execellent architecture But disappinting Robert William Service bad management average intellectual nourishment,Services,execellent architecture but disappinting robert william service bad management average intellectual nourishment,76,9
Execellent architecture But disappinting service bad charge average food,Services,execellent architecture but disappinting service bad charge average food,76,9
Execellent computer architecture But disappinting service bad direction average food,Services,execellent computer architecture but disappinting service bad direction average food,76,9
Execellent computer architecture But disappinting service forged management average food,Services,execellent computer architecture but disappinting service forged management average food,76,9
Execellent architecture But disappinting service bad management mean food,Services,execellent architecture but disappinting service bad management mean food,76,9
Execellent architecture But disappinting service spoil management average food,Services,execellent architecture but disappinting service spoil management average food,76,9
Execellent architecture merely disappinting service badly management average food,Services,execellent architecture merely disappinting service badly management average food,76,9
Execellent architecture simply disappinting service bad management average nutrient,Services,execellent architecture simply disappinting service bad management average nutrient,76,9
"Good food, terrible service",Food,good food terrible service,27,4
"ripe food, terrible service",Food,ripe food terrible service,27,4
"Good food, dread service",Food,good food dread service,27,4
"Good food, terrible service",Food,good food terrible service,27,4
"skillful food, terrible service",Food,skillful food terrible service,27,4
"dependable food, terrible service",Food,dependable food terrible service,27,4
"good food, terrible service",Food,good food terrible service,27,4
"Good food, terrible service",Food,good food terrible service,27,4
"Good food, terrible religious service",Food,good food terrible religious service,27,4
"estimable food, terrible service",Food,estimable food terrible service,27,4
"Good food, terrible service",Food,good food terrible service,27,4
"Terrible property, they have some audacity to call themselves a 5 Star",Rooms,terrible property they have some audacity to call themselves a star,70,12
"Terrible property, they have some temerity to call themselves amp fin Star",Rooms,terrible property they have some temerity to call themselves amp fin star,70,12
"Terrible property, they have around audacity to squall themselves a 5 prima",Rooms,terrible property they have around audacity to squall themselves a prima,70,12
"frightening property, they have some temerity to call themselves a 5 Star",Rooms,frightening property they have some temerity to call themselves a star,70,12
"Terrible property, they have some audacity to telephone call themselves a 5 genius",Rooms,terrible property they have some audacity to telephone call themselves a genius,70,12
"dreadful property, they have some audacity to call themselves a 5 star",Rooms,dreadful property they have some audacity to call themselves a star,70,12
"Terrible property, they have some audacity to call themselves type A 5 Star",Rooms,terrible property they have some audacity to call themselves type a star,70,12
"Terrible property, they have some audacity to call themselves a 5 Star",Rooms,terrible property they have some audacity to call themselves a star,70,12
"dreaded property, they have some audaciousness to call in themselves a 5 Star",Rooms,dreaded property they have some audaciousness to call in themselves a star,70,12
"horrendous property, they have some audacity to call themselves a Little Phoebe Star",Rooms,horrendous property they have some audacity to call themselves a little phoebe star,70,12
"Terrible property, they have close to audacity to call themselves A 5 genius",Rooms,terrible property they have close to audacity to call themselves a genius,70,12
I ordered my breakfast to the room which I didn't get .then they firmly apologized for not  giving me the breakfast.then asked me to have the lunch instead .then when I had the lunch asked me to pay for it .mind you I was allocated for a complimentary breakfast with the package I paid .,Food,i ordered my breakfast to the room which i didnt get then they firmly apologized for not giving me the breakfastthen asked me to have the lunch instead then when i had the lunch asked me to pay for it mind you i wa allocated for a complimentary breakfast with the package i paid,287,55
I ordered my breakfast to the room which 1 didn't get .then they firmly apologized for non giving me the breakfast.then call for me to have the lunch or else .then when ace had the lunch require Pine Tree State to pay for it .mind you I was allocated for antiophthalmic factor complimentary breakfast with the package I paid .,Food,i ordered my breakfast to the room which didnt get then they firmly apologized for non giving me the breakfastthen call for me to have the lunch or else then when ace had the lunch require pine tree state to pay for it mind you i wa allocated for antiophthalmic factor complimentary breakfast with the package i paid,287,55
i ordered my breakfast to the room which I didn't receive .then they securely apologized for not give ME the breakfast.then asked me to have the lunch instead .then when I had the luncheon ask me to pay for it .mind you I follow allocated for a gratuitous breakfast with the package 1 compensate .,Food,i ordered my breakfast to the room which i didnt receive then they securely apologized for not give me the breakfastthen asked me to have the lunch instead then when i had the luncheon ask me to pay for it mind you i follow allocated for a gratuitous breakfast with the package compensate,287,55
ane regularize my breakfast to the room which i didn't get .then they firmly apologise for not give me the breakfast.then asked me to have the lunch instead .then when one possess the lunch asked me to pay for it .mind you I was allocated for a free breakfast with the package I paid .,Food,ane regularize my breakfast to the room which i didnt get then they firmly apologise for not give me the breakfastthen asked me to have the lunch instead then when one possess the lunch asked me to pay for it mind you i wa allocated for a free breakfast with the package i paid,287,55
iodine regularise my breakfast to the room which 1 didn't get .then they firmly apologized for not give me the breakfast.then asked me to have the lunch instead .then when I had the dejeuner asked me to pay for information technology .mind you I was allocate for vitamin A costless breakfast with the package I paid .,Food,iodine regularise my breakfast to the room which didnt get then they firmly apologized for not give me the breakfastthen asked me to have the lunch instead then when i had the dejeuner asked me to pay for information technology mind you i wa allocate for vitamin a costless breakfast with the package i paid,287,55
I ordered my breakfast to the room which I didn't get .then they firmly apologized for not giving me the breakfast.then necessitate me to have the lunch instead .then when I had the tiffin asked Maine to give for IT .mind you i was allocated for a complimentary breakfast with the package I paid .,Food,i ordered my breakfast to the room which i didnt get then they firmly apologized for not giving me the breakfastthen necessitate me to have the lunch instead then when i had the tiffin asked maine to give for it mind you i wa allocated for a complimentary breakfast with the package i paid,287,55
I ordered my breakfast to the room which I didn't father .then they hard rationalise for not giving me the breakfast.then asked me to have the lunch or else .then when I had the lunch asked me to pay for it .mind you tincture of iodine was allocated for a gratis breakfast with the package I paid .,Food,i ordered my breakfast to the room which i didnt father then they hard rationalise for not giving me the breakfastthen asked me to have the lunch or else then when i had the lunch asked me to pay for it mind you tincture of iodine wa allocated for a gratis breakfast with the package i paid,287,55
I ordered my breakfast to the room which I didn't start out .then they punishing apologized for not giving ME the breakfast.then asked me to have the lunch or else .then when one had the lunch asked Maine to pay for it .mind you I was allocated for a complimentary breakfast with the software system ace paid .,Food,i ordered my breakfast to the room which i didnt start out then they punishing apologized for not giving me the breakfastthen asked me to have the lunch or else then when one had the lunch asked maine to pay for it mind you i wa allocated for a complimentary breakfast with the software system ace paid,287,55
I arranged my breakfast to the room which one didn't get .then they firmly apologize for not giving Maine the breakfast.then asked me to take in the lunch instead .then when I let the tiffin asked me to pay for it .mind you I was allocate for a complimentary breakfast with the package I paid .,Food,i arranged my breakfast to the room which one didnt get then they firmly apologize for not giving maine the breakfastthen asked me to take in the lunch instead then when i let the tiffin asked me to pay for it mind you i wa allocate for a complimentary breakfast with the package i paid,287,55
I ordered my breakfast to the room which I didn't get .then they firmly apologized for not giving Pine Tree State the breakfast.then asked me to experience the lunch rather .then when I have the tiffin asked Pine Tree State to pay for IT .mind you I was apportion for a complimentary breakfast with the parcel I paid .,Food,i ordered my breakfast to the room which i didnt get then they firmly apologized for not giving pine tree state the breakfastthen asked me to experience the lunch rather then when i have the tiffin asked pine tree state to pay for it mind you i wa apportion for a complimentary breakfast with the parcel i paid,287,55
I ordered my breakfast to the room which I didn't get .then they firm apologized for non giving Maine the breakfast.then asked me to have the lunch instead .then when iodine had the lunch asked me to pay for it .mind you one was apportion for a complimentary breakfast with the parcel I yield .,Food,i ordered my breakfast to the room which i didnt get then they firm apologized for non giving maine the breakfastthen asked me to have the lunch instead then when iodine had the lunch asked me to pay for it mind you one wa apportion for a complimentary breakfast with the parcel i yield,287,55
"Unhappy experience. Boring food, unprofessional front office staff. Spa was awesome",Food,unhappy experience boring food unprofessional front office staff spa wa awesome,83,11
"Unhappy experience. Boring food, unprofessional front post staff. Spa was awesome",Food,unhappy experience boring food unprofessional front post staff spa wa awesome,83,11
"Unhappy experience. Boring food, unprofessional front office staff. Spa constitute awesome",Food,unhappy experience boring food unprofessional front office staff spa constitute awesome,83,11
"Unhappy experience. ho-hum food, unprofessional front office staff. watering place was awesome",Food,unhappy experience hohum food unprofessional front office staff watering place wa awesome,83,11
"Unhappy experience. Boring food, unprofessional look spot staff. Spa was awesome",Food,unhappy experience boring food unprofessional look spot staff spa wa awesome,83,11
"Unhappy experience. oil production food, unprofessional front place staff. Spa was amazing",Food,unhappy experience oil production food unprofessional front place staff spa wa amazing,83,11
"Unhappy experience. Boring food, unprofessional front office staff. Spa was awesome",Food,unhappy experience boring food unprofessional front office staff spa wa awesome,83,11
"dysphoric experience. ho-hum food, unprofessional front office staff. Spa be awesome",Food,dysphoric experience hohum food unprofessional front office staff spa be awesome,83,11
"Unhappy experience. drilling food, unprofessional front office staff. Spa be amazing",Food,unhappy experience drilling food unprofessional front office staff spa be amazing,83,11
"Unhappy experience. Boring food, unprofessional front man office staff. Spa was awful",Food,unhappy experience boring food unprofessional front man office staff spa wa awful,83,11
"unhappy experience. bore food, unprofessional front office staff. spa was awesome",Food,unhappy experience bore food unprofessional front office staff spa wa awesome,83,11
An oasis under potential threat,Food,an oasis under potential threat,31,5
An oasis under potential menace,Food,an oasis under potential menace,31,5
An oasis nether potential threat,Food,an oasis nether potential threat,31,5
An oasis below potential threat,Food,an oasis below potential threat,31,5
An haven under potential threat,Food,an haven under potential threat,31,5
An haven under potential threat,Food,an haven under potential threat,31,5
AN oasis under potential threat,Food,an oasis under potential threat,31,5
An oasis under potential drop threat,Food,an oasis under potential drop threat,31,5
An oasis under potential terror,Food,an oasis under potential terror,31,5
An haven under potential threat,Food,an haven under potential threat,31,5
An oasis under potential drop threat,Food,an oasis under potential drop threat,31,5
I ordered my breakfast to the room which I didn't get .then they firmly apologized for not  giving me the breakfast.then asked me to have the lunch instead .then when I had the lunch asked me to pay for it .mind you I was allocated for a complimentary breakfast with the package I paid .,Rooms,i ordered my breakfast to the room which i didnt get then they firmly apologized for not giving me the breakfastthen asked me to have the lunch instead then when i had the lunch asked me to pay for it mind you i wa allocated for a complimentary breakfast with the package i paid,287,55
I ordered my breakfast to the room which atomic number 53 didn't get .then they firmly apologized for not giving me the breakfast.then asked me to have the lunch alternatively .then when i had the tiffin ask me to pay for it .mind you unity was apportion for deoxyadenosine monophosphate complimentary breakfast with the package I yield .,Rooms,i ordered my breakfast to the room which atomic number didnt get then they firmly apologized for not giving me the breakfastthen asked me to have the lunch alternatively then when i had the tiffin ask me to pay for it mind you unity wa apportion for deoxyadenosine monophosphate complimentary breakfast with the package i yield,287,55
I ordered my breakfast to the room which I didn't get .then they firmly rationalize for non giving ME the breakfast.then asked me to have the lunch instead .then when wiz had the lunch asked me to pay for IT .mind you I was allocated for a complimentary breakfast with the package I paid .,Rooms,i ordered my breakfast to the room which i didnt get then they firmly rationalize for non giving me the breakfastthen asked me to have the lunch instead then when wiz had the lunch asked me to pay for it mind you i wa allocated for a complimentary breakfast with the package i paid,287,55
i ordered my breakfast to the room which I didn't get .then they firmly apologized for not giving me the breakfast.then asked me to ingest the tiffin instead .then when I have the dejeuner involve me to pay for it .mind you single represent allocated for a complimentary breakfast with the package I paid .,Rooms,i ordered my breakfast to the room which i didnt get then they firmly apologized for not giving me the breakfastthen asked me to ingest the tiffin instead then when i have the dejeuner involve me to pay for it mind you single represent allocated for a complimentary breakfast with the package i paid,287,55
I ordered my breakfast to the room which I didn't get .then they firmly apologized for non concession me the breakfast.then asked me to have the lunch instead .then when I had the lunch asked ME to pay for it .mind you I was allocated for a gratis breakfast with the package I paid .,Rooms,i ordered my breakfast to the room which i didnt get then they firmly apologized for non concession me the breakfastthen asked me to have the lunch instead then when i had the lunch asked me to pay for it mind you i wa allocated for a gratis breakfast with the package i paid,287,55
I ordered my breakfast to the room which atomic number 53 didn't get .then they firmly apologized for not giving me the breakfast.then asked me to have the lunch instead .then when iodin had the lunch demand me to pay for it .mind you I be allocated for a complimentary breakfast with the software program single paid .,Rooms,i ordered my breakfast to the room which atomic number didnt get then they firmly apologized for not giving me the breakfastthen asked me to have the lunch instead then when iodin had the lunch demand me to pay for it mind you i be allocated for a complimentary breakfast with the software program single paid,287,55
i ordered my breakfast to the room which I didn't get .then they firmly apologise for not giving Maine the breakfast.then asked me to have the dejeuner alternatively .then when i get the lunch asked me to pay for IT .mind you I was allocated for a complimentary breakfast with the package ace paid .,Rooms,i ordered my breakfast to the room which i didnt get then they firmly apologise for not giving maine the breakfastthen asked me to have the dejeuner alternatively then when i get the lunch asked me to pay for it mind you i wa allocated for a complimentary breakfast with the package ace paid,287,55
I ordered my breakfast to the room which I didn't get .then they firmly apologized for not hold me the breakfast.then asked me to have the lunch rather .then when 1 cause the lunch asked Maine to pay for it .mind you atomic number 53 was apportion for a complimentary breakfast with the package one paid .,Rooms,i ordered my breakfast to the room which i didnt get then they firmly apologized for not hold me the breakfastthen asked me to have the lunch rather then when cause the lunch asked maine to pay for it mind you atomic number wa apportion for a complimentary breakfast with the package one paid,287,55
single ordered my breakfast to the room which I didn't get .then they firmly apologized for not giving me the breakfast.then asked Pine Tree State to rich person the lunch instead .then when iodin had the lunch asked me to pay for it .mind you I was allocated for A free breakfast with the software package I paid .,Rooms,single ordered my breakfast to the room which i didnt get then they firmly apologized for not giving me the breakfastthen asked pine tree state to rich person the lunch instead then when iodin had the lunch asked me to pay for it mind you i wa allocated for a free breakfast with the software package i paid,287,55
unity ordered my breakfast to the room which I didn't acquire .then they firmly apologized for not giving me the breakfast.then take Maine to have the tiffin instead .then when I had the lunch asked me to compensate for it .mind you I was apportion for a gratis breakfast with the bundle I paid .,Rooms,unity ordered my breakfast to the room which i didnt acquire then they firmly apologized for not giving me the breakfastthen take maine to have the tiffin instead then when i had the lunch asked me to compensate for it mind you i wa apportion for a gratis breakfast with the bundle i paid,287,55
unity ordered my breakfast to the room which I didn't get .then they firmly rationalise for non giving me the breakfast.then asked me to cause the dejeuner instead .then when atomic number 53 had the lunch asked me to pay for it .mind you I incarnate apportion for deoxyadenosine monophosphate complimentary breakfast with the package I paid .,Rooms,unity ordered my breakfast to the room which i didnt get then they firmly rationalise for non giving me the breakfastthen asked me to cause the dejeuner instead then when atomic number had the lunch asked me to pay for it mind you i incarnate apportion for deoxyadenosine monophosphate complimentary breakfast with the package i paid,287,55
"Never have we ever been into such as filthy, serivce-lacking beach resort.  The whole premises is a run-down.  The restaurants are not clean: sticky tables covered with juice stains; rotten salad, bread crumbs and fish bones seem to be part of the chairs and cushions.  Serving beverages with cracked cups/glasses which also have dead insects gluing to them.  The food is not well prepared neither fresh, including the seafood!  Annoyed to be served with stale seafood in a beach resot!  Hotel beach is decorated with trash, including broken bottles.  Guests pay 5-star-resort tariff while 1-star serive is provided.",Food,never have we ever been into such a filthy serivcelacking beach resort the whole premise is a rundown the restaurant are not clean sticky table covered with juice stain rotten salad bread crumb and fish bone seem to be part of the chair and cushion serving beverage with cracked cupsglasses which also have dead insect gluing to them the food is not well prepared neither fresh including the seafood annoyed to be served with stale seafood in a beach resot hotel beach is decorated with trash including broken bottle guest pay starresort tariff while star serive is provided,616,98
"Never have we ever so been into such as filthy, serivce-lacking beach resort. The whole premises is a run-down. The eating place personify not clean: sticky tables covered with juice stains; stinky salad, lucre crumbs and fish get up look to be part of the chairs and cushions. Serving beverages with cracked cups/glasses which also have dead louse gluing to them. The solid food is non good train neither fresh, including the seafood! Annoyed to comprise served with stale seafood in a beach resot! Hotel beach is decorated with trash, including broken bottles. Guests pay 5-star-resort duty while 1-star serive be provided.",Food,never have we ever so been into such a filthy serivcelacking beach resort the whole premise is a rundown the eating place personify not clean sticky table covered with juice stain stinky salad lucre crumb and fish get up look to be part of the chair and cushion serving beverage with cracked cupsglasses which also have dead louse gluing to them the solid food is non good train neither fresh including the seafood annoyed to comprise served with stale seafood in a beach resot hotel beach is decorated with trash including broken bottle guest pay starresort duty while star serive be provided,616,98
"Never flummox we ever been into such as filthy, serivce-lacking beach resort. The whole premises is antiophthalmic factor run-down. The restaurants are not clean: viscous tables covered with juice stains; rotted salad, kale fume and fish bones look to live part of the chairs and cushions. Serving beverages with cracked cups/glasses which also have dead insects gluing to them. The food is not well prepared neither fresh, including the seafood! Annoyed to be served with stale seafood in a beach resot! Hotel beach is decorated with trash, including broken bottles. Guests earnings 5-star-resort tariff while 1-star serive is provided.",Food,never flummox we ever been into such a filthy serivcelacking beach resort the whole premise is antiophthalmic factor rundown the restaurant are not clean viscous table covered with juice stain rotted salad kale fume and fish bone look to live part of the chair and cushion serving beverage with cracked cupsglasses which also have dead insect gluing to them the food is not well prepared neither fresh including the seafood annoyed to be served with stale seafood in a beach resot hotel beach is decorated with trash including broken bottle guest earnings starresort tariff while star serive is provided,616,98
"Never have we ever be into such as filthy, serivce-lacking beach resort. The whole premise is a run-down. The restaurants are not clean: sticky tables covered with juice stains; rotten salad, bread crumbs and angle bones look to be part of the chair and cushions. Serving beverages with crack cups/glasses which also receive dead insects glue to them. The solid food follow non well train neither fresh, let in the seafood! Annoyed to be served with dusty seafood in a beach resot! Hotel beach is decorated with trash, including broken bottles. node pay 5-star-resort tariff while 1-star serive is provided.",Food,never have we ever be into such a filthy serivcelacking beach resort the whole premise is a rundown the restaurant are not clean sticky table covered with juice stain rotten salad bread crumb and angle bone look to be part of the chair and cushion serving beverage with crack cupsglasses which also receive dead insect glue to them the solid food follow non well train neither fresh let in the seafood annoyed to be served with dusty seafood in a beach resot hotel beach is decorated with trash including broken bottle node pay starresort tariff while star serive is provided,616,98
"ne'er have we ever been into such as filthy, serivce-lacking beach resort. The whole premises be a run-down. The restaurants are not clean: sticky table cross with succus stains; rotten salad, bread crumb and fish clappers seem to be part of the chairs and cushions. Serving beverages with break through cups/glasses which also have dead insects gluing to them. The nutrient be non beneficial prepared neither fresh, include the seafood! Annoyed to be served with stale seafood in a beach resot! Hotel beach Be decorated with trash, including broken bottles. Guests pay 5-star-resort tariff while 1-star serive is provided.",Food,neer have we ever been into such a filthy serivcelacking beach resort the whole premise be a rundown the restaurant are not clean sticky table cross with succus stain rotten salad bread crumb and fish clapper seem to be part of the chair and cushion serving beverage with break through cupsglasses which also have dead insect gluing to them the nutrient be non beneficial prepared neither fresh include the seafood annoyed to be served with stale seafood in a beach resot hotel beach be decorated with trash including broken bottle guest pay starresort tariff while star serive is provided,616,98
"Never have we of all time been into such as filthy, serivce-lacking beach resort. The whole premises is antiophthalmic factor run-down. The restaurant equal not clean: sticky put over covered with juice stains; stinky salad, pelf crumbs and Fish bones seem to be part of the chair and cushions. service beverage with cracked cups/glasses which also have dead insects gluing to them. The nutritive is not well prepared neither fresh, including the seafood! Annoyed to be served with stale seafood in a beach resot! Hotel beach is adorn with trash, let in broken bottles. Guests pay 5-star-resort tariff while 1-star serive is provided.",Food,never have we of all time been into such a filthy serivcelacking beach resort the whole premise is antiophthalmic factor rundown the restaurant equal not clean sticky put over covered with juice stain stinky salad pelf crumb and fish bone seem to be part of the chair and cushion service beverage with cracked cupsglasses which also have dead insect gluing to them the nutritive is not well prepared neither fresh including the seafood annoyed to be served with stale seafood in a beach resot hotel beach is adorn with trash let in broken bottle guest pay starresort tariff while star serive is provided,616,98
"Never have we ever comprise into such as filthy, serivce-lacking beach resort. The whole premises is axerophthol run-down. The restaurants be not clean: pasty tables covered with juice stains; rotten salad, bread crumbs and fish bones seem to follow portion of the chairs and cushions. Serving beverages with cracked cups/glasses which also have dead insects gluing to them. The food cost not well prepared neither fresh, including the seafood! irritated to beryllium function with dusty seafood in axerophthol beach resot! Hotel beach cost decorated with trash, including broken bottles. Guests ante up 5-star-resort tariff while 1-star serive is provided.",Food,never have we ever comprise into such a filthy serivcelacking beach resort the whole premise is axerophthol rundown the restaurant be not clean pasty table covered with juice stain rotten salad bread crumb and fish bone seem to follow portion of the chair and cushion serving beverage with cracked cupsglasses which also have dead insect gluing to them the food cost not well prepared neither fresh including the seafood irritated to beryllium function with dusty seafood in axerophthol beach resot hotel beach cost decorated with trash including broken bottle guest ante up starresort tariff while star serive is provided,616,98
"never make we ever be into such as filthy, serivce-lacking beach resort. The whole premises is a run-down. The restaurant are not clean: steamy tables covered with juice stains; stinky salad, breadstuff crumbs and Fish bones seem to glucinium part of the president and cushions. Serving drink with cracked cups/glasses which also have dead insects gluing to them. The food is not well prepared neither fresh, include the seafood! Annoyed to be served with dusty seafood in a beach resot! Hotel beach is decorated with trash, including broken bottles. Guests pay 5-star-resort duty while 1-star serive is provided.",Food,never make we ever be into such a filthy serivcelacking beach resort the whole premise is a rundown the restaurant are not clean steamy table covered with juice stain stinky salad breadstuff crumb and fish bone seem to glucinium part of the president and cushion serving drink with cracked cupsglasses which also have dead insect gluing to them the food is not well prepared neither fresh include the seafood annoyed to be served with dusty seafood in a beach resot hotel beach is decorated with trash including broken bottle guest pay starresort duty while star serive is provided,616,98
"never have we ever been into such as filthy, serivce-lacking beach resort. The whole premises is group A run-down. The restaurants are non clean: sticky tables covered with juice stains; icky salad, gelt crumbs and fish bones seem to be part of the chairs and cushions. Serving beverages with cracked cups/glasses which also have absolutely insects gluing to them. The food is not well prepare neither fresh, including the seafood! riled to be serve with stale seafood in a beach resot! Hotel beach match decorated with trash, including broken bottles. Guests pay 5-star-resort tariff while 1-star serive is provided.",Food,never have we ever been into such a filthy serivcelacking beach resort the whole premise is group a rundown the restaurant are non clean sticky table covered with juice stain icky salad gelt crumb and fish bone seem to be part of the chair and cushion serving beverage with cracked cupsglasses which also have absolutely insect gluing to them the food is not well prepare neither fresh including the seafood riled to be serve with stale seafood in a beach resot hotel beach match decorated with trash including broken bottle guest pay starresort tariff while star serive is provided,616,98
"Never have we ever so toll into such as filthy, serivce-lacking beach resort. The whole premises is A run-down. The restaurants are not clean: sticky table covered with succus stains; rotten salad, breadstuff lowlife and fish bones seem to make up part of the chair and cushions. Serving beverages with cracked cups/glasses which also have suddenly insects gluing to them. The alimental is non well prepared neither fresh, including the seafood! Annoyed to be served with stale seafood in a beach resot! Hotel beach is decorate with trash, including broken bottles. guest pay 5-star-resort duty while 1-star serive is provided.",Food,never have we ever so toll into such a filthy serivcelacking beach resort the whole premise is a rundown the restaurant are not clean sticky table covered with succus stain rotten salad breadstuff lowlife and fish bone seem to make up part of the chair and cushion serving beverage with cracked cupsglasses which also have suddenly insect gluing to them the alimental is non well prepared neither fresh including the seafood annoyed to be served with stale seafood in a beach resot hotel beach is decorate with trash including broken bottle guest pay starresort duty while star serive is provided,616,98
"Never birth we ever so been into such as filthy, serivce-lacking beach resort. The whole premises is a run-down. The restaurants are non clean: viscid tables covered with succus stains; rotten salad, bread stinker and Pisces bones seem to follow office of the chairs and cushions. Serving beverage with cracked cups/glasses which also experience dead insects gluing to them. The food Be not easily prepared neither fresh, include the seafood! rile to be wait on with stale seafood in a beach resot! Hotel beach is decorated with trash, including broken bottles. Guests pay 5-star-resort tariff while 1-star serive is provided.",Food,never birth we ever so been into such a filthy serivcelacking beach resort the whole premise is a rundown the restaurant are non clean viscid table covered with succus stain rotten salad bread stinker and pisces bone seem to follow office of the chair and cushion serving beverage with cracked cupsglasses which also experience dead insect gluing to them the food be not easily prepared neither fresh include the seafood rile to be wait on with stale seafood in a beach resot hotel beach is decorated with trash including broken bottle guest pay starresort tariff while star serive is provided,616,98
"Less Buffet.
Not match with 5 star grade hotel",Food,less buffet not match with star grade hotel,46,9
to a lesser extent Buffet. Not match with 5 star grade hotel,Food,to a lesser extent buffet not match with star grade hotel,46,9
Less Buffet. Not match with fin headliner grade hotel,Food,less buffet not match with fin headliner grade hotel,46,9
Less Buffet. Not match with fivesome star grade hotel,Food,less buffet not match with fivesome star grade hotel,46,9
Less Buffet. Not match with Phoebe lead grade hotel,Food,less buffet not match with phoebe lead grade hotel,46,9
Less Buffet. Not oppose with 5 star grade hotel,Food,less buffet not oppose with star grade hotel,46,9
Less Buffet. Not match with 5 ace grade hotel,Food,less buffet not match with ace grade hotel,46,9
Less Buffet. Not equal with 5 star score hotel,Food,less buffet not equal with star score hotel,46,9
Less Buffet. non match with 5 star grade hotel,Food,less buffet non match with star grade hotel,46,9
Less Buffet. non match with 5 star grade hotel,Food,less buffet non match with star grade hotel,46,9
to a lesser extent Buffet. Not match with 5 star grade hotel,Food,to a lesser extent buffet not match with star grade hotel,46,9
Amazing property with great people,Food,amazing property with great people,34,5
Amazing property with great multitude,Food,amazing property with great multitude,34,5
Amazing property with great multitude,Food,amazing property with great multitude,34,5
Amazing property with neat people,Food,amazing property with neat people,34,5
awing property with great people,Food,awing property with great people,34,5
Amazing property with great people,Food,amazing property with great people,34,5
Amazing place with great people,Food,amazing place with great people,34,5
awing property with great people,Food,awing property with great people,34,5
Amazing belongings with great people,Food,amazing belonging with great people,34,5
Amazing property with large people,Food,amazing property with large people,34,5
Amazing property with great masses,Food,amazing property with great mass,34,5
"We felt we could not relax whilst in the grounds, the local sellers both men and women, hid in the bushes of the hotel on the beach, waiting to get people's attention.  As soon as you stepped onto the beach, you were surrounded by them.  Also so much rubbish strewn about the perimeter.  Overall the hotel lacked any atmosphere, maybe it is too large for that?
The staff were all lovely and friendly.  For the money we both felt very let down, it is marked as a 5 star hotel but I would disagree with that.",Rooms,we felt we could not relax whilst in the ground the local seller both men and woman hid in the bush of the hotel on the beach waiting to get people attention a soon a you stepped onto the beach you were surrounded by them also so much rubbish strewn about the perimeter overall the hotel lacked any atmosphere maybe it is too large for that the staff were all lovely and friendly for the money we both felt very let down it is marked a a star hotel but i would disagree with that,506,96
"We felt we could not relax whilst in the grounds, the local sellers both men and women, hid In the bushes of the hotel on the beach, waiting to stimulate people's attention. As before long as you pace onto the beach, you were surrounded away them. likewise so a good deal rubbish strewn about the perimeter. Overall the hotel lacked whatsoever atmosphere, maybe it is too large for that? The stave were all cover girl and friendly. For the money we both felt very countenance down, information technology is marked as a 5 champion hotel but I would disagree with that.",Rooms,we felt we could not relax whilst in the ground the local seller both men and woman hid in the bush of the hotel on the beach waiting to stimulate people attention a before long a you pace onto the beach you were surrounded away them likewise so a good deal rubbish strewn about the perimeter overall the hotel lacked whatsoever atmosphere maybe it is too large for that the stave were all cover girl and friendly for the money we both felt very countenance down information technology is marked a a champion hotel but i would disagree with that,506,96
"We felt we could not relax whilst indium the grounds, the local sellers both men and women, hide Indiana the bushes of the hotel on the beach, waiting to get people's attention. As curtly as you stepped onto the beach, you live surrounded aside them. Also so much rubbish strewn about the perimeter. Overall the hotel lacked any atmosphere, maybe it is too declamatory for that? The staff were all lovely and friendly. For the money we both felt truly get down, IT is marked as a 5 star hotel but I would disagree with that.",Rooms,we felt we could not relax whilst indium the ground the local seller both men and woman hide indiana the bush of the hotel on the beach waiting to get people attention a curtly a you stepped onto the beach you live surrounded aside them also so much rubbish strewn about the perimeter overall the hotel lacked any atmosphere maybe it is too declamatory for that the staff were all lovely and friendly for the money we both felt truly get down it is marked a a star hotel but i would disagree with that,506,96
"We matte we could not relax whilst in the grounds, the local anesthetic sellers both men and women, hid in the George Walker Bush of the hotel on the beach, waiting to get people's attention. adenine before long as you stepped onto the beach, you were surrounded past them. Also so much rubbish strewn about the perimeter. Overall the hotel lacked any atmosphere, maybe it be excessively bombastic for that? The staff be all cover girl and friendly. For the money we both felt very let down, information technology is pit A a 5 star hotel but I would disagree with that.",Rooms,we matte we could not relax whilst in the ground the local anesthetic seller both men and woman hid in the george walker bush of the hotel on the beach waiting to get people attention adenine before long a you stepped onto the beach you were surrounded past them also so much rubbish strewn about the perimeter overall the hotel lacked any atmosphere maybe it be excessively bombastic for that the staff be all cover girl and friendly for the money we both felt very let down information technology is pit a a star hotel but i would disagree with that,506,96
"We matt-up we could not relax whilst in the grounds, the local trafficker both men and women, hid IN the pubic hair of the hotel on the beach, waiting to get people's attention. As soon American Samoa you stepped onto the beach, you were surrounded by them. Also thence much rubbish strewn about the perimeter. overall the hotel lacked whatsoever atmosphere, maybe IT is likewise vauntingly for that? The staff were completely cover girl and friendly. For the money we both felt very let down, it is marked as a quint star hotel just I would disagree with that.",Rooms,we mattup we could not relax whilst in the ground the local trafficker both men and woman hid in the pubic hair of the hotel on the beach waiting to get people attention a soon american samoa you stepped onto the beach you were surrounded by them also thence much rubbish strewn about the perimeter overall the hotel lacked whatsoever atmosphere maybe it is likewise vauntingly for that the staff were completely cover girl and friendly for the money we both felt very let down it is marked a a quint star hotel just i would disagree with that,506,96
"We felt we could not relax whilst in the grounds, the local Sellers both men and women, hid in the bushes of the hotel on the beach, waiting to get people's attention. As soon A you stepped onto the beach, you were surrounded by them. also so much rubbish strewn about the perimeter. Overall the hotel lacked any atmosphere, perchance it is too gravid for that? The stave were altogether lovely and friendly. For the money we both felt very let down, information technology is marked as a V wiz hotel merely I would disagree with that.",Rooms,we felt we could not relax whilst in the ground the local seller both men and woman hid in the bush of the hotel on the beach waiting to get people attention a soon a you stepped onto the beach you were surrounded by them also so much rubbish strewn about the perimeter overall the hotel lacked any atmosphere perchance it is too gravid for that the stave were altogether lovely and friendly for the money we both felt very let down information technology is marked a a v wiz hotel merely i would disagree with that,506,96
"We felt we could not decompress whilst Hoosier State the grounds, the local sellers both men and women, hid Indiana the President Bush of the hotel along the beach, delay to get people's attention. atomic number 33 soon as you stepped onto the beach, you were surrounded away them. Also so practically rubbish strewn about the perimeter. Overall the hotel miss any atmosphere, maybe it be too gravid for that? The staff were all adorable and friendly. For the money we both felt very let down, information technology is marked A a 5 mavin hotel but I would disagree with that.",Rooms,we felt we could not decompress whilst hoosier state the ground the local seller both men and woman hid indiana the president bush of the hotel along the beach delay to get people attention atomic number soon a you stepped onto the beach you were surrounded away them also so practically rubbish strewn about the perimeter overall the hotel miss any atmosphere maybe it be too gravid for that the staff were all adorable and friendly for the money we both felt very let down information technology is marked a a mavin hotel but i would disagree with that,506,96
"We felt we could non relax whilst in the grounds, the local Peter Sellers both gentleman's gentleman and women, hid inward the bushes of the hotel on the beach, waiting to have people's attention. angstrom unit soon axerophthol you tread onto the beach, you were surrounded by them. Also so much rubbish strewn about the perimeter. Overall the hotel lacked any atmosphere, maybe IT personify too large for that? The staff were all pin-up and friendly. For the money we both felt very Lashkar-e-Toiba down, it is marked as a 5 star hotel but single would discord with that.",Rooms,we felt we could non relax whilst in the ground the local peter seller both gentleman gentleman and woman hid inward the bush of the hotel on the beach waiting to have people attention angstrom unit soon axerophthol you tread onto the beach you were surrounded by them also so much rubbish strewn about the perimeter overall the hotel lacked any atmosphere maybe it personify too large for that the staff were all pinup and friendly for the money we both felt very lashkaretoiba down it is marked a a star hotel but single would discord with that,506,96
"We felt we could non relax whilst in the grounds, the local sellers both men and women, shroud in the bushes of the hotel along the beach, waiting to get people's attention. As soon as you stepped onto the beach, you were surrounded by them. too thusly much rubbish strewn about the perimeter. overall the hotel lack any atmosphere, maybe it make up too large for that? The staff were all lovely and friendly. For the money we both matte very let down, it comprise note A a Little Phoebe star hotel but I would disagree with that.",Rooms,we felt we could non relax whilst in the ground the local seller both men and woman shroud in the bush of the hotel along the beach waiting to get people attention a soon a you stepped onto the beach you were surrounded by them too thusly much rubbish strewn about the perimeter overall the hotel lack any atmosphere maybe it make up too large for that the staff were all lovely and friendly for the money we both matte very let down it comprise note a a little phoebe star hotel but i would disagree with that,506,96
"We felt we could not slacken whilst in the grounds, the local sellers both men and women, hid in the shrub of the hotel on the beach, waiting to buzz off people's attention. equally soon as you stepped onto the beach, you were palisade by them. too so practically rubbish strewn about the perimeter. overall the hotel lacked whatsoever atmosphere, maybe it is too large for that? The staff were totally lovely and friendly. For the money we both feel very let down, information technology is score as adenylic acid 5 star hotel but I would disagree with that.",Rooms,we felt we could not slacken whilst in the ground the local seller both men and woman hid in the shrub of the hotel on the beach waiting to buzz off people attention equally soon a you stepped onto the beach you were palisade by them too so practically rubbish strewn about the perimeter overall the hotel lacked whatsoever atmosphere maybe it is too large for that the staff were totally lovely and friendly for the money we both feel very let down information technology is score a adenylic acid star hotel but i would disagree with that,506,96
"We felt we could not relax whilst in the grounds, the local sellers both men and women, hid in the Bush of the hotel along the beach, wait to get people's attention. As soon A you step onto the beach, you were fence away them. also and then very much rubbish strewn about the perimeter. Overall the hotel lacked any atmosphere, perhaps IT is too large for that? The staff were all lovely and friendly. For the money we both felt very let down, it be tick off as a fivesome leading hotel but one would disagree with that.",Rooms,we felt we could not relax whilst in the ground the local seller both men and woman hid in the bush of the hotel along the beach wait to get people attention a soon a you step onto the beach you were fence away them also and then very much rubbish strewn about the perimeter overall the hotel lacked any atmosphere perhaps it is too large for that the staff were all lovely and friendly for the money we both felt very let down it be tick off a a fivesome leading hotel but one would disagree with that,506,96
"Beautiful beach, if you can get on it!",Recreation,beautiful beach if you can get on it,38,8
"Beautiful beach, if you arse get on it!",Recreation,beautiful beach if you arse get on it,38,8
"Beautiful beach, if you dismiss get on it!",Recreation,beautiful beach if you dismiss get on it,38,8
"Beautiful beach, if you can get along it!",Recreation,beautiful beach if you can get along it,38,8
"Beautiful beach, if you give the sack beat on it!",Recreation,beautiful beach if you give the sack beat on it,38,8
"beautiful beach, if you can get along it!",Recreation,beautiful beach if you can get along it,38,8
"beautiful beach, if you stool get on it!",Recreation,beautiful beach if you stool get on it,38,8
"Beautiful beach, if you can buoy get on it!",Recreation,beautiful beach if you can buoy get on it,38,8
"Beautiful beach, if you can receive on it!",Recreation,beautiful beach if you can receive on it,38,8
"Beautiful beach, if you can get along it!",Recreation,beautiful beach if you can get along it,38,8
"beautiful beach, if you can get on it!",Recreation,beautiful beach if you can get on it,38,8
Really poor service,Services,really poor service,19,3
Really poor serve,Services,really poor serve,19,3
Really pitiful service,Services,really pitiful service,19,3
rattling poor service,Services,rattling poor service,19,3
in truth poor service,Services,in truth poor service,19,3
Really poor serve,Services,really poor serve,19,3
Really poor servicing,Services,really poor servicing,19,3
really poor service,Services,really poor service,19,3
Really pitiable service,Services,really pitiable service,19,3
genuinely poor service,Services,genuinely poor service,19,3
actually poor service,Services,actually poor service,19,3
"Beautiful beach, Seedy, Overpriced, with friendly but incompetant staff",Services,beautiful beach seedy overpriced with friendly but incompetant staff,71,9
"Beautiful beach, Seedy, Overpriced, with favorable but incompetant staff",Services,beautiful beach seedy overpriced with favorable but incompetant staff,71,9
"Beautiful beach, Seedy, Overpriced, with friendly merely incompetant staff",Services,beautiful beach seedy overpriced with friendly merely incompetant staff,71,9
"Beautiful beach, Seedy, Overpriced, with friendly but incompetant staff",Services,beautiful beach seedy overpriced with friendly but incompetant staff,71,9
"Beautiful beach, Seedy, Overpriced, with friendly but incompetant stave",Services,beautiful beach seedy overpriced with friendly but incompetant stave,71,9
"Beautiful beach, Seedy, Overpriced, with friendly just incompetant staff",Services,beautiful beach seedy overpriced with friendly just incompetant staff,71,9
"Beautiful beach, Seedy, Overpriced, with friendly but incompetant staff",Services,beautiful beach seedy overpriced with friendly but incompetant staff,71,9
"Beautiful beach, Seedy, Overpriced, with friendly but incompetant staff",Services,beautiful beach seedy overpriced with friendly but incompetant staff,71,9
"Beautiful beach, Seedy, Overpriced, with favorable but incompetant staff",Services,beautiful beach seedy overpriced with favorable but incompetant staff,71,9
"beautiful beach, Seedy, Overpriced, with friendly but incompetant staff",Services,beautiful beach seedy overpriced with friendly but incompetant staff,71,9
"Beautiful beach, Seedy, Overpriced, with friendly but incompetant staff",Services,beautiful beach seedy overpriced with friendly but incompetant staff,71,9
I ordered my breakfast to the room which I didn't get .then they firmly apologized for not  giving me the breakfast.then asked me to have the lunch instead .then when I had the lunch asked me to pay for it .mind you I was allocated for a complimentary breakfast with the package I paid .,Rooms,i ordered my breakfast to the room which i didnt get then they firmly apologized for not giving me the breakfastthen asked me to have the lunch instead then when i had the lunch asked me to pay for it mind you i wa allocated for a complimentary breakfast with the package i paid,287,55
I ordered my breakfast to the elbow room which I didn't get .then they firmly apologized for not giving Pine Tree State the breakfast.then asked Pine Tree State to have the lunch instead .then when genius have the lunch asked me to give for it .mind you i was allocate for a complimentary breakfast with the package I paid .,Rooms,i ordered my breakfast to the elbow room which i didnt get then they firmly apologized for not giving pine tree state the breakfastthen asked pine tree state to have the lunch instead then when genius have the lunch asked me to give for it mind you i wa allocate for a complimentary breakfast with the package i paid,287,55
I ordered my breakfast to the room which I didn't get .then they firmly apologized for not giving me the breakfast.then inquire me to have the tiffin instead .then when I had the lunch ask me to make up for it .mind you I was allocated for a for free breakfast with the software system I paid .,Rooms,i ordered my breakfast to the room which i didnt get then they firmly apologized for not giving me the breakfastthen inquire me to have the tiffin instead then when i had the lunch ask me to make up for it mind you i wa allocated for a for free breakfast with the software system i paid,287,55
I ordered my breakfast to the room which I didn't get .then they firmly apologized for not giving me the breakfast.then asked Maine to have the lunch instead .then when I get the lunch asked Maine to pay for it .mind you ane was allocated for a complimentary breakfast with the package atomic number 53 give .,Rooms,i ordered my breakfast to the room which i didnt get then they firmly apologized for not giving me the breakfastthen asked maine to have the lunch instead then when i get the lunch asked maine to pay for it mind you ane wa allocated for a complimentary breakfast with the package atomic number give,287,55
i ordered my breakfast to the elbow room which one didn't get .then they firmly apologise for not giving me the breakfast.then asked me to have the tiffin instead .then when I had the lunch asked me to pay for IT .mind you I was allocated for a resign breakfast with the package I yield .,Rooms,i ordered my breakfast to the elbow room which one didnt get then they firmly apologise for not giving me the breakfastthen asked me to have the tiffin instead then when i had the lunch asked me to pay for it mind you i wa allocated for a resign breakfast with the package i yield,287,55
i ordered my breakfast to the room which I didn't beat .then they firmly apologized for not giving me the breakfast.then ask ME to have the lunch instead .then when I had the lunch asked me to pay for it .mind you i be apportion for a complimentary breakfast with the package I paid .,Rooms,i ordered my breakfast to the room which i didnt beat then they firmly apologized for not giving me the breakfastthen ask me to have the lunch instead then when i had the lunch asked me to pay for it mind you i be apportion for a complimentary breakfast with the package i paid,287,55
I ordered my breakfast to the room which I didn't get .then they firmly apologized for not giving me the breakfast.then asked me to have the lunch instead .then when I had the lunch require me to pay for it .mind you I was allocated for group A complimentary breakfast with the package single pay .,Rooms,i ordered my breakfast to the room which i didnt get then they firmly apologized for not giving me the breakfastthen asked me to have the lunch instead then when i had the lunch require me to pay for it mind you i wa allocated for group a complimentary breakfast with the package single pay,287,55
I regularise my breakfast to the room which I didn't get .then they firmly apologized for non giving me the breakfast.then asked me to have the lunch instead .then when I had the lunch require me to pay off for it .mind you I was contend for a complimentary breakfast with the software system I paid .,Rooms,i regularise my breakfast to the room which i didnt get then they firmly apologized for non giving me the breakfastthen asked me to have the lunch instead then when i had the lunch require me to pay off for it mind you i wa contend for a complimentary breakfast with the software system i paid,287,55
i ordered my breakfast to the room which single didn't get .then they firmly apologized for not giving ME the breakfast.then asked me to have the dejeuner instead .then when one had the dejeuner asked me to pay for information technology .mind you atomic number 53 compeer allocated for a complimentary breakfast with the package I pay .,Rooms,i ordered my breakfast to the room which single didnt get then they firmly apologized for not giving me the breakfastthen asked me to have the dejeuner instead then when one had the dejeuner asked me to pay for information technology mind you atomic number compeer allocated for a complimentary breakfast with the package i pay,287,55
I ordered my breakfast to the room which I didn't get .then they firmly excuse for non giving Maine the breakfast.then asked me to have the lunch instead .then when I take in the dejeuner asked me to pay for it .mind you I play allocated for a free breakfast with the package I paid .,Rooms,i ordered my breakfast to the room which i didnt get then they firmly excuse for non giving maine the breakfastthen asked me to have the lunch instead then when i take in the dejeuner asked me to pay for it mind you i play allocated for a free breakfast with the package i paid,287,55
I ordered my breakfast to the room which I didn't get .then they firmly apologized for not render Pine Tree State the breakfast.then ask me to have the lunch instead .then when I give the dejeuner asked ME to ante up for it .mind you I was allocated for a complimentary breakfast with the package I paid .,Rooms,i ordered my breakfast to the room which i didnt get then they firmly apologized for not render pine tree state the breakfastthen ask me to have the lunch instead then when i give the dejeuner asked me to ante up for it mind you i wa allocated for a complimentary breakfast with the package i paid,287,55
BEWARE THE BEACH GANGS,Recreation,beware the beach gang,22,4
BEWARE THE BEACH gang,Recreation,beware the beach gang,22,4
BEWARE THE BEACH gang,Recreation,beware the beach gang,22,4
mind THE BEACH GANGS,Recreation,mind the beach gang,22,4
BEWARE THE BEACH GANGS,Recreation,beware the beach gang,22,4
BEWARE THE BEACH gang,Recreation,beware the beach gang,22,4
BEWARE THE beach GANGS,Recreation,beware the beach gang,22,4
beware THE BEACH GANGS,Recreation,beware the beach gang,22,4
BEWARE THE BEACH gang up,Recreation,beware the beach gang up,22,4
BEWARE THE BEACH GANGS,Recreation,beware the beach gang,22,4
BEWARE THE beach GANGS,Recreation,beware the beach gang,22,4
"Overpriced, terrible service and dirty - AVOID AT ALL COSTS",Services,overpriced terrible service and dirty avoid at all cost,59,10
"Overpriced, terrible service and grime - AVOID AT ALL monetary value",Services,overpriced terrible service and grime avoid at all monetary value,59,10
"Overpriced, terrible service and dirty - avoid astatine ALL COSTS",Services,overpriced terrible service and dirty avoid astatine all cost,59,10
"Overpriced, terrible service and dirty - AVOID AT ALL COSTS",Services,overpriced terrible service and dirty avoid at all cost,59,10
"Overpriced, terrible serve and foul - AVOID AT ALL COSTS",Services,overpriced terrible serve and foul avoid at all cost,59,10
"Overpriced, terrible Robert William Service and dirty - AVOID at ALL costs",Services,overpriced terrible robert william service and dirty avoid at all cost,59,10
"Overpriced, terrible service and dirty - debar AT all COSTS",Services,overpriced terrible service and dirty debar at all cost,59,10
"Overpriced, atrocious service and dirty - AVOID at ALL price",Services,overpriced atrocious service and dirty avoid at all price,59,10
"Overpriced, terrible service and dirty - AVOID atomic number 85 all COSTS",Services,overpriced terrible service and dirty avoid atomic number all cost,59,10
"Overpriced, terrible service and dirty - AVOID at ALL COSTS",Services,overpriced terrible service and dirty avoid at all cost,59,10
"Overpriced, awful serve and dirty - AVOID at ALL COSTS",Services,overpriced awful serve and dirty avoid at all cost,59,10
I do not recommend it if you have actually previously vacationed in 4*-5* hotels.,Rooms,i do not recommend it if you have actually previously vacationed in hotel,81,14
I do not urge it if you possess actually previously vacationed inward 4*-5* hotels.,Rooms,i do not urge it if you possess actually previously vacationed inward hotel,81,14
I practice not recommend it if you have actually antecedently vacationed inch 4*-5* hotels.,Rooms,i practice not recommend it if you have actually antecedently vacationed inch hotel,81,14
atomic number 53 do not recommend it if you have really previously vacationed inwards 4*-5* hotels.,Rooms,atomic number do not recommend it if you have really previously vacationed inwards hotel,81,14
I do non recommend it if you have really previously vacationed in 4*-5* hotels.,Rooms,i do non recommend it if you have really previously vacationed in hotel,81,14
I do not recommend it if you make really previously vacation in 4*-5* hotels.,Rooms,i do not recommend it if you make really previously vacation in hotel,81,14
1 do not recommend it if you sustain actually previously vacation in 4*-5* hotels.,Rooms,do not recommend it if you sustain actually previously vacation in hotel,81,14
I do not recommend IT if you have actually previously vacationed Hoosier State 4*-5* hotels.,Rooms,i do not recommend it if you have actually previously vacationed hoosier state hotel,81,14
I do not recommend it if you have really previously vacationed in 4*-5* hotels.,Rooms,i do not recommend it if you have really previously vacationed in hotel,81,14
I do not recommend it if you have in reality previously holiday IN 4*-5* hotels.,Rooms,i do not recommend it if you have in reality previously holiday in hotel,81,14
I do not recommend it if you have actually previously holiday inward 4*-5* hotels.,Rooms,i do not recommend it if you have actually previously holiday inward hotel,81,14
"Nice hotel, bad service.",Services,nice hotel bad service,24,4
"Nice hotel, bad service.",Services,nice hotel bad service,24,4
"Nice hotel, bad service.",Services,nice hotel bad service,24,4
"Nice hotel, bad service.",Services,nice hotel bad service,24,4
"Nice hotel, bad service.",Services,nice hotel bad service,24,4
"Nice hotel, forged service.",Services,nice hotel forged service,24,4
"Nice hotel, badness service.",Services,nice hotel badness service,24,4
"Nice hotel, bad service.",Services,nice hotel bad service,24,4
"Nice hotel, bad service.",Services,nice hotel bad service,24,4
"Nice hotel, bad service.",Services,nice hotel bad service,24,4
"nice hotel, bad service.",Services,nice hotel bad service,24,4
"Our planned highlight, to the end of our Sri Lankan tour, was a frustrating disappointment.  We arrived tired and sick, hoping for a clean comfortable room and some simple food.  Even though we had booked and paid 6 months earlier, it took a long time to allocate us a room.  The room smelled of mould and mould was easily found in the bathroom. My wife complained, but all the staff could do was find the missing outdoor furniture. At dinner, the first night, we had difficulty finding plain food, that would not aggravate our upset stomachs.  The chef kindly offered to prepare mashed potatoes, peas and grilled chicken, for us, the next night. However, the next day, this offer was undone by management, who declared we had been selected for ""Fine dining"". Fearing this was Sringlish for extra spicy, we gave up and went to bed early, without dinned, which we had already paid for.  At least at checkout, as some compensation, the hotel did not charge for the sandwich and hamburger, we had at the bar.  After my wife presented mouldy toiletries to management, they did offer to change rooms, on the second day; but it was too little too late.  The hotel has an impressive entrance and sea view.  But what good are those when the hotel fails the basics of room and food.",Recreation,our planned highlight to the end of our sri lankan tour wa a frustrating disappointment we arrived tired and sick hoping for a clean comfortable room and some simple food even though we had booked and paid month earlier it took a long time to allocate u a room the room smelled of mould and mould wa easily found in the bathroom my wife complained but all the staff could do wa find the missing outdoor furniture at dinner the first night we had difficulty finding plain food that would not aggravate our upset stomach the chef kindly offered to prepare mashed potato pea and grilled chicken for u the next night however the next day this offer wa undone by management who declared we had been selected for fine dining fearing this wa sringlish for extra spicy we gave up and went to bed early without dinned which we had already paid for at least at checkout a some compensation the hotel did not charge for the sandwich and hamburger we had at the bar after my wife presented mouldy toiletry to management they did offer to change room on the second day but it wa too little too late the hotel ha an impressive entrance and sea view but what good are those when the hotel fails the basic of room and food,1273,226
"Our planned highlight, to the ending of our Sri Lankan tour, was a frustrating disappointment. We arrived tired and sick, hoping for A clean well-fixed room and approximately simple food. even though we get booked and give 6 months earlier, IT took a longsighted clip to allocate us A room. The room smelled of mould and mould personify easily found in the bathroom. My wife complained, but all the stave could do was find the missing outdoor furniture. atomic number 85 dinner, the first night, we had difficultness find unpatterned food, that would not aggravate our swage stomachs. The chef kindly offered to devise mashed potatoes, peas and grilled chicken, for us, the adjacent night. However, the next day, this offer was undone past management, who declare we have got been take for ""Fine dining"". Fearing this was Sringlish for extra spicy, we gave up and went to bed early, without dinned, which we had already paid for. At least at checkout, as some compensation, the hotel did not charge for the sandwich and hamburger, we had at the bar. After my wife presented moldy toiletry to management, they did offer to change rooms, on the second day; but it was too small too late. The hotel has an telling entrance and sea view. But what good sight those when the hotel fails the staple of room and food.",Recreation,our planned highlight to the ending of our sri lankan tour wa a frustrating disappointment we arrived tired and sick hoping for a clean wellfixed room and approximately simple food even though we get booked and give month earlier it took a longsighted clip to allocate u a room the room smelled of mould and mould personify easily found in the bathroom my wife complained but all the stave could do wa find the missing outdoor furniture atomic number dinner the first night we had difficultness find unpatterned food that would not aggravate our swage stomach the chef kindly offered to devise mashed potato pea and grilled chicken for u the adjacent night however the next day this offer wa undone past management who declare we have got been take for fine dining fearing this wa sringlish for extra spicy we gave up and went to bed early without dinned which we had already paid for at least at checkout a some compensation the hotel did not charge for the sandwich and hamburger we had at the bar after my wife presented moldy toiletry to management they did offer to change room on the second day but it wa too small too late the hotel ha an telling entrance and sea view but what good sight those when the hotel fails the staple of room and food,1273,226
"Our planned highlight, to the end of our Sri Lankan tour, was a scotch disappointment. We arrived jade and sick, hoping for a clean comfortable room and close to simple food. Even though we had booked and paid six months earlier, it took amp long time to allocate us a room. The elbow room smell of mould and mould atomic number 4 easily found in the bathroom. My wife complained, only all the staff could do was find the missing outdoor furniture. atomic number 85 dinner, the first night, we had difficulty finding sound off food, that would not aggravate our derangement stomachs. The chef large-hearted offered to prepare mashed potatoes, peas and grilled chicken, for us, the next night. However, the next day, this volunteer atomic number 4 undone by management, who declared we had been selected for ""Fine dining"". Fearing this was Sringlish for extra spicy, we gave up and go to be intimate early, without dinned, which we had already paid for. At least at checkout, A some compensation, the hotel did not charge for the sandwich and hamburger, we sustain at the bar. afterwards my wife presented musty toiletries to management, they behave offer to change rooms, on the second day; but information technology was too little too late. The hotel hold AN impressive entrance and sea view. But what good are those when the hotel fails the basics of room and food.",Recreation,our planned highlight to the end of our sri lankan tour wa a scotch disappointment we arrived jade and sick hoping for a clean comfortable room and close to simple food even though we had booked and paid six month earlier it took amp long time to allocate u a room the elbow room smell of mould and mould atomic number easily found in the bathroom my wife complained only all the staff could do wa find the missing outdoor furniture atomic number dinner the first night we had difficulty finding sound off food that would not aggravate our derangement stomach the chef largehearted offered to prepare mashed potato pea and grilled chicken for u the next night however the next day this volunteer atomic number undone by management who declared we had been selected for fine dining fearing this wa sringlish for extra spicy we gave up and go to be intimate early without dinned which we had already paid for at least at checkout a some compensation the hotel did not charge for the sandwich and hamburger we sustain at the bar afterwards my wife presented musty toiletry to management they behave offer to change room on the second day but information technology wa too little too late the hotel hold an impressive entrance and sea view but what good are those when the hotel fails the basic of room and food,1273,226
"Our contrive highlight, to the end of our Sri Lankan tour, was a frustrating disappointment. We arrived fag and sick, hoping for a clean comfortable elbow room and some simple food. Even though we consume booked and paid 6 months earlier, it took a long time to allocate us a room. The room smelled of mould and mould was easily found in the bathroom. My wife complained, simply whole the staff could do constitute find the missing outdoor furniture. At dinner, the first night, we have difficulty finding plain food, that would non worsen our upset stomachs. The chef kindly offered to prepare toying potatoes, peas and grilled chicken, for us, the next night. However, the next day, this offer was undone away management, who announce we had been take for ""Fine dining"". revere this was Sringlish for extra spicy, we gave upwards and go to have a go at it early, without dinned, which we had already pay for. At least at checkout, A some compensation, the hotel answer not charge for the sandwich and hamburger, we had at the bar. After my wife presented mouldy toiletries to management, they arrange offer to change rooms, on the second day; but it was too little overly late. The hotel has an impressive entrance and sea view. But what good are those when the hotel fails the fundamentals of room and food.",Recreation,our contrive highlight to the end of our sri lankan tour wa a frustrating disappointment we arrived fag and sick hoping for a clean comfortable elbow room and some simple food even though we consume booked and paid month earlier it took a long time to allocate u a room the room smelled of mould and mould wa easily found in the bathroom my wife complained simply whole the staff could do constitute find the missing outdoor furniture at dinner the first night we have difficulty finding plain food that would non worsen our upset stomach the chef kindly offered to prepare toying potato pea and grilled chicken for u the next night however the next day this offer wa undone away management who announce we had been take for fine dining revere this wa sringlish for extra spicy we gave upwards and go to have a go at it early without dinned which we had already pay for at least at checkout a some compensation the hotel answer not charge for the sandwich and hamburger we had at the bar after my wife presented mouldy toiletry to management they arrange offer to change room on the second day but it wa too little overly late the hotel ha an impressive entrance and sea view but what good are those when the hotel fails the fundamental of room and food,1273,226
"Our contrive highlight, to the end of our Sri Lankan tour, was a torment disappointment. We arrived tired and sick, skip for a clean comfortable room and some simple food. Even though we had Book and paid 6 calendar month earlier, it took a long clip to allocate us A room. The room smelled of mould and mould was easily found in the bathroom. My married woman complained, but all the staff could do was get hold the missing outside furniture. At dinner, the first night, we give difficulty finding plain food, that would not aggravate our overturn stomachs. The chef kindly offered to ready mashed potatoes, peas and grilled chicken, for us, the next night. However, the next day, this offer was undone by management, World Health Organization declared we have been select for ""Fine dining"". Fearing this was Sringlish for supererogatory spicy, we give upwardly and went to bed early, without dinned, which we have already paid for. At to the lowest degree at checkout, A some compensation, the hotel did non turn on for the sandwich and hamburger, we had at the bar. After my married woman presented mouldy toiletries to management, they did offer to change rooms, along the second day; but it make up too little to a fault late. The hotel has Associate in Nursing impressive entrance and sea view. But what ripe are those when the hotel break down the basics of room and food.",Recreation,our contrive highlight to the end of our sri lankan tour wa a torment disappointment we arrived tired and sick skip for a clean comfortable room and some simple food even though we had book and paid calendar month earlier it took a long clip to allocate u a room the room smelled of mould and mould wa easily found in the bathroom my married woman complained but all the staff could do wa get hold the missing outside furniture at dinner the first night we give difficulty finding plain food that would not aggravate our overturn stomach the chef kindly offered to ready mashed potato pea and grilled chicken for u the next night however the next day this offer wa undone by management world health organization declared we have been select for fine dining fearing this wa sringlish for supererogatory spicy we give upwardly and went to bed early without dinned which we have already paid for at to the lowest degree at checkout a some compensation the hotel did non turn on for the sandwich and hamburger we had at the bar after my married woman presented mouldy toiletry to management they did offer to change room along the second day but it make up too little to a fault late the hotel ha associate in nursing impressive entrance and sea view but what ripe are those when the hotel break down the basic of room and food,1273,226
"Our planned highlight, to the destruction of our Sri Lankan tour, was a frustrating disappointment. We arrived bore and sick, hoping for a sportsmanlike comfortable room and some simple food. Even though we have book and paid vi months earlier, information technology took a long metre to allocate us angstrom unit room. The room smelled of mould and mould was easily found in the bathroom. My wife complained, just all the stave could bash be find the missing outdoor furniture. At dinner, the first night, we make difficulty discover plain food, that would not aggravate our upset stomachs. The chef kindly offered to prepare mashed potatoes, peas and grilled chicken, for us, the next night. However, the next day, this offer be undone by management, who declared we had been select for ""Fine dining"". fear this was Sringlish for extra spicy, we move over up and went to bed early, without dinned, which we receive already paid for. At least atomic number 85 checkout, as around compensation, the hotel did not charge for the sandwich and hamburger, we had at the bar. afterwards my wife stage moldy toiletries to management, they did offer to change rooms, on the second day; just it be too little too late. The hotel has Associate in Nursing impressive entrance and sea view. But what good live those when the hotel break down the basics of room and food.",Recreation,our planned highlight to the destruction of our sri lankan tour wa a frustrating disappointment we arrived bore and sick hoping for a sportsmanlike comfortable room and some simple food even though we have book and paid vi month earlier information technology took a long metre to allocate u angstrom unit room the room smelled of mould and mould wa easily found in the bathroom my wife complained just all the stave could bash be find the missing outdoor furniture at dinner the first night we make difficulty discover plain food that would not aggravate our upset stomach the chef kindly offered to prepare mashed potato pea and grilled chicken for u the next night however the next day this offer be undone by management who declared we had been select for fine dining fear this wa sringlish for extra spicy we move over up and went to bed early without dinned which we receive already paid for at least atomic number checkout a around compensation the hotel did not charge for the sandwich and hamburger we had at the bar afterwards my wife stage moldy toiletry to management they did offer to change room on the second day just it be too little too late the hotel ha associate in nursing impressive entrance and sea view but what good live those when the hotel break down the basic of room and food,1273,226
"Our planned highlight, to the end of our Sri Lankan tour, was a frustrating disappointment. We arrived sap and sick, hoping for a clean well-to-do room and or so simple food. Even though we had book and pay off 6 month earlier, it pick out a long time to allocate United States a room. The way smelled of mould and mould was easily found in the bathroom. My married woman complained, but all the staff could set was find the missing outdoor furniture. At dinner, the first night, we had trouble see plain food, that would non exacerbate our disorder stomachs. The chef kindly offered to prepare dally potatoes, peas and grilled chicken, for us, the future night. However, the following day, this offer was undone past management, who declared we had been pick out for ""Fine dining"". Fearing this be Sringlish for extra spicy, we gave up and go to bed early, without dinned, which we had already pay for. At least atomic number 85 checkout, as just about compensation, the hotel did not charge for the sandwich and hamburger, we had at the bar. subsequently my married woman presented mouldy toiletries to management, they did offer to change rooms, on the second day; but it was likewise little excessively late. The hotel take AN impressive entrance and sea view. but what good are those when the hotel fails the basics of room and food.",Recreation,our planned highlight to the end of our sri lankan tour wa a frustrating disappointment we arrived sap and sick hoping for a clean welltodo room and or so simple food even though we had book and pay off month earlier it pick out a long time to allocate united state a room the way smelled of mould and mould wa easily found in the bathroom my married woman complained but all the staff could set wa find the missing outdoor furniture at dinner the first night we had trouble see plain food that would non exacerbate our disorder stomach the chef kindly offered to prepare dally potato pea and grilled chicken for u the future night however the following day this offer wa undone past management who declared we had been pick out for fine dining fearing this be sringlish for extra spicy we gave up and go to bed early without dinned which we had already pay for at least atomic number checkout a just about compensation the hotel did not charge for the sandwich and hamburger we had at the bar subsequently my married woman presented mouldy toiletry to management they did offer to change room on the second day but it wa likewise little excessively late the hotel take an impressive entrance and sea view but what good are those when the hotel fails the basic of room and food,1273,226
"Our planned highlight, to the end of our Sri Lankan tour, was a frustrating disappointment. We make it tired and sick, desire for A fresh comfortable room and some uncomplicated food. Even though we had set-aside and paid hexad months earlier, information technology rip a hanker time to allocate us type A room. The room smell of mould and mould was easily found atomic number 49 the bathroom. My wife complained, but all the staff could do was find the missing outdoor furniture. At dinner, the first night, we had difficulty finding plain food, that would not aggravate our disturb stomachs. The chef kindly offer to fix flirt potatoes, peas and grilled chicken, for us, the next night. However, the next day, this offer was undone by management, who declare we deliver been selected for ""Fine dining"". fear this was Sringlish for excess spicy, we gave upward and survive to withdraw early, without dinned, which we hold already bear for. At least atomic number 85 checkout, as some compensation, the hotel did non saddle for the sandwich and hamburger, we make At the bar. After my wife presented mouldy toilet articles to management, they did offer to change rooms, on the second day; but information technology was too little too late. The hotel has an impressive entrance and sea view. But what good are those when the hotel fails the basics of room and food.",Recreation,our planned highlight to the end of our sri lankan tour wa a frustrating disappointment we make it tired and sick desire for a fresh comfortable room and some uncomplicated food even though we had setaside and paid hexad month earlier information technology rip a hanker time to allocate u type a room the room smell of mould and mould wa easily found atomic number the bathroom my wife complained but all the staff could do wa find the missing outdoor furniture at dinner the first night we had difficulty finding plain food that would not aggravate our disturb stomach the chef kindly offer to fix flirt potato pea and grilled chicken for u the next night however the next day this offer wa undone by management who declare we deliver been selected for fine dining fear this wa sringlish for excess spicy we gave upward and survive to withdraw early without dinned which we hold already bear for at least atomic number checkout a some compensation the hotel did non saddle for the sandwich and hamburger we make at the bar after my wife presented mouldy toilet article to management they did offer to change room on the second day but information technology wa too little too late the hotel ha an impressive entrance and sea view but what good are those when the hotel fails the basic of room and food,1273,226
"Our aforethought highlight, to the remnant of our Sri Lankan tour, was deoxyadenosine monophosphate frustrating disappointment. We arrived tired and sick, go for for A clean easy elbow room and more or less simple food. Even though we had booked and paid sestet months earlier, information technology took a long time to allocate us a room. The elbow room smelled of mould and mold was easily found in the bathroom. My wife complained, but all the staff could do was find the missing outdoor furniture. At dinner, the first night, we had difficulty retrieve obviously food, that would non aggravate our upset stomachs. The chef kindly offered to prepare squeeze potatoes, pea and broiled chicken, for us, the next night. However, the following day, this offer was washed-up by management, who declared we had been selected for ""Fine dining"". Fearing this was Sringlish for extra spicy, we gave up and went to love early, without dinned, which we had already paid for. At least at checkout, as some compensation, the hotel did not charge for the sandwich and hamburger, we had at the bar. after my wife demo mouldy toilet articles to management, they did offer to intensify rooms, along the second day; but it was too little excessively late. The hotel has Associate in Nursing impressive entrance and sea view. But what upright are those when the hotel fails the basics of way and food.",Recreation,our aforethought highlight to the remnant of our sri lankan tour wa deoxyadenosine monophosphate frustrating disappointment we arrived tired and sick go for for a clean easy elbow room and more or less simple food even though we had booked and paid sestet month earlier information technology took a long time to allocate u a room the elbow room smelled of mould and mold wa easily found in the bathroom my wife complained but all the staff could do wa find the missing outdoor furniture at dinner the first night we had difficulty retrieve obviously food that would non aggravate our upset stomach the chef kindly offered to prepare squeeze potato pea and broiled chicken for u the next night however the following day this offer wa washedup by management who declared we had been selected for fine dining fearing this wa sringlish for extra spicy we gave up and went to love early without dinned which we had already paid for at least at checkout a some compensation the hotel did not charge for the sandwich and hamburger we had at the bar after my wife demo mouldy toilet article to management they did offer to intensify room along the second day but it wa too little excessively late the hotel ha associate in nursing impressive entrance and sea view but what upright are those when the hotel fails the basic of way and food,1273,226
"Our planned highlight, to the end of our Sri Lankan tour, was a frustrating disappointment. We arrived tired and sick, go for for a clean well-fixed room and some wide-eyed food. Even though we ain booked and paid sextuplet months earlier, it took a longsighted time to allocate us a room. The board smell out of mold and cast glucinium easily retrieve in the bathroom. My wife complained, just all the staff could coif was find the missing out-of-door furniture. At dinner, the first night, we consume difficulty finding plain food, that would not aggravate our upset stomachs. The chef kindly offered to set mashed potatoes, peas and grilled chicken, for us, the following night. However, the following day, this offer WA undone by management, who declared we make personify pick out for ""Fine dining"". Fearing this be Sringlish for extra spicy, we gave up and go to bed early, without dinned, which we had already paid for. At to the lowest degree at checkout, as some compensation, the hotel practice non buck for the sandwich and hamburger, we have at the bar. After my married woman presented moldy toiletries to management, they did offer to change rooms, on the second day; but it was too little too late. The hotel have Associate in Nursing impressive entrance and sea view. But what good represent those when the hotel go bad the rudiments of room and food.",Recreation,our planned highlight to the end of our sri lankan tour wa a frustrating disappointment we arrived tired and sick go for for a clean wellfixed room and some wideeyed food even though we ain booked and paid sextuplet month earlier it took a longsighted time to allocate u a room the board smell out of mold and cast glucinium easily retrieve in the bathroom my wife complained just all the staff could coif wa find the missing outofdoor furniture at dinner the first night we consume difficulty finding plain food that would not aggravate our upset stomach the chef kindly offered to set mashed potato pea and grilled chicken for u the following night however the following day this offer wa undone by management who declared we make personify pick out for fine dining fearing this be sringlish for extra spicy we gave up and go to bed early without dinned which we had already paid for at to the lowest degree at checkout a some compensation the hotel practice non buck for the sandwich and hamburger we have at the bar after my married woman presented moldy toiletry to management they did offer to change room on the second day but it wa too little too late the hotel have associate in nursing impressive entrance and sea view but what good represent those when the hotel go bad the rudiment of room and food,1273,226
"Our planned highlight, to the end of our Sri Lankan tour, was angstrom frustrating disappointment. We arrived tired and sick, trust for ampere clean comfortable room and some simple food. even though we had engaged and paid 6 months earlier, it took a retentive time to allocate USA a room. The room smelled of mould and mould was easily found in the bathroom. My wife complained, but completely the staff could do was find the missing outdoor furniture. At dinner, the first night, we had difficulty finding kvetch food, that would not exasperate our upset stomachs. The chef openhearted offered to prepare coquet potatoes, peas and barbecued chicken, for us, the succeeding night. However, the next day, this offer was untie by management, who declared we had cost selected for ""Fine dining"". Fearing this follow Sringlish for extra spicy, we gave up and move to bed early, without dinned, which we had already bear for. At least atomic number 85 checkout, as some compensation, the hotel did not charge for the sandwich and hamburger, we had at the bar. After my wife presented musty toilet articles to management, they make offer to change rooms, on the second day; but it was too pee excessively late. The hotel has an telling entrance and ocean view. just what practiced represent those when the hotel fails the basics of room and food.",Recreation,our planned highlight to the end of our sri lankan tour wa angstrom frustrating disappointment we arrived tired and sick trust for ampere clean comfortable room and some simple food even though we had engaged and paid month earlier it took a retentive time to allocate usa a room the room smelled of mould and mould wa easily found in the bathroom my wife complained but completely the staff could do wa find the missing outdoor furniture at dinner the first night we had difficulty finding kvetch food that would not exasperate our upset stomach the chef openhearted offered to prepare coquet potato pea and barbecued chicken for u the succeeding night however the next day this offer wa untie by management who declared we had cost selected for fine dining fearing this follow sringlish for extra spicy we gave up and move to bed early without dinned which we had already bear for at least atomic number checkout a some compensation the hotel did not charge for the sandwich and hamburger we had at the bar after my wife presented musty toilet article to management they make offer to change room on the second day but it wa too pee excessively late the hotel ha an telling entrance and ocean view just what practiced represent those when the hotel fails the basic of room and food,1273,226
Poor Service at lunch buffet,Services,poor service at lunch buffet,28,5
poor Service at lunch buffet,Services,poor service at lunch buffet,28,5
Poor Service at lunch snack bar,Services,poor service at lunch snack bar,28,5
inadequate Service at lunch buffet,Services,inadequate service at lunch buffet,28,5
Poor Service at lunch knock about,Services,poor service at lunch knock about,28,5
Poor Service At lunch buffet,Services,poor service at lunch buffet,28,5
Poor Service at lunch batter,Services,poor service at lunch batter,28,5
hapless Service at lunch buffet,Services,hapless service at lunch buffet,28,5
poor Service at lunch buffet,Services,poor service at lunch buffet,28,5
Poor service at lunch buffet,Services,poor service at lunch buffet,28,5
miserable Service at lunch buffet,Services,miserable service at lunch buffet,28,5
BEWARE THE BEACH GANGS,Recreation,beware the beach gang,22,4
BEWARE THE BEACH GANGS,Recreation,beware the beach gang,22,4
mind THE BEACH GANGS,Recreation,mind the beach gang,22,4
BEWARE THE BEACH gang,Recreation,beware the beach gang,22,4
mind THE BEACH GANGS,Recreation,mind the beach gang,22,4
BEWARE THE beach GANGS,Recreation,beware the beach gang,22,4
BEWARE THE beach GANGS,Recreation,beware the beach gang,22,4
BEWARE THE BEACH GANGS,Recreation,beware the beach gang,22,4
BEWARE THE BEACH GANGS,Recreation,beware the beach gang,22,4
BEWARE THE beach GANGS,Recreation,beware the beach gang,22,4
mind THE BEACH GANGS,Recreation,mind the beach gang,22,4
Great Staff but very dirty and old hotel,Rooms,great staff but very dirty and old hotel,40,8
Great Staff but very dirty and one-time hotel,Rooms,great staff but very dirty and onetime hotel,40,8
Great Staff but very sordid and old hotel,Rooms,great staff but very sordid and old hotel,40,8
capital Staff but very foul and old hotel,Rooms,capital staff but very foul and old hotel,40,8
Great Staff but very dirty and old hotel,Rooms,great staff but very dirty and old hotel,40,8
Great Staff but very dirty and sure-enough hotel,Rooms,great staff but very dirty and sureenough hotel,40,8
Great Staff but actually dirty and old hotel,Rooms,great staff but actually dirty and old hotel,40,8
Great Staff but very muddy and older hotel,Rooms,great staff but very muddy and older hotel,40,8
with child Staff but very dirty and old hotel,Rooms,with child staff but very dirty and old hotel,40,8
Great staff but very dirty and old hotel,Rooms,great staff but very dirty and old hotel,40,8
Great faculty but very dirty and old hotel,Rooms,great faculty but very dirty and old hotel,40,8
"Beautiful beach, Seedy, Overpriced, with friendly but incompetant staff",Rooms,beautiful beach seedy overpriced with friendly but incompetant staff,71,9
"beautiful beach, Seedy, Overpriced, with friendly but incompetant staff",Rooms,beautiful beach seedy overpriced with friendly but incompetant staff,71,9
"Beautiful beach, Seedy, Overpriced, with friendly but incompetant staff",Rooms,beautiful beach seedy overpriced with friendly but incompetant staff,71,9
"Beautiful beach, Seedy, Overpriced, with friendly just incompetant staff",Rooms,beautiful beach seedy overpriced with friendly just incompetant staff,71,9
"beautiful beach, Seedy, Overpriced, with friendly but incompetant staff",Rooms,beautiful beach seedy overpriced with friendly but incompetant staff,71,9
"beautiful beach, Seedy, Overpriced, with friendly merely incompetant staff",Rooms,beautiful beach seedy overpriced with friendly merely incompetant staff,71,9
"Beautiful beach, Seedy, Overpriced, with friendly only incompetant staff",Rooms,beautiful beach seedy overpriced with friendly only incompetant staff,71,9
"Beautiful beach, Seedy, Overpriced, with friendly but incompetant staff",Rooms,beautiful beach seedy overpriced with friendly but incompetant staff,71,9
"Beautiful beach, Seedy, Overpriced, with friendly but incompetant staff",Rooms,beautiful beach seedy overpriced with friendly but incompetant staff,71,9
"Beautiful beach, Seedy, Overpriced, with friendly but incompetant staff",Rooms,beautiful beach seedy overpriced with friendly but incompetant staff,71,9
"Beautiful beach, Seedy, Overpriced, with friendly but incompetant staff",Rooms,beautiful beach seedy overpriced with friendly but incompetant staff,71,9
