text,action,category
Action needed: Staff got my order wrong three times.,Staff Training (Food),Food
Not happy. The hairdryer provided is useless and overheating.,Upgrade Room Amenities,Rooms
Feedback: Seasonal dishes listed on the menu were not available.,Revise Menu Quality,Food
Feedback: Tiles around the pool are broken and sharp.,Pool Maintenance,Recreation
"staff speaks very poor english, hard to communicate.",Staff Communication Training,Services
"Honestly, the pasta was overcooked and mushy.",Revise Menu Quality,Food
Lobby is chaotic and disorganized. Terrible.,Review Check-in Process,Services
Not happy. The TV is tiny and has no channels.,Upgrade Room Amenities,Rooms
Spa therapist was chatting during the massage.,Recreation Staff Review,Recreation
Review: They lost our reservation even though we booked weeks ago.,Compensate Guest,Food
Feedback: Room wasn't ready at 4 PM check-in time.,Review Check-in Process,Services
Action needed: The furniture is worn out and chipped.,Upgrade Room Amenities,Rooms
Review: Entertainment team was low energy and boring.,Recreation Staff Review,Recreation
Not happy. Not enough weights for a proper workout.,Update Gym Equipment,Recreation
Not happy. Activity director was rude to the guests.,Recreation Staff Review,Recreation
Not happy. No iron or ironing board in the room.,Upgrade Room Amenities,Rooms
Security guard was sleeping on the job.,Disciplinary Action,Services
Not happy. Saw a cockroach near the kitchen entrance.,Inspect Kitchen Hygiene,Food
they refused to accept my voucher.,Compensate Guest,Food
Debris and leaves floating in the water. Terrible.,Pool Maintenance,Recreation
no one told us about the construction noise.,Staff Communication Training,Services
Not happy. Not enough vegetarian or vegan options.,Revise Menu Quality,Food
Feedback: Bed bugs bit me all over my legs.,Pest Control Investigation,Rooms
"Honestly, the hostess was welcoming but the servers were grumpy.",Staff Training (Food),Food
i think i saw a mouse behind the curtain.,Pest Control Investigation,Rooms
Feedback: The dessert was stale and dry.,Revise Menu Quality,Food
no one told us about the construction noise.,Staff Communication Training,Services
"Honestly, beach staff demanded tips for chairs.",Recreation Staff Review,Recreation
The bill included a service charge that was not mentioned. Terrible.,Compensate Guest,Food
Feedback:  Filtration system was making a loud noise.,Pool Maintenance,Recreation
Priority check-in for members was not honored.,Review Check-in Process,Services
Feedback: They demanded a cash deposit unexpectedly.,Review Check-in Process,Services
Feedback: There was a strange object in the soup.,Inspect Kitchen Hygiene,Food
Review: Charged 5 stars price for 1 star food.,Compensate Guest,Food
Front desk staff gave us wrong information about breakfast. Terrible.,Staff Communication Training,Services
"Honestly, scum line around the edge of the pool.",Pool Maintenance,Recreation
Not happy. Mosquitoes in the room kept me up all night.,Pest Control Investigation,Rooms
Not happy. Entertainment team was low energy and boring.,Recreation Staff Review,Recreation
Staff seemed confused by the check-in software. Terrible.,Review Check-in Process,Services
Action needed: No water or towels available in the gym.,Update Gym Equipment,Recreation
Action needed: Entertainment team was low energy and boring.,Recreation Staff Review,Recreation
Not happy. Valet scratched my car and denied it.,Disciplinary Action,Services
"Honestly, i found a hair in my food.",Inspect Kitchen Hygiene,Food
the room is infested with insects.,Pest Control Investigation,Rooms
service in the restaurant was incredibly slow.,Staff Training (Food),Food
The toilet wasn't flushed when we arrived. Terrible.,Deep Clean & Maintenance,Rooms
Action needed: Check-in line was huge and only one counter open.,Review Check-in Process,Services
Not happy. Lizard on the ceiling.,Pest Control Investigation,Rooms
They lost our reservation even though we booked weeks ago.,Compensate Guest,Food
Not happy. The server was rude when I asked for water.,Staff Training (Food),Food
Action needed: Employee was on their phone ignoring guests.,Disciplinary Action,Services
Not happy. Minibar was empty and not working.,Upgrade Room Amenities,Rooms
"Honestly, dust everywhere, especially under the bed.",Deep Clean & Maintenance,Rooms
Action needed: Called reception but no one answered the phone.,Staff Communication Training,Services
Review: The toilet wasn't flushed when we arrived.,Deep Clean & Maintenance,Rooms
Review: The TV is tiny and has no channels.,Upgrade Room Amenities,Rooms
"Review: Dust everywhere, especially under the bed.",Deep Clean & Maintenance,Rooms
"Too much chlorine in the pool, burned my eyes.",Pool Maintenance,Recreation
Not happy. Tiles around the pool are broken and sharp.,Pool Maintenance,Recreation
minibar was empty and not working.,Upgrade Room Amenities,Rooms
Priority check-in for members was not honored.,Review Check-in Process,Services
Not happy. Conflicting information from different staff members.,Staff Communication Training,Services
called reception but no one answered the phone.,Staff Communication Training,Services
Review: It took 45 minutes just to check in.,Review Check-in Process,Services
The pasta was overcooked and mushy. Terrible.,Revise Menu Quality,Food
The room is infested with insects. Terrible.,Pest Control Investigation,Rooms
The pillows are lumpy and uncomfortable. Terrible.,Upgrade Room Amenities,Rooms
Action needed: Pool shower wasn't working.,Pool Maintenance,Recreation
They refused to accept my voucher. Terrible.,Compensate Guest,Food
"Honestly, bellboy didn't explain how to use the key card.",Staff Communication Training,Services
"Review: Dust everywhere, especially under the bed.",Deep Clean & Maintenance,Rooms
Action needed: Bartender was visibly drunk.,Disciplinary Action,Services
activity director was rude to the guests.,Recreation Staff Review,Recreation
"Honestly, evidence of termites in the wooden furniture.",Pest Control Investigation,Rooms
seasonal dishes listed on the menu were not available.,Revise Menu Quality,Food
we were promised a complimentary drink but never got it.,Compensate Guest,Food
Review: The pillows are lumpy and uncomfortable.,Upgrade Room Amenities,Rooms
Staff member was smoking right outside the lobby door. Terrible.,Disciplinary Action,Services
"Honestly, we waited 2 hours for our food, this is unacceptable.",Compensate Guest,Food
they didn't tell us the pool was under maintenance.,Staff Communication Training,Services
The bill included a service charge that was not mentioned. Terrible.,Compensate Guest,Food
The room is infested with insects.,Pest Control Investigation,Rooms
Review: The steak was tough and flavorless.,Revise Menu Quality,Food
"Honestly, debris and leaves floating in the water.",Pool Maintenance,Recreation
Flies buzzing around the room constantly.,Pest Control Investigation,Rooms
Curtains were dusty and triggered my allergies.,Deep Clean & Maintenance,Rooms
they charged us for items we didn't order.,Compensate Guest,Food
Review: The steak was tough and flavorless.,Revise Menu Quality,Food
Pool ladders are loose and dangerous. Terrible.,Pool Maintenance,Recreation
Action needed: Entertainment team was low energy and boring.,Recreation Staff Review,Recreation
Check-in line was huge and only one counter open. Terrible.,Review Check-in Process,Services
Action needed: The server was rude when I asked for water.,Staff Training (Food),Food
Review: Front desk staff gave us wrong information about breakfast.,Staff Communication Training,Services
 filtration system was making a loud noise.,Pool Maintenance,Recreation
Feedback: The pillows are lumpy and uncomfortable.,Upgrade Room Amenities,Rooms
lifeguard was on their phone the whole time.,Recreation Staff Review,Recreation
Feedback: Everything tastes like frozen food reheated.,Revise Menu Quality,Food
Tennis coach didn't show up for the lesson. Terrible.,Recreation Staff Review,Recreation
Not happy. Activity director was rude to the guests.,Recreation Staff Review,Recreation
Not happy. They lost our reservation even though we booked weeks ago.,Compensate Guest,Food
restaurant manager was shouting at the staff.,Staff Training (Food),Food
Not happy. Bike seat is broken.,Update Gym Equipment,Recreation
staff got my order wrong three times.,Staff Training (Food),Food
"Honestly, bed bugs bit me all over my legs.",Pest Control Investigation,Rooms
Action needed: Front desk staff gave us wrong information about breakfast.,Staff Communication Training,Services
The server was rude when I asked for water. Terrible.,Staff Training (Food),Food
"Honestly, tour guide gave us incorrect historical info.",Recreation Staff Review,Recreation
Review: Evidence of termites in the wooden furniture.,Pest Control Investigation,Rooms
"The gym smells like sweat, no ventilation.",Update Gym Equipment,Recreation
"Honestly, yoga mats are torn and dirty.",Update Gym Equipment,Recreation
Action needed: I got food poisoning after eating the seafood.,Inspect Kitchen Hygiene,Food
"Action needed: Pool was freezing cold, heater broken.",Pool Maintenance,Recreation
no iron or ironing board in the room.,Upgrade Room Amenities,Rooms
staff didn't know the ingredients of the dishes.,Staff Training (Food),Food
Not happy. The food tasted slightly spoiled and smelled bad.,Inspect Kitchen Hygiene,Food
Action needed: Lizard on the ceiling.,Pest Control Investigation,Rooms
Action needed: There was a spider on the pillow.,Pest Control Investigation,Rooms
Action needed: Hygiene standards in the restaurant seem very low.,Inspect Kitchen Hygiene,Food
Not happy. Housekeeper stole money from my wallet.,Disciplinary Action,Services
Not happy. Windows were dirty and hard to see through.,Deep Clean & Maintenance,Rooms
The buffet area looked unclean and messy.,Inspect Kitchen Hygiene,Food
Feedback: The food tasted slightly spoiled and smelled bad.,Inspect Kitchen Hygiene,Food
The room is infested with insects.,Pest Control Investigation,Rooms
Gym equipment is ancient and rusty.,Update Gym Equipment,Recreation
WiFi signal is too weak to work in the room.,Upgrade Room Amenities,Rooms
Feedback: The salad was wilted and brown.,Inspect Kitchen Hygiene,Food
Lizard on the ceiling. Terrible.,Pest Control Investigation,Rooms
Feedback: Windows were dirty and hard to see through.,Deep Clean & Maintenance,Rooms
Not happy. No one told us about the construction noise.,Staff Communication Training,Services
"Feedback: Too much chlorine in the pool, burned my eyes.",Pool Maintenance,Recreation
The hairdryer provided is useless and overheating. Terrible.,Upgrade Room Amenities,Rooms
Front desk staff gave us wrong information about breakfast.,Staff Communication Training,Services
"Honestly, asked for no onions but got onions anyway.",Staff Training (Food),Food
"Honestly, scum line around the edge of the pool.",Pool Maintenance,Recreation
Review: Seasonal dishes listed on the menu were not available.,Revise Menu Quality,Food
"Honestly, need better lighting, the room is too dim.",Upgrade Room Amenities,Rooms
Kids club staff seemed bored and inattentive. Terrible.,Recreation Staff Review,Recreation
Feedback: Entertainment team was low energy and boring.,Recreation Staff Review,Recreation
Glass had lipstick marks on it. Terrible.,Inspect Kitchen Hygiene,Food
Misunderstanding about the room rate caused issues.,Staff Communication Training,Services
Review: Found trash from previous guests in the drawer.,Deep Clean & Maintenance,Rooms
Action needed: They didn't tell us the pool was under maintenance.,Staff Communication Training,Services
Action needed: Security guard was sleeping on the job.,Disciplinary Action,Services
"Honestly, bed bugs bit me all over my legs.",Pest Control Investigation,Rooms
Review: Curtains were dusty and triggered my allergies.,Deep Clean & Maintenance,Rooms
Action needed: Food was cold when it arrived at the table.,Revise Menu Quality,Food
"Honestly, it took 45 minutes just to check in.",Review Check-in Process,Services
"Honestly, worst dining experience ever, i expect compensation.",Compensate Guest,Food
Feedback: The plates were dirty and had leftover food stains.,Inspect Kitchen Hygiene,Food
Not happy. We were promised a complimentary drink but never got it.,Compensate Guest,Food
Dead bugs on the windowsill.,Deep Clean & Maintenance,Rooms
"Honestly, worst dining experience ever, i expect compensation.",Compensate Guest,Food
Feedback: The hairdryer provided is useless and overheating.,Upgrade Room Amenities,Rooms
Review: Yoga mats are torn and dirty.,Update Gym Equipment,Recreation
Action needed: Seasonal dishes listed on the menu were not available.,Revise Menu Quality,Food
"Honestly, check-in line was huge and only one counter open.",Review Check-in Process,Services
Found trash from previous guests in the drawer. Terrible.,Deep Clean & Maintenance,Rooms
Feedback: They charged us for items we didn't order.,Compensate Guest,Food
"Honestly, everything tastes like frozen food reheated.",Revise Menu Quality,Food
conflicting information from different staff members.,Staff Communication Training,Services
"Honestly, security guard was sleeping on the job.",Disciplinary Action,Services
Not happy. Waiters were ignoring us and chatting among themselves.,Staff Training (Food),Food
Flies buzzing around the room constantly.,Pest Control Investigation,Rooms
"Feedback: Need better lighting, the room is too dim.",Upgrade Room Amenities,Rooms
Feedback: Everything tastes like frozen food reheated.,Revise Menu Quality,Food
"Review: Dust everywhere, especially under the bed.",Deep Clean & Maintenance,Rooms
they lost our reservation even though we booked weeks ago.,Compensate Guest,Food
Not enough vegetarian or vegan options. Terrible.,Revise Menu Quality,Food
Bartender was visibly drunk.,Disciplinary Action,Services
I found a hair in my food.,Inspect Kitchen Hygiene,Food
Called reception but no one answered the phone. Terrible.,Staff Communication Training,Services
It took 45 minutes just to check in. Terrible.,Review Check-in Process,Services
"Honestly, treadmills were all out of order.",Update Gym Equipment,Recreation
Feedback: The bathroom tiles had mold in the grout.,Deep Clean & Maintenance,Rooms
Feedback: Air conditioner is loud and barely cools the room.,Upgrade Room Amenities,Rooms
pool attendant refused to give me a towel.,Recreation Staff Review,Recreation
activity director was rude to the guests.,Recreation Staff Review,Recreation
"Honestly, our anniversary dinner was ruined by the terrible service.",Compensate Guest,Food
Pool attendant refused to give me a towel. Terrible.,Recreation Staff Review,Recreation
Action needed: There was a strange object in the soup.,Inspect Kitchen Hygiene,Food
Action needed: The toilet wasn't flushed when we arrived.,Deep Clean & Maintenance,Rooms
Action needed: Windows were dirty and hard to see through.,Deep Clean & Maintenance,Rooms
Review: I found a hair in my food.,Inspect Kitchen Hygiene,Food
The dessert was stale and dry. Terrible.,Revise Menu Quality,Food
The sheets had spots and didn't look fresh.,Deep Clean & Maintenance,Rooms
There was a strange object in the soup. Terrible.,Inspect Kitchen Hygiene,Food
Lifeguard was on their phone the whole time. Terrible.,Recreation Staff Review,Recreation
"Honestly, staff seemed confused by the check-in software.",Review Check-in Process,Services
Review: Our anniversary dinner was ruined by the terrible service.,Compensate Guest,Food
"Honestly, worst dining experience ever, i expect compensation.",Compensate Guest,Food
Action needed: Cockroach in the shower.,Pest Control Investigation,Rooms
Action needed: Bike seat is broken.,Update Gym Equipment,Recreation
the dessert was stale and dry.,Revise Menu Quality,Food
"Honestly, entertainment team was low energy and boring.",Recreation Staff Review,Recreation
Review: Windows were dirty and hard to see through.,Deep Clean & Maintenance,Rooms
security guard was sleeping on the job.,Disciplinary Action,Services
Feedback: The TV is tiny and has no channels.,Upgrade Room Amenities,Rooms
Action needed: Bed bugs bit me all over my legs.,Pest Control Investigation,Rooms
"Honestly, seasonal dishes listed on the menu were not available.",Revise Menu Quality,Food
spa therapist was chatting during the massage.,Recreation Staff Review,Recreation
Review: Gym equipment is ancient and rusty.,Update Gym Equipment,Recreation
"Honestly, everything tastes like frozen food reheated.",Revise Menu Quality,Food
the buffet area looked unclean and messy.,Inspect Kitchen Hygiene,Food
Review: They refused to accept my voucher.,Compensate Guest,Food
"Honestly, check-in line was huge and only one counter open.",Review Check-in Process,Services
Review: Cockroach in the shower.,Pest Control Investigation,Rooms
Feedback: Cockroach in the shower.,Pest Control Investigation,Rooms
Review: The carpet was stained and smelled of mold.,Deep Clean & Maintenance,Rooms
Not happy. The coffee was burnt and bitter.,Revise Menu Quality,Food
There was a strange object in the soup.,Inspect Kitchen Hygiene,Food
they charged us for items we didn't order.,Compensate Guest,Food
Feedback: Found trash from previous guests in the drawer.,Deep Clean & Maintenance,Rooms
The hairdryer provided is useless and overheating.,Upgrade Room Amenities,Rooms
Review: The salad was wilted and brown.,Inspect Kitchen Hygiene,Food
Feedback: There was a spider on the pillow.,Pest Control Investigation,Rooms
Not happy. Activity director was rude to the guests.,Recreation Staff Review,Recreation
"Honestly, debris and leaves floating in the water.",Pool Maintenance,Recreation
Not happy. I think I saw a mouse behind the curtain.,Pest Control Investigation,Rooms
Review: The server was rude when I asked for water.,Staff Training (Food),Food
Not happy. Lobby is chaotic and disorganized.,Review Check-in Process,Services
Feedback: They didn't tell us the pool was under maintenance.,Staff Communication Training,Services
"Review: We waited 2 hours for our food, this is unacceptable.",Compensate Guest,Food
Feedback: Cable machine is stuck and dangerous.,Update Gym Equipment,Recreation
Feedback: Saw a cockroach near the kitchen entrance.,Inspect Kitchen Hygiene,Food
elliptical machine makes a squeaking sound.,Update Gym Equipment,Recreation
Air conditioner is loud and barely cools the room. Terrible.,Upgrade Room Amenities,Rooms
"Honestly, food was cold when it arrived at the table.",Revise Menu Quality,Food
evidence of termites in the wooden furniture.,Pest Control Investigation,Rooms
Action needed: Beach staff demanded tips for chairs.,Recreation Staff Review,Recreation
I found a hair in my food.,Inspect Kitchen Hygiene,Food
Misunderstanding about the room rate caused issues. Terrible.,Staff Communication Training,Services
Action needed: The food tasted slightly spoiled and smelled bad.,Inspect Kitchen Hygiene,Food
Pool shower wasn't working.,Pool Maintenance,Recreation
Not happy. I found a hair in my food.,Inspect Kitchen Hygiene,Food
They refused to accept my voucher.,Compensate Guest,Food
"Honestly, i got food poisoning after eating the seafood.",Inspect Kitchen Hygiene,Food
Tiles around the pool are broken and sharp. Terrible.,Pool Maintenance,Recreation
i found a hair in my food.,Inspect Kitchen Hygiene,Food
Not happy. Air conditioner is loud and barely cools the room.,Upgrade Room Amenities,Rooms
Review: Room wasn't ready at 4 PM check-in time.,Review Check-in Process,Services
Action needed: Bike seat is broken.,Update Gym Equipment,Recreation
I found a hair in my food.,Inspect Kitchen Hygiene,Food
Not happy. The food tasted slightly spoiled and smelled bad.,Inspect Kitchen Hygiene,Food
Review: The coffee was burnt and bitter.,Revise Menu Quality,Food
Kids club staff seemed bored and inattentive.,Recreation Staff Review,Recreation
Not happy.  Filtration system was making a loud noise.,Pool Maintenance,Recreation
Saw a cockroach near the kitchen entrance. Terrible.,Inspect Kitchen Hygiene,Food
elliptical machine makes a squeaking sound.,Update Gym Equipment,Recreation
"Honestly, staff got my order wrong three times.",Staff Training (Food),Food
evidence of termites in the wooden furniture.,Pest Control Investigation,Rooms
Not happy. Seasonal dishes listed on the menu were not available.,Revise Menu Quality,Food
Action needed: Service in the restaurant was incredibly slow.,Staff Training (Food),Food
Staff was arguing loudly in the hallway. Terrible.,Disciplinary Action,Services
"the gym smells like sweat, no ventilation.",Update Gym Equipment,Recreation
the presentation of the dishes was poor.,Revise Menu Quality,Food
"Honestly, it took 45 minutes just to check in.",Review Check-in Process,Services
Not happy. Entertainment team was low energy and boring.,Recreation Staff Review,Recreation
"key cards didn't work, had to go back down.",Review Check-in Process,Services
Not happy. The presentation of the dishes was poor.,Revise Menu Quality,Food
Action needed: Cable machine is stuck and dangerous.,Update Gym Equipment,Recreation
Not happy. Housekeeper stole money from my wallet.,Disciplinary Action,Services
No iron or ironing board in the room.,Upgrade Room Amenities,Rooms
Feedback: Tour guide gave us incorrect historical info.,Recreation Staff Review,Recreation
"Review: Worst dining experience ever, I expect compensation.",Compensate Guest,Food
it took 45 minutes just to check in.,Review Check-in Process,Services
Review: Air conditioner is loud and barely cools the room.,Upgrade Room Amenities,Rooms
The menu options are very limited and boring.,Revise Menu Quality,Food
Not enough vegetarian or vegan options.,Revise Menu Quality,Food
staff seemed confused by the check-in software.,Review Check-in Process,Services
Feedback: The server was rude when I asked for water.,Staff Training (Food),Food
The dessert was stale and dry.,Revise Menu Quality,Food
water looked stagnant and dirty.,Pool Maintenance,Recreation
Review: Front desk staff gave us wrong information about breakfast.,Staff Communication Training,Services
Action needed: Staff seemed confused by the check-in software.,Review Check-in Process,Services
Feedback: Spa therapist was chatting during the massage.,Recreation Staff Review,Recreation
The bill included a service charge that was not mentioned. Terrible.,Compensate Guest,Food
"Honestly, bartender was visibly drunk.",Disciplinary Action,Services
Feedback: They forgot to give us our wake-up call.,Staff Communication Training,Services
Feedback: Yoga mats are torn and dirty.,Update Gym Equipment,Recreation
"Honestly, the salad was wilted and brown.",Inspect Kitchen Hygiene,Food
"Honestly, the gym smells like sweat, no ventilation.",Update Gym Equipment,Recreation
Windows were dirty and hard to see through.,Deep Clean & Maintenance,Rooms
The room is infested with insects. Terrible.,Pest Control Investigation,Rooms
"Action needed: We waited 2 hours for our food, this is unacceptable.",Compensate Guest,Food
Not happy. Tennis coach didn't show up for the lesson.,Recreation Staff Review,Recreation
The waiter spilled soup on me and didn't apologize. Terrible.,Staff Training (Food),Food
Not happy. The furniture is worn out and chipped.,Upgrade Room Amenities,Rooms
They couldn't find my booking in the system. Terrible.,Review Check-in Process,Services
bed bugs bit me all over my legs.,Pest Control Investigation,Rooms
Not happy. Front desk staff gave us wrong information about breakfast.,Staff Communication Training,Services
staff was arguing loudly in the hallway.,Disciplinary Action,Services
Not happy. Curtains were dusty and triggered my allergies.,Deep Clean & Maintenance,Rooms
Review: Security guard was sleeping on the job.,Disciplinary Action,Services
there was a strange object in the soup.,Inspect Kitchen Hygiene,Food
"Honestly, bartender was visibly drunk.",Disciplinary Action,Services
Not happy. Staff got my order wrong three times.,Staff Training (Food),Food
"Key cards didn't work, had to go back down.",Review Check-in Process,Services
"Honestly, hygiene standards in the restaurant seem very low.",Inspect Kitchen Hygiene,Food
Not happy. No one came to clear our table for 30 minutes.,Staff Training (Food),Food
Not happy. They didn't tell us the pool was under maintenance.,Staff Communication Training,Services
Review: Unprofessional behavior from the night manager.,Disciplinary Action,Services
"Action needed: Key cards didn't work, had to go back down.",Review Check-in Process,Services
"Honestly, asked for no onions but got onions anyway.",Staff Training (Food),Food
"Feedback: Pool was freezing cold, heater broken.",Pool Maintenance,Recreation
Minibar was empty and not working.,Upgrade Room Amenities,Rooms
the dessert was stale and dry.,Revise Menu Quality,Food
"Honestly, the hairdryer provided is useless and overheating.",Upgrade Room Amenities,Rooms
Saw ants marching across the bathroom sink. Terrible.,Pest Control Investigation,Rooms
"Honestly, tour guide gave us incorrect historical info.",Recreation Staff Review,Recreation
Review: Bike seat is broken.,Update Gym Equipment,Recreation
"Honestly, food was cold when it arrived at the table.",Revise Menu Quality,Food
Action needed: Air conditioner is loud and barely cools the room.,Upgrade Room Amenities,Rooms
They didn't tell us the pool was under maintenance. Terrible.,Staff Communication Training,Services
Feedback: Hygiene standards in the restaurant seem very low.,Inspect Kitchen Hygiene,Food
Action needed: The bathroom tiles had mold in the grout.,Deep Clean & Maintenance,Rooms
Feedback: Conflicting information from different staff members.,Staff Communication Training,Services
Staff member laughed at my complaint. Terrible.,Disciplinary Action,Services
Action needed: The pillows are lumpy and uncomfortable.,Upgrade Room Amenities,Rooms
"key cards didn't work, had to go back down.",Review Check-in Process,Services
"Honestly, the food tasted slightly spoiled and smelled bad.",Inspect Kitchen Hygiene,Food
Action needed: Hygiene standards in the restaurant seem very low.,Inspect Kitchen Hygiene,Food
Feedback: Tour guide gave us incorrect historical info.,Recreation Staff Review,Recreation
Review: Tennis coach didn't show up for the lesson.,Recreation Staff Review,Recreation
Action needed: The presentation of the dishes was poor.,Revise Menu Quality,Food
Not happy. Security guard was sleeping on the job.,Disciplinary Action,Services
Not happy. No water or towels available in the gym.,Update Gym Equipment,Recreation
Feedback: Housekeeper stole money from my wallet.,Disciplinary Action,Services
"Dust everywhere, especially under the bed. Terrible.",Deep Clean & Maintenance,Rooms
"Honestly, the coffee was burnt and bitter.",Revise Menu Quality,Food
Action needed: I got food poisoning after eating the seafood.,Inspect Kitchen Hygiene,Food
glass had lipstick marks on it.,Inspect Kitchen Hygiene,Food
scum line around the edge of the pool.,Pool Maintenance,Recreation
No iron or ironing board in the room.,Upgrade Room Amenities,Rooms
Not happy. Check-in line was huge and only one counter open.,Review Check-in Process,Services
"dust everywhere, especially under the bed.",Deep Clean & Maintenance,Rooms
spa therapist was chatting during the massage.,Recreation Staff Review,Recreation
Review: Pool shower wasn't working.,Pool Maintenance,Recreation
Not happy. Lobby is chaotic and disorganized.,Review Check-in Process,Services
Feedback:  Filtration system was making a loud noise.,Pool Maintenance,Recreation
Feedback: Front desk staff gave us wrong information about breakfast.,Staff Communication Training,Services
Review: Activity director was rude to the guests.,Recreation Staff Review,Recreation
"Action needed: Dust everywhere, especially under the bed.",Deep Clean & Maintenance,Rooms
Not happy. I found a hair in my food.,Inspect Kitchen Hygiene,Food
Staff got my order wrong three times. Terrible.,Staff Training (Food),Food
Action needed: It took 45 minutes just to check in.,Review Check-in Process,Services
Feedback: Pool attendant refused to give me a towel.,Recreation Staff Review,Recreation
The hairdryer provided is useless and overheating. Terrible.,Upgrade Room Amenities,Rooms
Feedback: Cockroach in the shower.,Pest Control Investigation,Rooms
Activity director was rude to the guests.,Recreation Staff Review,Recreation
employee was on their phone ignoring guests.,Disciplinary Action,Services
"Honestly, staff member laughed at my complaint.",Disciplinary Action,Services
Review: Misunderstanding about the room rate caused issues.,Staff Communication Training,Services
I think I saw a mouse behind the curtain.,Pest Control Investigation,Rooms
Feedback: The salad was wilted and brown.,Inspect Kitchen Hygiene,Food
the toilet wasn't flushed when we arrived.,Deep Clean & Maintenance,Rooms
The food tasted slightly spoiled and smelled bad. Terrible.,Inspect Kitchen Hygiene,Food
Yoga mats are torn and dirty. Terrible.,Update Gym Equipment,Recreation
Not happy. There was a strange object in the soup.,Inspect Kitchen Hygiene,Food
everything tastes like frozen food reheated.,Revise Menu Quality,Food
flies buzzing around the room constantly.,Pest Control Investigation,Rooms
Action needed: Room wasn't ready at 4 PM check-in time.,Review Check-in Process,Services
Action needed: Curtains were dusty and triggered my allergies.,Deep Clean & Maintenance,Rooms
Feedback: The buffet area looked unclean and messy.,Inspect Kitchen Hygiene,Food
Review: Bed bugs bit me all over my legs.,Pest Control Investigation,Rooms
The furniture is worn out and chipped.,Upgrade Room Amenities,Rooms
The dessert was stale and dry. Terrible.,Revise Menu Quality,Food
"Honestly, the buffet area looked unclean and messy.",Inspect Kitchen Hygiene,Food
Review: There was a spider on the pillow.,Pest Control Investigation,Rooms
They forgot to give us our wake-up call.,Staff Communication Training,Services
kids club staff seemed bored and inattentive.,Recreation Staff Review,Recreation
staff was arguing loudly in the hallway.,Disciplinary Action,Services
they demanded a cash deposit unexpectedly.,Review Check-in Process,Services
"Honestly, no water or towels available in the gym.",Update Gym Equipment,Recreation
"Honestly, curtains were dusty and triggered my allergies.",Deep Clean & Maintenance,Rooms
Review: I found a hair in my food.,Inspect Kitchen Hygiene,Food
Action needed: Elliptical machine makes a squeaking sound.,Update Gym Equipment,Recreation
Action needed: No one came to clear our table for 30 minutes.,Staff Training (Food),Food
Action needed: The furniture is worn out and chipped.,Upgrade Room Amenities,Rooms
Action needed: Priority check-in for members was not honored.,Review Check-in Process,Services
water looked stagnant and dirty.,Pool Maintenance,Recreation
evidence of termites in the wooden furniture.,Pest Control Investigation,Rooms
misunderstanding about the room rate caused issues.,Staff Communication Training,Services
Action needed: Minibar was empty and not working.,Upgrade Room Amenities,Rooms
Review: Employee was on their phone ignoring guests.,Disciplinary Action,Services
Evidence of termites in the wooden furniture. Terrible.,Pest Control Investigation,Rooms
Feedback: Lizard on the ceiling.,Pest Control Investigation,Rooms
"Action needed: Too much chlorine in the pool, burned my eyes.",Pool Maintenance,Recreation
Feedback: The buffet area looked unclean and messy.,Inspect Kitchen Hygiene,Food
Not happy. Yoga mats are torn and dirty.,Update Gym Equipment,Recreation
There was a spider on the pillow. Terrible.,Pest Control Investigation,Rooms
Windows were dirty and hard to see through. Terrible.,Deep Clean & Maintenance,Rooms
"Dust everywhere, especially under the bed. Terrible.",Deep Clean & Maintenance,Rooms
flies buzzing around the room constantly.,Pest Control Investigation,Rooms
The concierge made a rude comment about my appearance.,Disciplinary Action,Services
The buffet area looked unclean and messy.,Inspect Kitchen Hygiene,Food
Review: The hairdryer provided is useless and overheating.,Upgrade Room Amenities,Rooms
Not happy. Pool ladders are loose and dangerous.,Pool Maintenance,Recreation
food was cold when it arrived at the table.,Revise Menu Quality,Food
Review: The pasta was overcooked and mushy.,Revise Menu Quality,Food
Housekeeper stole money from my wallet. Terrible.,Disciplinary Action,Services
"Honestly, there was a strange object in the soup.",Inspect Kitchen Hygiene,Food
We were promised a complimentary drink but never got it. Terrible.,Compensate Guest,Food
Action needed: Gym is too small for the number of guests.,Update Gym Equipment,Recreation
"Honestly, the hairdryer provided is useless and overheating.",Upgrade Room Amenities,Rooms
No water or towels available in the gym.,Update Gym Equipment,Recreation
"Honestly, minibar was empty and not working.",Upgrade Room Amenities,Rooms
Review: The carpet was stained and smelled of mold.,Deep Clean & Maintenance,Rooms
Not happy. Service in the restaurant was incredibly slow.,Staff Training (Food),Food
Not happy. Bed bugs bit me all over my legs.,Pest Control Investigation,Rooms
Review: Waiters were ignoring us and chatting among themselves.,Staff Training (Food),Food
Dead bugs on the windowsill. Terrible.,Deep Clean & Maintenance,Rooms
"Honestly, cockroach in the shower.",Pest Control Investigation,Rooms
not enough weights for a proper workout.,Update Gym Equipment,Recreation
"Need better lighting, the room is too dim. Terrible.",Upgrade Room Amenities,Rooms
Staff got my order wrong three times.,Staff Training (Food),Food
Cockroach in the shower. Terrible.,Pest Control Investigation,Rooms
Action needed: The server was rude when I asked for water.,Staff Training (Food),Food
they charged us for items we didn't order.,Compensate Guest,Food
Not happy. Called reception but no one answered the phone.,Staff Communication Training,Services
Not happy. Staff was arguing loudly in the hallway.,Disciplinary Action,Services
"Honestly, mosquitoes in the room kept me up all night.",Pest Control Investigation,Rooms
windows were dirty and hard to see through.,Deep Clean & Maintenance,Rooms
Feedback: Tiles around the pool are broken and sharp.,Pool Maintenance,Recreation
"Honestly, restaurant manager was shouting at the staff.",Staff Training (Food),Food
entertainment team was low energy and boring.,Recreation Staff Review,Recreation
Review: The pasta was overcooked and mushy.,Revise Menu Quality,Food
The buffet area looked unclean and messy.,Inspect Kitchen Hygiene,Food
Glass had lipstick marks on it.,Inspect Kitchen Hygiene,Food
Action needed: Valet scratched my car and denied it.,Disciplinary Action,Services
"Honestly,  filtration system was making a loud noise.",Pool Maintenance,Recreation
"worst dining experience ever, i expect compensation.",Compensate Guest,Food
lobby is chaotic and disorganized.,Review Check-in Process,Services
Feedback: The menu options are very limited and boring.,Revise Menu Quality,Food
Priority check-in for members was not honored. Terrible.,Review Check-in Process,Services
The hostess was welcoming but the servers were grumpy.,Staff Training (Food),Food
Action needed: Pool attendant refused to give me a towel.,Recreation Staff Review,Recreation
Our anniversary dinner was ruined by the terrible service.,Compensate Guest,Food
Action needed: Room wasn't ready at 4 PM check-in time.,Review Check-in Process,Services
Not happy. The pool water was cloudy and green.,Pool Maintenance,Recreation
Review: Concierge was unable to give simple directions.,Staff Communication Training,Services
Bartender was visibly drunk.,Disciplinary Action,Services
Not happy. Curtains were dusty and triggered my allergies.,Deep Clean & Maintenance,Rooms
Not happy. The toilet wasn't flushed when we arrived.,Deep Clean & Maintenance,Rooms
"Feedback: The gym smells like sweat, no ventilation.",Update Gym Equipment,Recreation
Feedback: Concierge was unable to give simple directions.,Staff Communication Training,Services
Feedback: Water looked stagnant and dirty.,Pool Maintenance,Recreation
The plates were dirty and had leftover food stains. Terrible.,Inspect Kitchen Hygiene,Food
Review: Not enough vegetarian or vegan options.,Revise Menu Quality,Food
Action needed: Staff got my order wrong three times.,Staff Training (Food),Food
Not happy. Seasonal dishes listed on the menu were not available.,Revise Menu Quality,Food
"Honestly, water looked stagnant and dirty.",Pool Maintenance,Recreation
Feedback: No water or towels available in the gym.,Update Gym Equipment,Recreation
"Honestly, bike seat is broken.",Update Gym Equipment,Recreation
Review: Gym is too small for the number of guests.,Update Gym Equipment,Recreation
The presentation of the dishes was poor.,Revise Menu Quality,Food
Staff member laughed at my complaint.,Disciplinary Action,Services
Action needed: Minibar was empty and not working.,Upgrade Room Amenities,Rooms
staff member laughed at my complaint.,Disciplinary Action,Services
The plates were dirty and had leftover food stains. Terrible.,Inspect Kitchen Hygiene,Food
"Feedback: The gym smells like sweat, no ventilation.",Update Gym Equipment,Recreation
Feedback: The concierge made a rude comment about my appearance.,Disciplinary Action,Services
The server was rude when I asked for water. Terrible.,Staff Training (Food),Food
"Honestly, tiles around the pool are broken and sharp.",Pool Maintenance,Recreation
called reception but no one answered the phone.,Staff Communication Training,Services
Not happy. They lost our reservation even though we booked weeks ago.,Compensate Guest,Food
"Honestly, the steak was tough and flavorless.",Revise Menu Quality,Food
Review: Bike seat is broken.,Update Gym Equipment,Recreation
Not happy. It took 45 minutes just to check in.,Review Check-in Process,Services
Front desk staff gave us wrong information about breakfast. Terrible.,Staff Communication Training,Services
The coffee was burnt and bitter.,Revise Menu Quality,Food
"Honestly, there was a strange object in the soup.",Inspect Kitchen Hygiene,Food
Windows were dirty and hard to see through. Terrible.,Deep Clean & Maintenance,Rooms
the salad was wilted and brown.,Inspect Kitchen Hygiene,Food
"Honestly, they couldn't find my booking in the system.",Review Check-in Process,Services
Not happy. No iron or ironing board in the room.,Upgrade Room Amenities,Rooms
Review: The bill included a service charge that was not mentioned.,Compensate Guest,Food
Staff seemed confused by the check-in software.,Review Check-in Process,Services
Feedback: Tennis coach didn't show up for the lesson.,Recreation Staff Review,Recreation
"Honestly, air conditioner is loud and barely cools the room.",Upgrade Room Amenities,Rooms
Feedback: The salad was wilted and brown.,Inspect Kitchen Hygiene,Food
Feedback: Check-in line was huge and only one counter open.,Review Check-in Process,Services
Feedback: Seasonal dishes listed on the menu were not available.,Revise Menu Quality,Food
We were promised a complimentary drink but never got it. Terrible.,Compensate Guest,Food
Waiters were ignoring us and chatting among themselves.,Staff Training (Food),Food
Feedback: The room is infested with insects.,Pest Control Investigation,Rooms
"Review: Key cards didn't work, had to go back down.",Review Check-in Process,Services
Feedback: The steak was tough and flavorless.,Revise Menu Quality,Food
Review: Our anniversary dinner was ruined by the terrible service.,Compensate Guest,Food
No supervision in the children's play area.,Recreation Staff Review,Recreation
"Honestly, kids club staff seemed bored and inattentive.",Recreation Staff Review,Recreation
front desk staff gave us wrong information about breakfast.,Staff Communication Training,Services
Feedback: Food was cold when it arrived at the table.,Revise Menu Quality,Food
cockroach in the shower.,Pest Control Investigation,Rooms
the buffet area looked unclean and messy.,Inspect Kitchen Hygiene,Food
It took 45 minutes just to check in. Terrible.,Review Check-in Process,Services
evidence of termites in the wooden furniture.,Pest Control Investigation,Rooms
Windows were dirty and hard to see through. Terrible.,Deep Clean & Maintenance,Rooms
Review: The buffet area looked unclean and messy.,Inspect Kitchen Hygiene,Food
The room smelled like stale cigarette smoke. Terrible.,Deep Clean & Maintenance,Rooms
Unprofessional behavior from the night manager.,Disciplinary Action,Services
Review: I want a refund for this terrible meal.,Compensate Guest,Food
Action needed: Pool shower wasn't working.,Pool Maintenance,Recreation
Not happy. The food tasted slightly spoiled and smelled bad.,Inspect Kitchen Hygiene,Food
Review: Tennis coach didn't show up for the lesson.,Recreation Staff Review,Recreation
Action needed: Pool ladders are loose and dangerous.,Pool Maintenance,Recreation
The pasta was overcooked and mushy.,Revise Menu Quality,Food
Feedback: The food tasted slightly spoiled and smelled bad.,Inspect Kitchen Hygiene,Food
Not happy. Saw a cockroach near the kitchen entrance.,Inspect Kitchen Hygiene,Food
Review: Food was cold when it arrived at the table.,Revise Menu Quality,Food
Review: The room smelled like stale cigarette smoke.,Deep Clean & Maintenance,Rooms
The room is infested with insects. Terrible.,Pest Control Investigation,Rooms
"Honestly, bed bugs bit me all over my legs.",Pest Control Investigation,Rooms
Action needed: They forgot to give us our wake-up call.,Staff Communication Training,Services
Not happy. The concierge made a rude comment about my appearance.,Disciplinary Action,Services
Not happy. Spa therapist was chatting during the massage.,Recreation Staff Review,Recreation
Not happy. Charged 5 stars price for 1 star food.,Compensate Guest,Food
Unprofessional behavior from the night manager.,Disciplinary Action,Services
The bill included a service charge that was not mentioned.,Compensate Guest,Food
Feedback: It took 45 minutes just to check in.,Review Check-in Process,Services
Cockroach in the shower.,Pest Control Investigation,Rooms
the buffet area looked unclean and messy.,Inspect Kitchen Hygiene,Food
Not happy. The steak was tough and flavorless.,Revise Menu Quality,Food
lobby is chaotic and disorganized.,Review Check-in Process,Services
WiFi signal is too weak to work in the room. Terrible.,Upgrade Room Amenities,Rooms
Action needed: Hygiene standards in the restaurant seem very low.,Inspect Kitchen Hygiene,Food
Feedback: Flies buzzing around the room constantly.,Pest Control Investigation,Rooms
Review: Room wasn't ready at 4 PM check-in time.,Review Check-in Process,Services
Feedback: Not enough weights for a proper workout.,Update Gym Equipment,Recreation
It took 45 minutes just to check in.,Review Check-in Process,Services
Action needed: Valet scratched my car and denied it.,Disciplinary Action,Services
Action needed: The pool water was cloudy and green.,Pool Maintenance,Recreation
"Honestly, too much chlorine in the pool, burned my eyes.",Pool Maintenance,Recreation
Not happy. They refused to accept my voucher.,Compensate Guest,Food
Feedback: The hairdryer provided is useless and overheating.,Upgrade Room Amenities,Rooms
dead bugs on the windowsill.,Deep Clean & Maintenance,Rooms
"The gym smells like sweat, no ventilation. Terrible.",Update Gym Equipment,Recreation
Feedback: Hygiene standards in the restaurant seem very low.,Inspect Kitchen Hygiene,Food
No iron or ironing board in the room.,Upgrade Room Amenities,Rooms
housekeeper stole money from my wallet.,Disciplinary Action,Services
"Honestly, i want a refund for this terrible meal.",Compensate Guest,Food
The pool water was cloudy and green. Terrible.,Pool Maintenance,Recreation
Action needed: Staff member was smoking right outside the lobby door.,Disciplinary Action,Services
"Feedback: Key cards didn't work, had to go back down.",Review Check-in Process,Services
"Towels are thin, scratchy, and old. Terrible.",Upgrade Room Amenities,Rooms
"Not happy. The gym smells like sweat, no ventilation.",Update Gym Equipment,Recreation
The plates were dirty and had leftover food stains.,Inspect Kitchen Hygiene,Food
"Honestly, there was a strange object in the soup.",Inspect Kitchen Hygiene,Food
i got food poisoning after eating the seafood.,Inspect Kitchen Hygiene,Food
Review: They forgot to give us our wake-up call.,Staff Communication Training,Services
Not happy. We were promised a complimentary drink but never got it.,Compensate Guest,Food
The server was rude when I asked for water.,Staff Training (Food),Food
The hairdryer provided is useless and overheating.,Upgrade Room Amenities,Rooms
No one came to clear our table for 30 minutes.,Staff Training (Food),Food
Not happy. Asked for no onions but got onions anyway.,Staff Training (Food),Food
Not happy. The pillows are lumpy and uncomfortable.,Upgrade Room Amenities,Rooms
Staff got my order wrong three times. Terrible.,Staff Training (Food),Food
"Honestly, employee was on their phone ignoring guests.",Disciplinary Action,Services
"Review: Pool was freezing cold, heater broken.",Pool Maintenance,Recreation
Action needed: Conflicting information from different staff members.,Staff Communication Training,Services
The server was rude when I asked for water.,Staff Training (Food),Food
No water or towels available in the gym. Terrible.,Update Gym Equipment,Recreation
The bathroom tiles had mold in the grout.,Deep Clean & Maintenance,Rooms
Bed bugs bit me all over my legs. Terrible.,Pest Control Investigation,Rooms
Action needed: Room wasn't ready at 4 PM check-in time.,Review Check-in Process,Services
No supervision in the children's play area.,Recreation Staff Review,Recreation
"We waited 2 hours for our food, this is unacceptable. Terrible.",Compensate Guest,Food
Not happy. Misunderstanding about the room rate caused issues.,Staff Communication Training,Services
Not happy. The presentation of the dishes was poor.,Revise Menu Quality,Food
evidence of termites in the wooden furniture.,Pest Control Investigation,Rooms
Curtains were dusty and triggered my allergies.,Deep Clean & Maintenance,Rooms
the hostess was welcoming but the servers were grumpy.,Staff Training (Food),Food
Action needed: Restaurant manager was shouting at the staff.,Staff Training (Food),Food
bellboy didn't explain how to use the key card.,Staff Communication Training,Services
"Honestly, windows were dirty and hard to see through.",Deep Clean & Maintenance,Rooms
Feedback: Saw a cockroach near the kitchen entrance.,Inspect Kitchen Hygiene,Food
"Feedback: Too much chlorine in the pool, burned my eyes.",Pool Maintenance,Recreation
The TV is tiny and has no channels. Terrible.,Upgrade Room Amenities,Rooms
they lost our reservation even though we booked weeks ago.,Compensate Guest,Food
Glass had lipstick marks on it. Terrible.,Inspect Kitchen Hygiene,Food
"Honestly, they lost our reservation even though we booked weeks ago.",Compensate Guest,Food
The buffet area looked unclean and messy. Terrible.,Inspect Kitchen Hygiene,Food
No one came to clear our table for 30 minutes.,Staff Training (Food),Food
"Action needed: Towels are thin, scratchy, and old.",Upgrade Room Amenities,Rooms
"Honestly, debris and leaves floating in the water.",Pool Maintenance,Recreation
Check-in line was huge and only one counter open.,Review Check-in Process,Services
"Too much chlorine in the pool, burned my eyes. Terrible.",Pool Maintenance,Recreation
Beach staff demanded tips for chairs. Terrible.,Recreation Staff Review,Recreation
Not happy. Housekeeper stole money from my wallet.,Disciplinary Action,Services
"Key cards didn't work, had to go back down.",Review Check-in Process,Services
Review: I think I saw a mouse behind the curtain.,Pest Control Investigation,Rooms
Review: Conflicting information from different staff members.,Staff Communication Training,Services
Feedback: Staff member laughed at my complaint.,Disciplinary Action,Services
Not happy. Staff seemed confused by the check-in software.,Review Check-in Process,Services
The presentation of the dishes was poor.,Revise Menu Quality,Food
Review: System crashed during check-in.,Review Check-in Process,Services
Staff seemed confused by the check-in software.,Review Check-in Process,Services
Review: No water or towels available in the gym.,Update Gym Equipment,Recreation
Not happy. Mosquitoes in the room kept me up all night.,Pest Control Investigation,Rooms
tennis coach didn't show up for the lesson.,Recreation Staff Review,Recreation
Review: No one came to clear our table for 30 minutes.,Staff Training (Food),Food
Feedback: Windows were dirty and hard to see through.,Deep Clean & Maintenance,Rooms
"Honestly, saw ants marching across the bathroom sink.",Pest Control Investigation,Rooms
Feedback: Priority check-in for members was not honored.,Review Check-in Process,Services
"Honestly, no supervision in the children's play area.",Recreation Staff Review,Recreation
Action needed: Yoga mats are torn and dirty.,Update Gym Equipment,Recreation
Waiters were ignoring us and chatting among themselves. Terrible.,Staff Training (Food),Food
Feedback: No one told us about the construction noise.,Staff Communication Training,Services
Review: There was a spider on the pillow.,Pest Control Investigation,Rooms
Not happy. The concierge made a rude comment about my appearance.,Disciplinary Action,Services
The furniture is worn out and chipped.,Upgrade Room Amenities,Rooms
Bed bugs bit me all over my legs.,Pest Control Investigation,Rooms
the dessert was stale and dry.,Revise Menu Quality,Food
Action needed: Unprofessional behavior from the night manager.,Disciplinary Action,Services
Review: The waiter spilled soup on me and didn't apologize.,Staff Training (Food),Food
Review: Windows were dirty and hard to see through.,Deep Clean & Maintenance,Rooms
Not happy. Bartender was visibly drunk.,Disciplinary Action,Services
Entertainment team was low energy and boring.,Recreation Staff Review,Recreation
Bellboy didn't explain how to use the key card.,Staff Communication Training,Services
Review: Pool ladders are loose and dangerous.,Pool Maintenance,Recreation
Not happy. Bartender was visibly drunk.,Disciplinary Action,Services
Review: The furniture is worn out and chipped.,Upgrade Room Amenities,Rooms
"staff speaks very poor english, hard to communicate.",Staff Communication Training,Services
"Towels are thin, scratchy, and old.",Upgrade Room Amenities,Rooms
they forgot to give us our wake-up call.,Staff Communication Training,Services
Tennis coach didn't show up for the lesson. Terrible.,Recreation Staff Review,Recreation
kids club staff seemed bored and inattentive.,Recreation Staff Review,Recreation
Action needed: The hairdryer provided is useless and overheating.,Upgrade Room Amenities,Rooms
They lost our reservation even though we booked weeks ago. Terrible.,Compensate Guest,Food
They charged us for items we didn't order.,Compensate Guest,Food
Feedback: Beach staff demanded tips for chairs.,Recreation Staff Review,Recreation
"Honestly, they didn't tell us the pool was under maintenance.",Staff Communication Training,Services
Action needed: The sheets had spots and didn't look fresh.,Deep Clean & Maintenance,Rooms
Not happy. Staff seemed confused by the check-in software.,Review Check-in Process,Services
"Honestly, no iron or ironing board in the room.",Upgrade Room Amenities,Rooms
No supervision in the children's play area.,Recreation Staff Review,Recreation
Not happy. The coffee was burnt and bitter.,Revise Menu Quality,Food
Review: Kids club staff seemed bored and inattentive.,Recreation Staff Review,Recreation
Action needed: They demanded a cash deposit unexpectedly.,Review Check-in Process,Services
Not happy. Water looked stagnant and dirty.,Pool Maintenance,Recreation
WiFi signal is too weak to work in the room.,Upgrade Room Amenities,Rooms
Feedback: Tour guide gave us incorrect historical info.,Recreation Staff Review,Recreation
"Honestly, dead bugs on the windowsill.",Deep Clean & Maintenance,Rooms
Not happy. There was a spider on the pillow.,Pest Control Investigation,Rooms
The pool water was cloudy and green.,Pool Maintenance,Recreation
Feedback: The carpet was stained and smelled of mold.,Deep Clean & Maintenance,Rooms
misunderstanding about the room rate caused issues.,Staff Communication Training,Services
"Honestly, the plates were dirty and had leftover food stains.",Inspect Kitchen Hygiene,Food
Tiles around the pool are broken and sharp.,Pool Maintenance,Recreation
Review: Our anniversary dinner was ruined by the terrible service.,Compensate Guest,Food
Action needed: No one came to clear our table for 30 minutes.,Staff Training (Food),Food
lifeguard was on their phone the whole time.,Recreation Staff Review,Recreation
"Feedback: Worst dining experience ever, I expect compensation.",Compensate Guest,Food
The hairdryer provided is useless and overheating. Terrible.,Upgrade Room Amenities,Rooms
"Honestly, tiles around the pool are broken and sharp.",Pool Maintenance,Recreation
Review: System crashed during check-in.,Review Check-in Process,Services
Not happy. They charged us for items we didn't order.,Compensate Guest,Food
Review: I got food poisoning after eating the seafood.,Inspect Kitchen Hygiene,Food
Review: The server was rude when I asked for water.,Staff Training (Food),Food
Feedback: Employee was on their phone ignoring guests.,Disciplinary Action,Services
The coffee was burnt and bitter.,Revise Menu Quality,Food
Lizard on the ceiling.,Pest Control Investigation,Rooms
"Honestly, the menu options are very limited and boring.",Revise Menu Quality,Food
"Feedback: The gym smells like sweat, no ventilation.",Update Gym Equipment,Recreation
Action needed: I think I saw a mouse behind the curtain.,Pest Control Investigation,Rooms
"Honestly, yoga mats are torn and dirty.",Update Gym Equipment,Recreation
The carpet was stained and smelled of mold. Terrible.,Deep Clean & Maintenance,Rooms
the dessert was stale and dry.,Revise Menu Quality,Food
Action needed: The toilet wasn't flushed when we arrived.,Deep Clean & Maintenance,Rooms
"staff speaks very poor english, hard to communicate.",Staff Communication Training,Services
Feedback: Minibar was empty and not working.,Upgrade Room Amenities,Rooms
Action needed: Room wasn't ready at 4 PM check-in time.,Review Check-in Process,Services
Review: Waiters were ignoring us and chatting among themselves.,Staff Training (Food),Food
Water looked stagnant and dirty.,Pool Maintenance,Recreation
Review: Lobby is chaotic and disorganized.,Review Check-in Process,Services
Action needed: The pasta was overcooked and mushy.,Revise Menu Quality,Food
Water looked stagnant and dirty. Terrible.,Pool Maintenance,Recreation
Review: The pasta was overcooked and mushy.,Revise Menu Quality,Food
"Honestly, the coffee was burnt and bitter.",Revise Menu Quality,Food
Not happy. Charged 5 stars price for 1 star food.,Compensate Guest,Food
Review: They couldn't find my booking in the system.,Review Check-in Process,Services
Elliptical machine makes a squeaking sound.,Update Gym Equipment,Recreation
Feedback: Dead bugs on the windowsill.,Deep Clean & Maintenance,Rooms
Feedback: Called reception but no one answered the phone.,Staff Communication Training,Services
Feedback: We were promised a complimentary drink but never got it.,Compensate Guest,Food
Action needed: The plates were dirty and had leftover food stains.,Inspect Kitchen Hygiene,Food
"Not happy. Staff speaks very poor English, hard to communicate.",Staff Communication Training,Services
Pool attendant refused to give me a towel. Terrible.,Recreation Staff Review,Recreation
glass had lipstick marks on it.,Inspect Kitchen Hygiene,Food
They couldn't find my booking in the system. Terrible.,Review Check-in Process,Services
Spa therapist was chatting during the massage. Terrible.,Recreation Staff Review,Recreation
Feedback: The toilet wasn't flushed when we arrived.,Deep Clean & Maintenance,Rooms
Review: Front desk staff gave us wrong information about breakfast.,Staff Communication Training,Services
Not happy. Gym equipment is ancient and rusty.,Update Gym Equipment,Recreation
Review: They lost our reservation even though we booked weeks ago.,Compensate Guest,Food
Action needed: The toilet wasn't flushed when we arrived.,Deep Clean & Maintenance,Rooms
restaurant manager was shouting at the staff.,Staff Training (Food),Food
The buffet area looked unclean and messy.,Inspect Kitchen Hygiene,Food
"Honestly, bed bugs bit me all over my legs.",Pest Control Investigation,Rooms
Action needed: Pool shower wasn't working.,Pool Maintenance,Recreation
Feedback: The hairdryer provided is useless and overheating.,Upgrade Room Amenities,Rooms
Review: I found a hair in my food.,Inspect Kitchen Hygiene,Food
Review: Gym equipment is ancient and rusty.,Update Gym Equipment,Recreation
The pillows are lumpy and uncomfortable.,Upgrade Room Amenities,Rooms
Staff was arguing loudly in the hallway.,Disciplinary Action,Services
Feedback: The pool water was cloudy and green.,Pool Maintenance,Recreation
Feedback: They forgot to give us our wake-up call.,Staff Communication Training,Services
lizard on the ceiling.,Pest Control Investigation,Rooms
Scum line around the edge of the pool. Terrible.,Pool Maintenance,Recreation
The steak was tough and flavorless. Terrible.,Revise Menu Quality,Food
Elliptical machine makes a squeaking sound.,Update Gym Equipment,Recreation
Feedback: Gym is too small for the number of guests.,Update Gym Equipment,Recreation
"We waited 2 hours for our food, this is unacceptable.",Compensate Guest,Food
"Honestly, the tv is tiny and has no channels.",Upgrade Room Amenities,Rooms
I think I saw a mouse behind the curtain. Terrible.,Pest Control Investigation,Rooms
Feedback: Treadmills were all out of order.,Update Gym Equipment,Recreation
"Honestly, elliptical machine makes a squeaking sound.",Update Gym Equipment,Recreation
Action needed: Room wasn't ready at 4 PM check-in time.,Review Check-in Process,Services
pool ladders are loose and dangerous.,Pool Maintenance,Recreation
I think I saw a mouse behind the curtain.,Pest Control Investigation,Rooms
Feedback: Not enough weights for a proper workout.,Update Gym Equipment,Recreation
the plates were dirty and had leftover food stains.,Inspect Kitchen Hygiene,Food
Not happy. Asked for no onions but got onions anyway.,Staff Training (Food),Food
there was a strange object in the soup.,Inspect Kitchen Hygiene,Food
Not happy. Called reception but no one answered the phone.,Staff Communication Training,Services
Not happy. The hostess was welcoming but the servers were grumpy.,Staff Training (Food),Food
Not happy. Lizard on the ceiling.,Pest Control Investigation,Rooms
"Honestly, we were promised a complimentary drink but never got it.",Compensate Guest,Food
they demanded a cash deposit unexpectedly.,Review Check-in Process,Services
Housekeeper stole money from my wallet.,Disciplinary Action,Services
we were promised a complimentary drink but never got it.,Compensate Guest,Food
Review: Misunderstanding about the room rate caused issues.,Staff Communication Training,Services
Not enough vegetarian or vegan options. Terrible.,Revise Menu Quality,Food
Scum line around the edge of the pool.,Pool Maintenance,Recreation
"Feedback: Worst dining experience ever, I expect compensation.",Compensate Guest,Food
Action needed: The presentation of the dishes was poor.,Revise Menu Quality,Food
"Review: Dust everywhere, especially under the bed.",Deep Clean & Maintenance,Rooms
Not enough weights for a proper workout.,Update Gym Equipment,Recreation
Pool ladders are loose and dangerous. Terrible.,Pool Maintenance,Recreation
Action needed: Gym is too small for the number of guests.,Update Gym Equipment,Recreation
The dessert was stale and dry.,Revise Menu Quality,Food
Action needed: Charged 5 stars price for 1 star food.,Compensate Guest,Food
Dead bugs on the windowsill.,Deep Clean & Maintenance,Rooms
Seasonal dishes listed on the menu were not available. Terrible.,Revise Menu Quality,Food
Feedback: The menu options are very limited and boring.,Revise Menu Quality,Food
Action needed: Tennis coach didn't show up for the lesson.,Recreation Staff Review,Recreation
Not happy. The hostess was welcoming but the servers were grumpy.,Staff Training (Food),Food
Review: The presentation of the dishes was poor.,Revise Menu Quality,Food
Review: Activity director was rude to the guests.,Recreation Staff Review,Recreation
there was a strange object in the soup.,Inspect Kitchen Hygiene,Food
Feedback: Staff member was smoking right outside the lobby door.,Disciplinary Action,Services
"Honestly, the bill included a service charge that was not mentioned.",Compensate Guest,Food
Feedback: Staff got my order wrong three times.,Staff Training (Food),Food
"Review: Pool was freezing cold, heater broken.",Pool Maintenance,Recreation
They didn't tell us the pool was under maintenance. Terrible.,Staff Communication Training,Services
Not happy. Pool attendant refused to give me a towel.,Recreation Staff Review,Recreation
Feedback: Bartender was visibly drunk.,Disciplinary Action,Services
Not happy. Gym equipment is ancient and rusty.,Update Gym Equipment,Recreation
Not happy. No one told us about the construction noise.,Staff Communication Training,Services
"Not happy. Dust everywhere, especially under the bed.",Deep Clean & Maintenance,Rooms
Housekeeper stole money from my wallet.,Disciplinary Action,Services
Not happy. Tour guide gave us incorrect historical info.,Recreation Staff Review,Recreation
"too much chlorine in the pool, burned my eyes.",Pool Maintenance,Recreation
Action needed: No supervision in the children's play area.,Recreation Staff Review,Recreation
Review: The waiter spilled soup on me and didn't apologize.,Staff Training (Food),Food
Feedback: Minibar was empty and not working.,Upgrade Room Amenities,Rooms
Staff was arguing loudly in the hallway.,Disciplinary Action,Services
"Honestly, dust everywhere, especially under the bed.",Deep Clean & Maintenance,Rooms
"Honestly, the carpet was stained and smelled of mold.",Deep Clean & Maintenance,Rooms
"Honestly, there was a spider on the pillow.",Pest Control Investigation,Rooms
"Honestly, the steak was tough and flavorless.",Revise Menu Quality,Food
Review: They forgot to give us our wake-up call.,Staff Communication Training,Services
They charged us for items we didn't order. Terrible.,Compensate Guest,Food
Review: The toilet wasn't flushed when we arrived.,Deep Clean & Maintenance,Rooms
"Honestly, i got food poisoning after eating the seafood.",Inspect Kitchen Hygiene,Food
Action needed: Dead bugs on the windowsill.,Deep Clean & Maintenance,Rooms
Not happy. Windows were dirty and hard to see through.,Deep Clean & Maintenance,Rooms
spa therapist was chatting during the massage.,Recreation Staff Review,Recreation
Feedback: It took 45 minutes just to check in.,Review Check-in Process,Services
called reception but no one answered the phone.,Staff Communication Training,Services
Feedback: No one came to clear our table for 30 minutes.,Staff Training (Food),Food
Feedback: The salad was wilted and brown.,Inspect Kitchen Hygiene,Food
Review: Priority check-in for members was not honored.,Review Check-in Process,Services
flies buzzing around the room constantly.,Pest Control Investigation,Rooms
"the gym smells like sweat, no ventilation.",Update Gym Equipment,Recreation
Feedback: Valet scratched my car and denied it.,Disciplinary Action,Services
Feedback: Kids club staff seemed bored and inattentive.,Recreation Staff Review,Recreation
"Honestly, too much chlorine in the pool, burned my eyes.",Pool Maintenance,Recreation
Feedback: The hostess was welcoming but the servers were grumpy.,Staff Training (Food),Food
Review: System crashed during check-in.,Review Check-in Process,Services
Action needed: Found trash from previous guests in the drawer.,Deep Clean & Maintenance,Rooms
Not happy. Front desk staff gave us wrong information about breakfast.,Staff Communication Training,Services
Not happy. The salad was wilted and brown.,Inspect Kitchen Hygiene,Food
Not happy. Hygiene standards in the restaurant seem very low.,Inspect Kitchen Hygiene,Food
They charged us for items we didn't order. Terrible.,Compensate Guest,Food
Not happy. They refused to accept my voucher.,Compensate Guest,Food
flies buzzing around the room constantly.,Pest Control Investigation,Rooms
Review: Evidence of termites in the wooden furniture.,Pest Control Investigation,Rooms
staff seemed confused by the check-in software.,Review Check-in Process,Services
Action needed: System crashed during check-in.,Review Check-in Process,Services
Not happy. Asked for no onions but got onions anyway.,Staff Training (Food),Food
Room wasn't ready at 4 PM check-in time. Terrible.,Review Check-in Process,Services
"Honestly, the dessert was stale and dry.",Revise Menu Quality,Food
Dead bugs on the windowsill.,Deep Clean & Maintenance,Rooms
The buffet area looked unclean and messy. Terrible.,Inspect Kitchen Hygiene,Food
Action needed: Check-in line was huge and only one counter open.,Review Check-in Process,Services
Feedback: Evidence of termites in the wooden furniture.,Pest Control Investigation,Rooms
saw ants marching across the bathroom sink.,Pest Control Investigation,Rooms
"Feedback: Too much chlorine in the pool, burned my eyes.",Pool Maintenance,Recreation
"Honestly, the room smelled like stale cigarette smoke.",Deep Clean & Maintenance,Rooms
Not happy. Flies buzzing around the room constantly.,Pest Control Investigation,Rooms
staff got my order wrong three times.,Staff Training (Food),Food
Action needed: No one told us about the construction noise.,Staff Communication Training,Services
Not happy. The server was rude when I asked for water.,Staff Training (Food),Food
"Honestly, no water or towels available in the gym.",Update Gym Equipment,Recreation
"Honestly, they didn't tell us the pool was under maintenance.",Staff Communication Training,Services
Found trash from previous guests in the drawer.,Deep Clean & Maintenance,Rooms
Feedback: Food was cold when it arrived at the table.,Revise Menu Quality,Food
Feedback: Front desk staff gave us wrong information about breakfast.,Staff Communication Training,Services
Not happy. The menu options are very limited and boring.,Revise Menu Quality,Food
They couldn't find my booking in the system. Terrible.,Review Check-in Process,Services
We were promised a complimentary drink but never got it.,Compensate Guest,Food
Lobby is chaotic and disorganized. Terrible.,Review Check-in Process,Services
The dessert was stale and dry.,Revise Menu Quality,Food
"Honestly, the room is infested with insects.",Pest Control Investigation,Rooms
Feedback: The presentation of the dishes was poor.,Revise Menu Quality,Food
Review: Debris and leaves floating in the water.,Pool Maintenance,Recreation
Feedback: No supervision in the children's play area.,Recreation Staff Review,Recreation
Feedback: Treadmills were all out of order.,Update Gym Equipment,Recreation
Not happy. Asked for no onions but got onions anyway.,Staff Training (Food),Food
wifi signal is too weak to work in the room.,Upgrade Room Amenities,Rooms
The waiter spilled soup on me and didn't apologize.,Staff Training (Food),Food
Review: Staff member laughed at my complaint.,Disciplinary Action,Services
Feedback: The server was rude when I asked for water.,Staff Training (Food),Food
Review: The bathroom tiles had mold in the grout.,Deep Clean & Maintenance,Rooms
The furniture is worn out and chipped. Terrible.,Upgrade Room Amenities,Rooms
Not happy. Conflicting information from different staff members.,Staff Communication Training,Services
Conflicting information from different staff members. Terrible.,Staff Communication Training,Services
"Honestly, need better lighting, the room is too dim.",Upgrade Room Amenities,Rooms
Not happy. They refused to accept my voucher.,Compensate Guest,Food
Not happy. Staff didn't know the ingredients of the dishes.,Staff Training (Food),Food
Review: Cable machine is stuck and dangerous.,Update Gym Equipment,Recreation
I found a hair in my food. Terrible.,Inspect Kitchen Hygiene,Food
They charged us for items we didn't order.,Compensate Guest,Food
Review: Restaurant manager was shouting at the staff.,Staff Training (Food),Food
Review: Seasonal dishes listed on the menu were not available.,Revise Menu Quality,Food
the furniture is worn out and chipped.,Upgrade Room Amenities,Rooms
Action needed: Staff got my order wrong three times.,Staff Training (Food),Food
flies buzzing around the room constantly.,Pest Control Investigation,Rooms
"Honestly, gym equipment is ancient and rusty.",Update Gym Equipment,Recreation
Action needed: Elliptical machine makes a squeaking sound.,Update Gym Equipment,Recreation
Feedback: Seasonal dishes listed on the menu were not available.,Revise Menu Quality,Food
Review: Glass had lipstick marks on it.,Inspect Kitchen Hygiene,Food
The hairdryer provided is useless and overheating. Terrible.,Upgrade Room Amenities,Rooms
Called reception but no one answered the phone. Terrible.,Staff Communication Training,Services
"Honestly, conflicting information from different staff members.",Staff Communication Training,Services
Minibar was empty and not working. Terrible.,Upgrade Room Amenities,Rooms
Action needed: Treadmills were all out of order.,Update Gym Equipment,Recreation
Feedback: Activity director was rude to the guests.,Recreation Staff Review,Recreation
Feedback: The pasta was overcooked and mushy.,Revise Menu Quality,Food
Action needed: They couldn't find my booking in the system.,Review Check-in Process,Services
Tennis coach didn't show up for the lesson.,Recreation Staff Review,Recreation
kids club staff seemed bored and inattentive.,Recreation Staff Review,Recreation
Hygiene standards in the restaurant seem very low. Terrible.,Inspect Kitchen Hygiene,Food
Bartender was visibly drunk. Terrible.,Disciplinary Action,Services
Not happy. No iron or ironing board in the room.,Upgrade Room Amenities,Rooms
Not happy. The TV is tiny and has no channels.,Upgrade Room Amenities,Rooms
Feedback: Restaurant manager was shouting at the staff.,Staff Training (Food),Food
Action needed: The sheets had spots and didn't look fresh.,Deep Clean & Maintenance,Rooms
Not happy. No iron or ironing board in the room.,Upgrade Room Amenities,Rooms
Not happy. I got food poisoning after eating the seafood.,Inspect Kitchen Hygiene,Food
Not enough vegetarian or vegan options. Terrible.,Revise Menu Quality,Food
Review: Bellboy didn't explain how to use the key card.,Staff Communication Training,Services
Gym equipment is ancient and rusty.,Update Gym Equipment,Recreation
"Feedback: We waited 2 hours for our food, this is unacceptable.",Compensate Guest,Food
Not happy. I found a hair in my food.,Inspect Kitchen Hygiene,Food
Feedback: Food was cold when it arrived at the table.,Revise Menu Quality,Food
The waiter spilled soup on me and didn't apologize.,Staff Training (Food),Food
Feedback: Cable machine is stuck and dangerous.,Update Gym Equipment,Recreation
Not happy. Lifeguard was on their phone the whole time.,Recreation Staff Review,Recreation
"Honestly, charged 5 stars price for 1 star food.",Compensate Guest,Food
No supervision in the children's play area.,Recreation Staff Review,Recreation
Review: Unprofessional behavior from the night manager.,Disciplinary Action,Services
"Not happy. Need better lighting, the room is too dim.",Upgrade Room Amenities,Rooms
Our anniversary dinner was ruined by the terrible service. Terrible.,Compensate Guest,Food
Saw a cockroach near the kitchen entrance.,Inspect Kitchen Hygiene,Food
Feedback: Tennis coach didn't show up for the lesson.,Recreation Staff Review,Recreation
Action needed: Bellboy didn't explain how to use the key card.,Staff Communication Training,Services
treadmills were all out of order.,Update Gym Equipment,Recreation
Elliptical machine makes a squeaking sound. Terrible.,Update Gym Equipment,Recreation
Review: Concierge was unable to give simple directions.,Staff Communication Training,Services
Review: Seasonal dishes listed on the menu were not available.,Revise Menu Quality,Food
"Honestly, no supervision in the children's play area.",Recreation Staff Review,Recreation
Action needed: The room smelled like stale cigarette smoke.,Deep Clean & Maintenance,Rooms
the buffet area looked unclean and messy.,Inspect Kitchen Hygiene,Food
saw ants marching across the bathroom sink.,Pest Control Investigation,Rooms
Action needed: The steak was tough and flavorless.,Revise Menu Quality,Food
Review: I found a hair in my food.,Inspect Kitchen Hygiene,Food
Front desk staff gave us wrong information about breakfast. Terrible.,Staff Communication Training,Services
"Honestly, cable machine is stuck and dangerous.",Update Gym Equipment,Recreation
Priority check-in for members was not honored.,Review Check-in Process,Services
Feedback: Evidence of termites in the wooden furniture.,Pest Control Investigation,Rooms
"Honestly, there was a spider on the pillow.",Pest Control Investigation,Rooms
Feedback: Water looked stagnant and dirty.,Pool Maintenance,Recreation
Feedback: The furniture is worn out and chipped.,Upgrade Room Amenities,Rooms
Feedback: They refused to accept my voucher.,Compensate Guest,Food
spa therapist was chatting during the massage.,Recreation Staff Review,Recreation
Not happy. Unprofessional behavior from the night manager.,Disciplinary Action,Services
Not happy. Restaurant manager was shouting at the staff.,Staff Training (Food),Food
Review: There was a spider on the pillow.,Pest Control Investigation,Rooms
"towels are thin, scratchy, and old.",Upgrade Room Amenities,Rooms
"Not happy. The gym smells like sweat, no ventilation.",Update Gym Equipment,Recreation
Feedback: The carpet was stained and smelled of mold.,Deep Clean & Maintenance,Rooms
"Action needed: Dust everywhere, especially under the bed.",Deep Clean & Maintenance,Rooms
There was a strange object in the soup. Terrible.,Inspect Kitchen Hygiene,Food
Action needed: I found a hair in my food.,Inspect Kitchen Hygiene,Food
"Honestly, dead bugs on the windowsill.",Deep Clean & Maintenance,Rooms
Evidence of termites in the wooden furniture.,Pest Control Investigation,Rooms
Action needed: Waiters were ignoring us and chatting among themselves.,Staff Training (Food),Food
"Towels are thin, scratchy, and old. Terrible.",Upgrade Room Amenities,Rooms
Feedback: Tennis coach didn't show up for the lesson.,Recreation Staff Review,Recreation
Review:  Filtration system was making a loud noise.,Pool Maintenance,Recreation
Action needed: The salad was wilted and brown.,Inspect Kitchen Hygiene,Food
Action needed: They didn't tell us the pool was under maintenance.,Staff Communication Training,Services
Tennis coach didn't show up for the lesson. Terrible.,Recreation Staff Review,Recreation
restaurant manager was shouting at the staff.,Staff Training (Food),Food
Review: I think I saw a mouse behind the curtain.,Pest Control Investigation,Rooms
Review: Kids club staff seemed bored and inattentive.,Recreation Staff Review,Recreation
"Honestly, the server was rude when i asked for water.",Staff Training (Food),Food
Feedback: Room wasn't ready at 4 PM check-in time.,Review Check-in Process,Services
"Honestly, elliptical machine makes a squeaking sound.",Update Gym Equipment,Recreation
"Action needed: Need better lighting, the room is too dim.",Upgrade Room Amenities,Rooms
Feedback: Pool shower wasn't working.,Pool Maintenance,Recreation
Feedback: They charged us for items we didn't order.,Compensate Guest,Food
"Honestly, the furniture is worn out and chipped.",Upgrade Room Amenities,Rooms
Review: They couldn't find my booking in the system.,Review Check-in Process,Services
Not happy. Restaurant manager was shouting at the staff.,Staff Training (Food),Food
Feedback: Evidence of termites in the wooden furniture.,Pest Control Investigation,Rooms
Review: The server was rude when I asked for water.,Staff Training (Food),Food
Review: Gym is too small for the number of guests.,Update Gym Equipment,Recreation
the food tasted slightly spoiled and smelled bad.,Inspect Kitchen Hygiene,Food
the menu options are very limited and boring.,Revise Menu Quality,Food
Action needed: Room wasn't ready at 4 PM check-in time.,Review Check-in Process,Services
"Feedback: The gym smells like sweat, no ventilation.",Update Gym Equipment,Recreation
Not happy. The carpet was stained and smelled of mold.,Deep Clean & Maintenance,Rooms
Feedback: They didn't tell us the pool was under maintenance.,Staff Communication Training,Services
"Honestly, i got food poisoning after eating the seafood.",Inspect Kitchen Hygiene,Food
Review: Dead bugs on the windowsill.,Deep Clean & Maintenance,Rooms
Review: Concierge was unable to give simple directions.,Staff Communication Training,Services
Not happy. Security guard was sleeping on the job.,Disciplinary Action,Services
"Action needed: Worst dining experience ever, I expect compensation.",Compensate Guest,Food
Feedback: Restaurant manager was shouting at the staff.,Staff Training (Food),Food
Spa therapist was chatting during the massage. Terrible.,Recreation Staff Review,Recreation
The coffee was burnt and bitter. Terrible.,Revise Menu Quality,Food
Not happy. Lifeguard was on their phone the whole time.,Recreation Staff Review,Recreation
Windows were dirty and hard to see through.,Deep Clean & Maintenance,Rooms
Action needed: Food was cold when it arrived at the table.,Revise Menu Quality,Food
"Honestly, gym equipment is ancient and rusty.",Update Gym Equipment,Recreation
Bed bugs bit me all over my legs.,Pest Control Investigation,Rooms
Action needed: Staff didn't know the ingredients of the dishes.,Staff Training (Food),Food
The TV is tiny and has no channels.,Upgrade Room Amenities,Rooms
Not happy. Staff member laughed at my complaint.,Disciplinary Action,Services
asked for no onions but got onions anyway.,Staff Training (Food),Food
Action needed: Pool ladders are loose and dangerous.,Pool Maintenance,Recreation
Feedback: Debris and leaves floating in the water.,Pool Maintenance,Recreation
They refused to accept my voucher.,Compensate Guest,Food
Bed bugs bit me all over my legs.,Pest Control Investigation,Rooms
Action needed: I got food poisoning after eating the seafood.,Inspect Kitchen Hygiene,Food
Feedback: Debris and leaves floating in the water.,Pool Maintenance,Recreation
Feedback: Cockroach in the shower.,Pest Control Investigation,Rooms
Action needed: Beach staff demanded tips for chairs.,Recreation Staff Review,Recreation
The hairdryer provided is useless and overheating. Terrible.,Upgrade Room Amenities,Rooms
"Honestly, the hairdryer provided is useless and overheating.",Upgrade Room Amenities,Rooms
Employee was on their phone ignoring guests.,Disciplinary Action,Services
the steak was tough and flavorless.,Revise Menu Quality,Food
"Action needed: We waited 2 hours for our food, this is unacceptable.",Compensate Guest,Food
"Honestly, charged 5 stars price for 1 star food.",Compensate Guest,Food
Review: There was a spider on the pillow.,Pest Control Investigation,Rooms
They refused to accept my voucher. Terrible.,Compensate Guest,Food
Room wasn't ready at 4 PM check-in time. Terrible.,Review Check-in Process,Services
Action needed: Everything tastes like frozen food reheated.,Revise Menu Quality,Food
Review: Hygiene standards in the restaurant seem very low.,Inspect Kitchen Hygiene,Food
Feedback: The concierge made a rude comment about my appearance.,Disciplinary Action,Services
Feedback: The menu options are very limited and boring.,Revise Menu Quality,Food
Staff got my order wrong three times. Terrible.,Staff Training (Food),Food
Saw ants marching across the bathroom sink.,Pest Control Investigation,Rooms
"Too much chlorine in the pool, burned my eyes.",Pool Maintenance,Recreation
Bellboy didn't explain how to use the key card.,Staff Communication Training,Services
Not happy.  Filtration system was making a loud noise.,Pool Maintenance,Recreation
"Honestly, called reception but no one answered the phone.",Staff Communication Training,Services
Not happy. The pasta was overcooked and mushy.,Revise Menu Quality,Food
Review: They charged us for items we didn't order.,Compensate Guest,Food
Not happy. No one told us about the construction noise.,Staff Communication Training,Services
i got food poisoning after eating the seafood.,Inspect Kitchen Hygiene,Food
Action needed: They charged us for items we didn't order.,Compensate Guest,Food
"Honestly,  filtration system was making a loud noise.",Pool Maintenance,Recreation
Action needed: Scum line around the edge of the pool.,Pool Maintenance,Recreation
Action needed: Bed bugs bit me all over my legs.,Pest Control Investigation,Rooms
Feedback: Kids club staff seemed bored and inattentive.,Recreation Staff Review,Recreation
i think i saw a mouse behind the curtain.,Pest Control Investigation,Rooms
i found a hair in my food.,Inspect Kitchen Hygiene,Food
WiFi signal is too weak to work in the room. Terrible.,Upgrade Room Amenities,Rooms
Action needed: System crashed during check-in.,Review Check-in Process,Services
Pool attendant refused to give me a towel.,Recreation Staff Review,Recreation
they refused to accept my voucher.,Compensate Guest,Food
"Honestly, mosquitoes in the room kept me up all night.",Pest Control Investigation,Rooms
Review: Debris and leaves floating in the water.,Pool Maintenance,Recreation
The hairdryer provided is useless and overheating.,Upgrade Room Amenities,Rooms
"Honestly, the coffee was burnt and bitter.",Revise Menu Quality,Food
"Honestly, tiles around the pool are broken and sharp.",Pool Maintenance,Recreation
Feedback: The pillows are lumpy and uncomfortable.,Upgrade Room Amenities,Rooms
Action needed: Mosquitoes in the room kept me up all night.,Pest Control Investigation,Rooms
"We waited 2 hours for our food, this is unacceptable.",Compensate Guest,Food
Review: Staff didn't know the ingredients of the dishes.,Staff Training (Food),Food
the menu options are very limited and boring.,Revise Menu Quality,Food
Room wasn't ready at 4 PM check-in time.,Review Check-in Process,Services
"Honestly, i want a refund for this terrible meal.",Compensate Guest,Food
Staff seemed confused by the check-in software. Terrible.,Review Check-in Process,Services
"Not happy. Dust everywhere, especially under the bed.",Deep Clean & Maintenance,Rooms
"Action needed: The gym smells like sweat, no ventilation.",Update Gym Equipment,Recreation
Feedback: Mosquitoes in the room kept me up all night.,Pest Control Investigation,Rooms
Saw ants marching across the bathroom sink. Terrible.,Pest Control Investigation,Rooms
there was a strange object in the soup.,Inspect Kitchen Hygiene,Food
"Pool was freezing cold, heater broken.",Pool Maintenance,Recreation
Feedback: Curtains were dusty and triggered my allergies.,Deep Clean & Maintenance,Rooms
The steak was tough and flavorless.,Revise Menu Quality,Food
The buffet area looked unclean and messy.,Inspect Kitchen Hygiene,Food
"Honestly, minibar was empty and not working.",Upgrade Room Amenities,Rooms
Bartender was visibly drunk. Terrible.,Disciplinary Action,Services
valet scratched my car and denied it.,Disciplinary Action,Services
staff was arguing loudly in the hallway.,Disciplinary Action,Services
There was a strange object in the soup. Terrible.,Inspect Kitchen Hygiene,Food
Feedback: Staff didn't know the ingredients of the dishes.,Staff Training (Food),Food
Concierge was unable to give simple directions.,Staff Communication Training,Services
Feedback:  Filtration system was making a loud noise.,Pool Maintenance,Recreation
Feedback: Service in the restaurant was incredibly slow.,Staff Training (Food),Food
Not happy. Food was cold when it arrived at the table.,Revise Menu Quality,Food
"Honestly, employee was on their phone ignoring guests.",Disciplinary Action,Services
"Worst dining experience ever, I expect compensation. Terrible.",Compensate Guest,Food
the server was rude when i asked for water.,Staff Training (Food),Food
Review: There was a spider on the pillow.,Pest Control Investigation,Rooms
the plates were dirty and had leftover food stains.,Inspect Kitchen Hygiene,Food
flies buzzing around the room constantly.,Pest Control Investigation,Rooms
Not happy. Staff member laughed at my complaint.,Disciplinary Action,Services
"Action needed: Towels are thin, scratchy, and old.",Upgrade Room Amenities,Rooms
staff seemed confused by the check-in software.,Review Check-in Process,Services
Feedback: The bill included a service charge that was not mentioned.,Compensate Guest,Food
Not happy. Minibar was empty and not working.,Upgrade Room Amenities,Rooms
The coffee was burnt and bitter.,Revise Menu Quality,Food
water looked stagnant and dirty.,Pool Maintenance,Recreation
Not happy. Not enough weights for a proper workout.,Update Gym Equipment,Recreation
"dust everywhere, especially under the bed.",Deep Clean & Maintenance,Rooms
Review: Lobby is chaotic and disorganized.,Review Check-in Process,Services
Waiters were ignoring us and chatting among themselves. Terrible.,Staff Training (Food),Food
"Honestly, they didn't tell us the pool was under maintenance.",Staff Communication Training,Services
"Honestly, gym is too small for the number of guests.",Update Gym Equipment,Recreation
the carpet was stained and smelled of mold.,Deep Clean & Maintenance,Rooms
Feedback: They didn't tell us the pool was under maintenance.,Staff Communication Training,Services
Action needed: Service in the restaurant was incredibly slow.,Staff Training (Food),Food
Action needed: Staff got my order wrong three times.,Staff Training (Food),Food
"Honestly, no one told us about the construction noise.",Staff Communication Training,Services
Action needed: Lizard on the ceiling.,Pest Control Investigation,Rooms
Front desk staff gave us wrong information about breakfast.,Staff Communication Training,Services
Found trash from previous guests in the drawer. Terrible.,Deep Clean & Maintenance,Rooms
Feedback: Glass had lipstick marks on it.,Inspect Kitchen Hygiene,Food
pool attendant refused to give me a towel.,Recreation Staff Review,Recreation
Feedback: I want a refund for this terrible meal.,Compensate Guest,Food
Feedback: Elliptical machine makes a squeaking sound.,Update Gym Equipment,Recreation
The server was rude when I asked for water. Terrible.,Staff Training (Food),Food
bellboy didn't explain how to use the key card.,Staff Communication Training,Services
They didn't tell us the pool was under maintenance. Terrible.,Staff Communication Training,Services
Feedback: The toilet wasn't flushed when we arrived.,Deep Clean & Maintenance,Rooms
Feedback: System crashed during check-in.,Review Check-in Process,Services
no iron or ironing board in the room.,Upgrade Room Amenities,Rooms
housekeeper stole money from my wallet.,Disciplinary Action,Services
Review: Treadmills were all out of order.,Update Gym Equipment,Recreation
"Honestly, it took 45 minutes just to check in.",Review Check-in Process,Services
"Honestly, charged 5 stars price for 1 star food.",Compensate Guest,Food
"Honestly, concierge was unable to give simple directions.",Staff Communication Training,Services
Feedback: Priority check-in for members was not honored.,Review Check-in Process,Services
not enough weights for a proper workout.,Update Gym Equipment,Recreation
"Honestly, bartender was visibly drunk.",Disciplinary Action,Services
Not happy. The toilet wasn't flushed when we arrived.,Deep Clean & Maintenance,Rooms
I want a refund for this terrible meal.,Compensate Guest,Food
Feedback: No water or towels available in the gym.,Update Gym Equipment,Recreation
Review: Cockroach in the shower.,Pest Control Investigation,Rooms
No one told us about the construction noise. Terrible.,Staff Communication Training,Services
Bike seat is broken.,Update Gym Equipment,Recreation
Feedback: Staff member was smoking right outside the lobby door.,Disciplinary Action,Services
Review: Lobby is chaotic and disorganized.,Review Check-in Process,Services
Feedback: They charged us for items we didn't order.,Compensate Guest,Food
Review: Scum line around the edge of the pool.,Pool Maintenance,Recreation
Review: Concierge was unable to give simple directions.,Staff Communication Training,Services
Action needed: The pool water was cloudy and green.,Pool Maintenance,Recreation
They couldn't find my booking in the system. Terrible.,Review Check-in Process,Services
No water or towels available in the gym.,Update Gym Equipment,Recreation
Review: Windows were dirty and hard to see through.,Deep Clean & Maintenance,Rooms
Feedback: Elliptical machine makes a squeaking sound.,Update Gym Equipment,Recreation
Not happy. The concierge made a rude comment about my appearance.,Disciplinary Action,Services
Action needed: They charged us for items we didn't order.,Compensate Guest,Food
no one came to clear our table for 30 minutes.,Staff Training (Food),Food
Action needed: We were promised a complimentary drink but never got it.,Compensate Guest,Food
Review: Our anniversary dinner was ruined by the terrible service.,Compensate Guest,Food
Not happy. No water or towels available in the gym.,Update Gym Equipment,Recreation
Not happy. Bartender was visibly drunk.,Disciplinary Action,Services
scum line around the edge of the pool.,Pool Maintenance,Recreation
Feedback: The room smelled like stale cigarette smoke.,Deep Clean & Maintenance,Rooms
Action needed: Glass had lipstick marks on it.,Inspect Kitchen Hygiene,Food
No iron or ironing board in the room. Terrible.,Upgrade Room Amenities,Rooms
Not happy. I got food poisoning after eating the seafood.,Inspect Kitchen Hygiene,Food
"Honestly, spa therapist was chatting during the massage.",Recreation Staff Review,Recreation
Review: Bed bugs bit me all over my legs.,Pest Control Investigation,Rooms
Tennis coach didn't show up for the lesson.,Recreation Staff Review,Recreation
Feedback: They charged us for items we didn't order.,Compensate Guest,Food
Action needed: No one came to clear our table for 30 minutes.,Staff Training (Food),Food
Review: Staff was arguing loudly in the hallway.,Disciplinary Action,Services
pool attendant refused to give me a towel.,Recreation Staff Review,Recreation
Review: They charged us for items we didn't order.,Compensate Guest,Food
Feedback: Charged 5 stars price for 1 star food.,Compensate Guest,Food
Not happy. Found trash from previous guests in the drawer.,Deep Clean & Maintenance,Rooms
Review: They demanded a cash deposit unexpectedly.,Review Check-in Process,Services
Tour guide gave us incorrect historical info. Terrible.,Recreation Staff Review,Recreation
"Honestly, the dessert was stale and dry.",Revise Menu Quality,Food
Review: Activity director was rude to the guests.,Recreation Staff Review,Recreation
Review: Beach staff demanded tips for chairs.,Recreation Staff Review,Recreation
They charged us for items we didn't order. Terrible.,Compensate Guest,Food
Feedback: They charged us for items we didn't order.,Compensate Guest,Food
Feedback: Glass had lipstick marks on it.,Inspect Kitchen Hygiene,Food
Action needed: Flies buzzing around the room constantly.,Pest Control Investigation,Rooms
Misunderstanding about the room rate caused issues.,Staff Communication Training,Services
Review: Activity director was rude to the guests.,Recreation Staff Review,Recreation
Action needed: Windows were dirty and hard to see through.,Deep Clean & Maintenance,Rooms
Entertainment team was low energy and boring.,Recreation Staff Review,Recreation
Feedback: The sheets had spots and didn't look fresh.,Deep Clean & Maintenance,Rooms
"Honestly, saw a cockroach near the kitchen entrance.",Inspect Kitchen Hygiene,Food
"Not happy. Staff speaks very poor English, hard to communicate.",Staff Communication Training,Services
the steak was tough and flavorless.,Revise Menu Quality,Food
Not happy. Activity director was rude to the guests.,Recreation Staff Review,Recreation
Not enough weights for a proper workout. Terrible.,Update Gym Equipment,Recreation
Staff got my order wrong three times. Terrible.,Staff Training (Food),Food
Not happy. Called reception but no one answered the phone.,Staff Communication Training,Services
Conflicting information from different staff members. Terrible.,Staff Communication Training,Services
Action needed: They demanded a cash deposit unexpectedly.,Review Check-in Process,Services
Action needed: Yoga mats are torn and dirty.,Update Gym Equipment,Recreation
"Staff speaks very poor English, hard to communicate. Terrible.",Staff Communication Training,Services
Feedback: Our anniversary dinner was ruined by the terrible service.,Compensate Guest,Food
Not happy. The buffet area looked unclean and messy.,Inspect Kitchen Hygiene,Food
Feedback: Conflicting information from different staff members.,Staff Communication Training,Services
Not happy. The steak was tough and flavorless.,Revise Menu Quality,Food
Feedback: Food was cold when it arrived at the table.,Revise Menu Quality,Food
"Honestly, the server was rude when i asked for water.",Staff Training (Food),Food
"Honestly, i got food poisoning after eating the seafood.",Inspect Kitchen Hygiene,Food
Feedback: Beach staff demanded tips for chairs.,Recreation Staff Review,Recreation
No water or towels available in the gym. Terrible.,Update Gym Equipment,Recreation
Action needed: Water looked stagnant and dirty.,Pool Maintenance,Recreation
Not happy. The toilet wasn't flushed when we arrived.,Deep Clean & Maintenance,Rooms
The plates were dirty and had leftover food stains.,Inspect Kitchen Hygiene,Food
Action needed: They forgot to give us our wake-up call.,Staff Communication Training,Services
Action needed: They refused to accept my voucher.,Compensate Guest,Food
Staff seemed confused by the check-in software. Terrible.,Review Check-in Process,Services
Gym is too small for the number of guests.,Update Gym Equipment,Recreation
"Honestly, tiles around the pool are broken and sharp.",Pool Maintenance,Recreation
"Honestly, the bathroom tiles had mold in the grout.",Deep Clean & Maintenance,Rooms
The menu options are very limited and boring. Terrible.,Revise Menu Quality,Food
"Review: Too much chlorine in the pool, burned my eyes.",Pool Maintenance,Recreation
"Honestly, found trash from previous guests in the drawer.",Deep Clean & Maintenance,Rooms
"Honestly, front desk staff gave us wrong information about breakfast.",Staff Communication Training,Services
Action needed: Charged 5 stars price for 1 star food.,Compensate Guest,Food
Review: WiFi signal is too weak to work in the room.,Upgrade Room Amenities,Rooms
Not happy. Seasonal dishes listed on the menu were not available.,Revise Menu Quality,Food
I found a hair in my food.,Inspect Kitchen Hygiene,Food
Review: The bill included a service charge that was not mentioned.,Compensate Guest,Food
Action needed: The bill included a service charge that was not mentioned.,Compensate Guest,Food
Check-in line was huge and only one counter open.,Review Check-in Process,Services
Not happy. Charged 5 stars price for 1 star food.,Compensate Guest,Food
"Honestly, pool shower wasn't working.",Pool Maintenance,Recreation
saw a cockroach near the kitchen entrance.,Inspect Kitchen Hygiene,Food
kids club staff seemed bored and inattentive.,Recreation Staff Review,Recreation
Review: Flies buzzing around the room constantly.,Pest Control Investigation,Rooms
Not happy. Air conditioner is loud and barely cools the room.,Upgrade Room Amenities,Rooms
No one came to clear our table for 30 minutes.,Staff Training (Food),Food
the steak was tough and flavorless.,Revise Menu Quality,Food
Not happy. They forgot to give us our wake-up call.,Staff Communication Training,Services
Action needed: The coffee was burnt and bitter.,Revise Menu Quality,Food
They refused to accept my voucher.,Compensate Guest,Food
hygiene standards in the restaurant seem very low.,Inspect Kitchen Hygiene,Food
Saw a cockroach near the kitchen entrance.,Inspect Kitchen Hygiene,Food
Not happy. Staff seemed confused by the check-in software.,Review Check-in Process,Services
they forgot to give us our wake-up call.,Staff Communication Training,Services
Not happy. Saw ants marching across the bathroom sink.,Pest Control Investigation,Rooms
Not happy. Beach staff demanded tips for chairs.,Recreation Staff Review,Recreation
Review: Staff was arguing loudly in the hallway.,Disciplinary Action,Services
Action needed: Waiters were ignoring us and chatting among themselves.,Staff Training (Food),Food
the coffee was burnt and bitter.,Revise Menu Quality,Food
Not happy. Water looked stagnant and dirty.,Pool Maintenance,Recreation
Not happy. Lifeguard was on their phone the whole time.,Recreation Staff Review,Recreation
Feedback: Priority check-in for members was not honored.,Review Check-in Process,Services
Review: Debris and leaves floating in the water.,Pool Maintenance,Recreation
Pool shower wasn't working. Terrible.,Pool Maintenance,Recreation
Feedback: Lifeguard was on their phone the whole time.,Recreation Staff Review,Recreation
Review: The carpet was stained and smelled of mold.,Deep Clean & Maintenance,Rooms
Action needed: Spa therapist was chatting during the massage.,Recreation Staff Review,Recreation
Feedback: Found trash from previous guests in the drawer.,Deep Clean & Maintenance,Rooms
"Honestly, no supervision in the children's play area.",Recreation Staff Review,Recreation
Feedback: Valet scratched my car and denied it.,Disciplinary Action,Services
Pool attendant refused to give me a towel.,Recreation Staff Review,Recreation
misunderstanding about the room rate caused issues.,Staff Communication Training,Services
Our anniversary dinner was ruined by the terrible service. Terrible.,Compensate Guest,Food
Entertainment team was low energy and boring. Terrible.,Recreation Staff Review,Recreation
Action needed: WiFi signal is too weak to work in the room.,Upgrade Room Amenities,Rooms
Action needed: Staff member laughed at my complaint.,Disciplinary Action,Services
They couldn't find my booking in the system.,Review Check-in Process,Services
service in the restaurant was incredibly slow.,Staff Training (Food),Food
Staff member laughed at my complaint. Terrible.,Disciplinary Action,Services
"Honestly, asked for no onions but got onions anyway.",Staff Training (Food),Food
check-in line was huge and only one counter open.,Review Check-in Process,Services
Not enough vegetarian or vegan options. Terrible.,Revise Menu Quality,Food
Feedback: The hostess was welcoming but the servers were grumpy.,Staff Training (Food),Food
Action needed: The concierge made a rude comment about my appearance.,Disciplinary Action,Services
Windows were dirty and hard to see through. Terrible.,Deep Clean & Maintenance,Rooms
Priority check-in for members was not honored. Terrible.,Review Check-in Process,Services
Staff member laughed at my complaint. Terrible.,Disciplinary Action,Services
Action needed: The room smelled like stale cigarette smoke.,Deep Clean & Maintenance,Rooms
Not happy. Cockroach in the shower.,Pest Control Investigation,Rooms
"Honestly, the salad was wilted and brown.",Inspect Kitchen Hygiene,Food
Gym is too small for the number of guests.,Update Gym Equipment,Recreation
Not happy. Everything tastes like frozen food reheated.,Revise Menu Quality,Food
Action needed: Seasonal dishes listed on the menu were not available.,Revise Menu Quality,Food
Action needed: Evidence of termites in the wooden furniture.,Pest Control Investigation,Rooms
Review: The presentation of the dishes was poor.,Revise Menu Quality,Food
"Honestly, flies buzzing around the room constantly.",Pest Control Investigation,Rooms
Not happy. The hairdryer provided is useless and overheating.,Upgrade Room Amenities,Rooms
"Honestly, pool was freezing cold, heater broken.",Pool Maintenance,Recreation
Feedback: The bathroom tiles had mold in the grout.,Deep Clean & Maintenance,Rooms
Action needed: Staff got my order wrong three times.,Staff Training (Food),Food
Dead bugs on the windowsill.,Deep Clean & Maintenance,Rooms
Not happy. Gym equipment is ancient and rusty.,Update Gym Equipment,Recreation
Tennis coach didn't show up for the lesson. Terrible.,Recreation Staff Review,Recreation
bike seat is broken.,Update Gym Equipment,Recreation
Mosquitoes in the room kept me up all night.,Pest Control Investigation,Rooms
"towels are thin, scratchy, and old.",Upgrade Room Amenities,Rooms
Action needed: Lizard on the ceiling.,Pest Control Investigation,Rooms
I got food poisoning after eating the seafood. Terrible.,Inspect Kitchen Hygiene,Food
activity director was rude to the guests.,Recreation Staff Review,Recreation
Feedback: Our anniversary dinner was ruined by the terrible service.,Compensate Guest,Food
They charged us for items we didn't order. Terrible.,Compensate Guest,Food
Action needed: The menu options are very limited and boring.,Revise Menu Quality,Food
"Not happy. Towels are thin, scratchy, and old.",Upgrade Room Amenities,Rooms
"Honestly, the pasta was overcooked and mushy.",Revise Menu Quality,Food
Feedback: Valet scratched my car and denied it.,Disciplinary Action,Services
Feedback: The concierge made a rude comment about my appearance.,Disciplinary Action,Services
Not happy. Pool ladders are loose and dangerous.,Pool Maintenance,Recreation
"Honestly, the pillows are lumpy and uncomfortable.",Upgrade Room Amenities,Rooms
Review: Food was cold when it arrived at the table.,Revise Menu Quality,Food
Review: Yoga mats are torn and dirty.,Update Gym Equipment,Recreation
Action needed: Pool attendant refused to give me a towel.,Recreation Staff Review,Recreation
"Honestly, bellboy didn't explain how to use the key card.",Staff Communication Training,Services
WiFi signal is too weak to work in the room. Terrible.,Upgrade Room Amenities,Rooms
Not happy. No one came to clear our table for 30 minutes.,Staff Training (Food),Food
Feedback: Priority check-in for members was not honored.,Review Check-in Process,Services
Gym is too small for the number of guests. Terrible.,Update Gym Equipment,Recreation
Action needed: The pool water was cloudy and green.,Pool Maintenance,Recreation
"Honestly, food was cold when it arrived at the table.",Revise Menu Quality,Food
Not happy. Curtains were dusty and triggered my allergies.,Deep Clean & Maintenance,Rooms
"Honestly, not enough weights for a proper workout.",Update Gym Equipment,Recreation
Not happy. The coffee was burnt and bitter.,Revise Menu Quality,Food
Review: Dead bugs on the windowsill.,Deep Clean & Maintenance,Rooms
Review: The presentation of the dishes was poor.,Revise Menu Quality,Food
Bellboy didn't explain how to use the key card.,Staff Communication Training,Services
Action needed: Saw a cockroach near the kitchen entrance.,Inspect Kitchen Hygiene,Food
Action needed: System crashed during check-in.,Review Check-in Process,Services
Employee was on their phone ignoring guests. Terrible.,Disciplinary Action,Services
 Filtration system was making a loud noise. Terrible.,Pool Maintenance,Recreation
the steak was tough and flavorless.,Revise Menu Quality,Food
Not happy. Water looked stagnant and dirty.,Pool Maintenance,Recreation
pool ladders are loose and dangerous.,Pool Maintenance,Recreation
"Honestly, misunderstanding about the room rate caused issues.",Staff Communication Training,Services
Action needed: No one came to clear our table for 30 minutes.,Staff Training (Food),Food
Feedback: I think I saw a mouse behind the curtain.,Pest Control Investigation,Rooms
Review: Not enough weights for a proper workout.,Update Gym Equipment,Recreation
Called reception but no one answered the phone. Terrible.,Staff Communication Training,Services
"Need better lighting, the room is too dim. Terrible.",Upgrade Room Amenities,Rooms
Feedback: Employee was on their phone ignoring guests.,Disciplinary Action,Services
Front desk staff gave us wrong information about breakfast. Terrible.,Staff Communication Training,Services
the carpet was stained and smelled of mold.,Deep Clean & Maintenance,Rooms
Not happy. Windows were dirty and hard to see through.,Deep Clean & Maintenance,Rooms
Staff got my order wrong three times.,Staff Training (Food),Food
Action needed: Air conditioner is loud and barely cools the room.,Upgrade Room Amenities,Rooms
I found a hair in my food. Terrible.,Inspect Kitchen Hygiene,Food
they refused to accept my voucher.,Compensate Guest,Food
Review: The salad was wilted and brown.,Inspect Kitchen Hygiene,Food
Bed bugs bit me all over my legs. Terrible.,Pest Control Investigation,Rooms
Feedback: Air conditioner is loud and barely cools the room.,Upgrade Room Amenities,Rooms
No one came to clear our table for 30 minutes.,Staff Training (Food),Food
Feedback: Conflicting information from different staff members.,Staff Communication Training,Services
minibar was empty and not working.,Upgrade Room Amenities,Rooms
"Towels are thin, scratchy, and old.",Upgrade Room Amenities,Rooms
Hygiene standards in the restaurant seem very low. Terrible.,Inspect Kitchen Hygiene,Food
Action needed: Windows were dirty and hard to see through.,Deep Clean & Maintenance,Rooms
Lizard on the ceiling.,Pest Control Investigation,Rooms
"Honestly, they demanded a cash deposit unexpectedly.",Review Check-in Process,Services
"Honestly, staff speaks very poor english, hard to communicate.",Staff Communication Training,Services
priority check-in for members was not honored.,Review Check-in Process,Services
Review: Pool shower wasn't working.,Pool Maintenance,Recreation
security guard was sleeping on the job.,Disciplinary Action,Services
Flies buzzing around the room constantly. Terrible.,Pest Control Investigation,Rooms
Lifeguard was on their phone the whole time.,Recreation Staff Review,Recreation
Not happy. Charged 5 stars price for 1 star food.,Compensate Guest,Food
Elliptical machine makes a squeaking sound.,Update Gym Equipment,Recreation
Not happy. The buffet area looked unclean and messy.,Inspect Kitchen Hygiene,Food
Action needed: Saw a cockroach near the kitchen entrance.,Inspect Kitchen Hygiene,Food
"Honestly, staff was arguing loudly in the hallway.",Disciplinary Action,Services
Not happy. No iron or ironing board in the room.,Upgrade Room Amenities,Rooms
Bartender was visibly drunk.,Disciplinary Action,Services
Not happy. Cable machine is stuck and dangerous.,Update Gym Equipment,Recreation
"Honestly, room wasn't ready at 4 pm check-in time.",Review Check-in Process,Services
Review: Misunderstanding about the room rate caused issues.,Staff Communication Training,Services
Feedback: Pool ladders are loose and dangerous.,Pool Maintenance,Recreation
Review: Kids club staff seemed bored and inattentive.,Recreation Staff Review,Recreation
"Honestly, no water or towels available in the gym.",Update Gym Equipment,Recreation
They didn't tell us the pool was under maintenance.,Staff Communication Training,Services
Action needed:  Filtration system was making a loud noise.,Pool Maintenance,Recreation
Action needed: It took 45 minutes just to check in.,Review Check-in Process,Services
"Not happy. Staff speaks very poor English, hard to communicate.",Staff Communication Training,Services
Feedback: Not enough weights for a proper workout.,Update Gym Equipment,Recreation
Review: Tour guide gave us incorrect historical info.,Recreation Staff Review,Recreation
kids club staff seemed bored and inattentive.,Recreation Staff Review,Recreation
Bed bugs bit me all over my legs. Terrible.,Pest Control Investigation,Rooms
Feedback: Pool shower wasn't working.,Pool Maintenance,Recreation
"we waited 2 hours for our food, this is unacceptable.",Compensate Guest,Food
The pasta was overcooked and mushy. Terrible.,Revise Menu Quality,Food
"Honestly, the toilet wasn't flushed when we arrived.",Deep Clean & Maintenance,Rooms
"Honestly, no iron or ironing board in the room.",Upgrade Room Amenities,Rooms
Tiles around the pool are broken and sharp. Terrible.,Pool Maintenance,Recreation
"Action needed: Staff speaks very poor English, hard to communicate.",Staff Communication Training,Services
Feedback: Found trash from previous guests in the drawer.,Deep Clean & Maintenance,Rooms
No supervision in the children's play area. Terrible.,Recreation Staff Review,Recreation
"The gym smells like sweat, no ventilation. Terrible.",Update Gym Equipment,Recreation
i got food poisoning after eating the seafood.,Inspect Kitchen Hygiene,Food
Review: The bill included a service charge that was not mentioned.,Compensate Guest,Food
Feedback: Activity director was rude to the guests.,Recreation Staff Review,Recreation
They refused to accept my voucher.,Compensate Guest,Food
"Honestly, no iron or ironing board in the room.",Upgrade Room Amenities,Rooms
Feedback: The hairdryer provided is useless and overheating.,Upgrade Room Amenities,Rooms
The server was rude when I asked for water. Terrible.,Staff Training (Food),Food
Gym equipment is ancient and rusty. Terrible.,Update Gym Equipment,Recreation
"Honestly, the pool water was cloudy and green.",Pool Maintenance,Recreation
Feedback: Room wasn't ready at 4 PM check-in time.,Review Check-in Process,Services
Curtains were dusty and triggered my allergies.,Deep Clean & Maintenance,Rooms
Feedback: Seasonal dishes listed on the menu were not available.,Revise Menu Quality,Food
the pasta was overcooked and mushy.,Revise Menu Quality,Food
Action needed: Air conditioner is loud and barely cools the room.,Upgrade Room Amenities,Rooms
Review: We were promised a complimentary drink but never got it.,Compensate Guest,Food
Action needed: The bathroom tiles had mold in the grout.,Deep Clean & Maintenance,Rooms
Feedback: Gym equipment is ancient and rusty.,Update Gym Equipment,Recreation
The pasta was overcooked and mushy.,Revise Menu Quality,Food
"Honestly, pool was freezing cold, heater broken.",Pool Maintenance,Recreation
Waiters were ignoring us and chatting among themselves.,Staff Training (Food),Food
Feedback: Spa therapist was chatting during the massage.,Recreation Staff Review,Recreation
Action needed: System crashed during check-in.,Review Check-in Process,Services
Action needed: Everything tastes like frozen food reheated.,Revise Menu Quality,Food
Action needed: I got food poisoning after eating the seafood.,Inspect Kitchen Hygiene,Food
Not happy. Housekeeper stole money from my wallet.,Disciplinary Action,Services
Not happy. The concierge made a rude comment about my appearance.,Disciplinary Action,Services
Feedback: Gym is too small for the number of guests.,Update Gym Equipment,Recreation
"Honestly, restaurant manager was shouting at the staff.",Staff Training (Food),Food
"Honestly, i got food poisoning after eating the seafood.",Inspect Kitchen Hygiene,Food
Review: Yoga mats are torn and dirty.,Update Gym Equipment,Recreation
Not happy. Found trash from previous guests in the drawer.,Deep Clean & Maintenance,Rooms
Spa therapist was chatting during the massage.,Recreation Staff Review,Recreation
Staff member was smoking right outside the lobby door.,Disciplinary Action,Services
"Honestly, bike seat is broken.",Update Gym Equipment,Recreation
"Honestly, i want a refund for this terrible meal.",Compensate Guest,Food
Flies buzzing around the room constantly.,Pest Control Investigation,Rooms
Review: Staff member laughed at my complaint.,Disciplinary Action,Services
The pool water was cloudy and green.,Pool Maintenance,Recreation
Not happy. No iron or ironing board in the room.,Upgrade Room Amenities,Rooms
Review: Curtains were dusty and triggered my allergies.,Deep Clean & Maintenance,Rooms
spa therapist was chatting during the massage.,Recreation Staff Review,Recreation
 Filtration system was making a loud noise. Terrible.,Pool Maintenance,Recreation
Lifeguard was on their phone the whole time.,Recreation Staff Review,Recreation
Feedback: Our anniversary dinner was ruined by the terrible service.,Compensate Guest,Food
Food was cold when it arrived at the table.,Revise Menu Quality,Food
Not happy. Staff member laughed at my complaint.,Disciplinary Action,Services
Valet scratched my car and denied it. Terrible.,Disciplinary Action,Services
Feedback: Valet scratched my car and denied it.,Disciplinary Action,Services
The steak was tough and flavorless.,Revise Menu Quality,Food
Not happy. Entertainment team was low energy and boring.,Recreation Staff Review,Recreation
"Not happy. Key cards didn't work, had to go back down.",Review Check-in Process,Services
Review: Conflicting information from different staff members.,Staff Communication Training,Services
Feedback: They charged us for items we didn't order.,Compensate Guest,Food
Action needed: The hairdryer provided is useless and overheating.,Upgrade Room Amenities,Rooms
Action needed: Spa therapist was chatting during the massage.,Recreation Staff Review,Recreation
Not happy. No one came to clear our table for 30 minutes.,Staff Training (Food),Food
"Honestly, kids club staff seemed bored and inattentive.",Recreation Staff Review,Recreation
Evidence of termites in the wooden furniture. Terrible.,Pest Control Investigation,Rooms
Feedback: Yoga mats are torn and dirty.,Update Gym Equipment,Recreation
Beach staff demanded tips for chairs. Terrible.,Recreation Staff Review,Recreation
Not happy. Cable machine is stuck and dangerous.,Update Gym Equipment,Recreation
Review: The pool water was cloudy and green.,Pool Maintenance,Recreation
Feedback: Staff member was smoking right outside the lobby door.,Disciplinary Action,Services
"Honestly, no water or towels available in the gym.",Update Gym Equipment,Recreation
Not happy. Staff didn't know the ingredients of the dishes.,Staff Training (Food),Food
food was cold when it arrived at the table.,Revise Menu Quality,Food
I found a hair in my food. Terrible.,Inspect Kitchen Hygiene,Food
Not happy. Priority check-in for members was not honored.,Review Check-in Process,Services
The TV is tiny and has no channels.,Upgrade Room Amenities,Rooms
They refused to accept my voucher.,Compensate Guest,Food
Feedback: The bill included a service charge that was not mentioned.,Compensate Guest,Food
Not happy. Priority check-in for members was not honored.,Review Check-in Process,Services
Feedback: Room wasn't ready at 4 PM check-in time.,Review Check-in Process,Services
Action needed: Staff seemed confused by the check-in software.,Review Check-in Process,Services
Mosquitoes in the room kept me up all night. Terrible.,Pest Control Investigation,Rooms
Action needed: Priority check-in for members was not honored.,Review Check-in Process,Services
Feedback: The furniture is worn out and chipped.,Upgrade Room Amenities,Rooms
i want a refund for this terrible meal.,Compensate Guest,Food
Unprofessional behavior from the night manager. Terrible.,Disciplinary Action,Services
Called reception but no one answered the phone. Terrible.,Staff Communication Training,Services
"Honestly, asked for no onions but got onions anyway.",Staff Training (Food),Food
Review: Elliptical machine makes a squeaking sound.,Update Gym Equipment,Recreation
I found a hair in my food. Terrible.,Inspect Kitchen Hygiene,Food
Feedback: Dead bugs on the windowsill.,Deep Clean & Maintenance,Rooms
Concierge was unable to give simple directions. Terrible.,Staff Communication Training,Services
they refused to accept my voucher.,Compensate Guest,Food
Feedback: Room wasn't ready at 4 PM check-in time.,Review Check-in Process,Services
"Honestly, staff seemed confused by the check-in software.",Review Check-in Process,Services
Action needed: I got food poisoning after eating the seafood.,Inspect Kitchen Hygiene,Food
Action needed: Elliptical machine makes a squeaking sound.,Update Gym Equipment,Recreation
the hairdryer provided is useless and overheating.,Upgrade Room Amenities,Rooms
Saw a cockroach near the kitchen entrance. Terrible.,Inspect Kitchen Hygiene,Food
Action needed: WiFi signal is too weak to work in the room.,Upgrade Room Amenities,Rooms
"Honestly, bellboy didn't explain how to use the key card.",Staff Communication Training,Services
Yoga mats are torn and dirty.,Update Gym Equipment,Recreation
Feedback: Charged 5 stars price for 1 star food.,Compensate Guest,Food
Feedback: Staff member laughed at my complaint.,Disciplinary Action,Services
Bed bugs bit me all over my legs. Terrible.,Pest Control Investigation,Rooms
Not happy. The room is infested with insects.,Pest Control Investigation,Rooms
Feedback: Staff member laughed at my complaint.,Disciplinary Action,Services
Feedback: Elliptical machine makes a squeaking sound.,Update Gym Equipment,Recreation
"Honestly, mosquitoes in the room kept me up all night.",Pest Control Investigation,Rooms
Review: Entertainment team was low energy and boring.,Recreation Staff Review,Recreation
Review: No one told us about the construction noise.,Staff Communication Training,Services
Feedback: I want a refund for this terrible meal.,Compensate Guest,Food
Review: The pool water was cloudy and green.,Pool Maintenance,Recreation
"Feedback: Too much chlorine in the pool, burned my eyes.",Pool Maintenance,Recreation
they refused to accept my voucher.,Compensate Guest,Food
The menu options are very limited and boring.,Revise Menu Quality,Food
Review: No one came to clear our table for 30 minutes.,Staff Training (Food),Food
Not happy. Saw a cockroach near the kitchen entrance.,Inspect Kitchen Hygiene,Food
"Honestly, debris and leaves floating in the water.",Pool Maintenance,Recreation
no one told us about the construction noise.,Staff Communication Training,Services
The hairdryer provided is useless and overheating. Terrible.,Upgrade Room Amenities,Rooms
Review: Mosquitoes in the room kept me up all night.,Pest Control Investigation,Rooms
The salad was wilted and brown.,Inspect Kitchen Hygiene,Food
They refused to accept my voucher.,Compensate Guest,Food
"Action needed: Dust everywhere, especially under the bed.",Deep Clean & Maintenance,Rooms
"Honestly, staff was arguing loudly in the hallway.",Disciplinary Action,Services
"Towels are thin, scratchy, and old.",Upgrade Room Amenities,Rooms
Review: Found trash from previous guests in the drawer.,Deep Clean & Maintenance,Rooms
Feedback: The room smelled like stale cigarette smoke.,Deep Clean & Maintenance,Rooms
the food tasted slightly spoiled and smelled bad.,Inspect Kitchen Hygiene,Food
Pool attendant refused to give me a towel.,Recreation Staff Review,Recreation
"Honestly, called reception but no one answered the phone.",Staff Communication Training,Services
"Honestly, system crashed during check-in.",Review Check-in Process,Services
Staff member laughed at my complaint. Terrible.,Disciplinary Action,Services
the waiter spilled soup on me and didn't apologize.,Staff Training (Food),Food
Action needed: Employee was on their phone ignoring guests.,Disciplinary Action,Services
check-in line was huge and only one counter open.,Review Check-in Process,Services
Gym is too small for the number of guests.,Update Gym Equipment,Recreation
Review: No supervision in the children's play area.,Recreation Staff Review,Recreation
Feedback: Everything tastes like frozen food reheated.,Revise Menu Quality,Food
The TV is tiny and has no channels. Terrible.,Upgrade Room Amenities,Rooms
"Honestly, no one came to clear our table for 30 minutes.",Staff Training (Food),Food
"Honestly, air conditioner is loud and barely cools the room.",Upgrade Room Amenities,Rooms
Feedback: Food was cold when it arrived at the table.,Revise Menu Quality,Food
Review: Security guard was sleeping on the job.,Disciplinary Action,Services
"Honestly, priority check-in for members was not honored.",Review Check-in Process,Services
"Honestly, cockroach in the shower.",Pest Control Investigation,Rooms
Not happy. Waiters were ignoring us and chatting among themselves.,Staff Training (Food),Food
Review: Elliptical machine makes a squeaking sound.,Update Gym Equipment,Recreation
saw ants marching across the bathroom sink.,Pest Control Investigation,Rooms
Action needed: Lobby is chaotic and disorganized.,Review Check-in Process,Services
Water looked stagnant and dirty.,Pool Maintenance,Recreation
Review: Called reception but no one answered the phone.,Staff Communication Training,Services
it took 45 minutes just to check in.,Review Check-in Process,Services
Gym equipment is ancient and rusty.,Update Gym Equipment,Recreation
Bike seat is broken.,Update Gym Equipment,Recreation
"The gym smells like sweat, no ventilation. Terrible.",Update Gym Equipment,Recreation
Feedback: Bike seat is broken.,Update Gym Equipment,Recreation
Not happy. Cable machine is stuck and dangerous.,Update Gym Equipment,Recreation
Feedback: The carpet was stained and smelled of mold.,Deep Clean & Maintenance,Rooms
No supervision in the children's play area.,Recreation Staff Review,Recreation
"Not happy. Worst dining experience ever, I expect compensation.",Compensate Guest,Food
"Honestly, service in the restaurant was incredibly slow.",Staff Training (Food),Food
Food was cold when it arrived at the table. Terrible.,Revise Menu Quality,Food
Feedback: Air conditioner is loud and barely cools the room.,Upgrade Room Amenities,Rooms
Review: Elliptical machine makes a squeaking sound.,Update Gym Equipment,Recreation
"Honestly, there was a spider on the pillow.",Pest Control Investigation,Rooms
Action needed: The bill included a service charge that was not mentioned.,Compensate Guest,Food
Dead bugs on the windowsill.,Deep Clean & Maintenance,Rooms
"the gym smells like sweat, no ventilation.",Update Gym Equipment,Recreation
"Honestly, lizard on the ceiling.",Pest Control Investigation,Rooms
Review: They lost our reservation even though we booked weeks ago.,Compensate Guest,Food
Not happy. Kids club staff seemed bored and inattentive.,Recreation Staff Review,Recreation
service in the restaurant was incredibly slow.,Staff Training (Food),Food
"Towels are thin, scratchy, and old.",Upgrade Room Amenities,Rooms
"Honestly, the pasta was overcooked and mushy.",Revise Menu Quality,Food
waiters were ignoring us and chatting among themselves.,Staff Training (Food),Food
Gym equipment is ancient and rusty. Terrible.,Update Gym Equipment,Recreation
Action needed: Air conditioner is loud and barely cools the room.,Upgrade Room Amenities,Rooms
Not happy. Front desk staff gave us wrong information about breakfast.,Staff Communication Training,Services
"Honestly, check-in line was huge and only one counter open.",Review Check-in Process,Services
Not happy. No supervision in the children's play area.,Recreation Staff Review,Recreation
Bellboy didn't explain how to use the key card.,Staff Communication Training,Services
Not happy. Bike seat is broken.,Update Gym Equipment,Recreation
the room smelled like stale cigarette smoke.,Deep Clean & Maintenance,Rooms
Feedback: Evidence of termites in the wooden furniture.,Pest Control Investigation,Rooms
Saw ants marching across the bathroom sink.,Pest Control Investigation,Rooms
Action needed: The buffet area looked unclean and messy.,Inspect Kitchen Hygiene,Food
Feedback: The bathroom tiles had mold in the grout.,Deep Clean & Maintenance,Rooms
"Honestly, the menu options are very limited and boring.",Revise Menu Quality,Food
Not happy. Curtains were dusty and triggered my allergies.,Deep Clean & Maintenance,Rooms
Service in the restaurant was incredibly slow.,Staff Training (Food),Food
Action needed: The pillows are lumpy and uncomfortable.,Upgrade Room Amenities,Rooms
Not happy. Misunderstanding about the room rate caused issues.,Staff Communication Training,Services
Action needed: Valet scratched my car and denied it.,Disciplinary Action,Services
Feedback: Tour guide gave us incorrect historical info.,Recreation Staff Review,Recreation
"Action needed: Key cards didn't work, had to go back down.",Review Check-in Process,Services
Kids club staff seemed bored and inattentive. Terrible.,Recreation Staff Review,Recreation
Glass had lipstick marks on it. Terrible.,Inspect Kitchen Hygiene,Food
Feedback: Kids club staff seemed bored and inattentive.,Recreation Staff Review,Recreation
Flies buzzing around the room constantly.,Pest Control Investigation,Rooms
No water or towels available in the gym. Terrible.,Update Gym Equipment,Recreation
found trash from previous guests in the drawer.,Deep Clean & Maintenance,Rooms
Action needed: Debris and leaves floating in the water.,Pool Maintenance,Recreation
Not happy. Staff seemed confused by the check-in software.,Review Check-in Process,Services
staff member laughed at my complaint.,Disciplinary Action,Services
Not happy. It took 45 minutes just to check in.,Review Check-in Process,Services
Flies buzzing around the room constantly.,Pest Control Investigation,Rooms
"Honestly, security guard was sleeping on the job.",Disciplinary Action,Services
"Honestly, towels are thin, scratchy, and old.",Upgrade Room Amenities,Rooms
Feedback: The dessert was stale and dry.,Revise Menu Quality,Food
Review: Waiters were ignoring us and chatting among themselves.,Staff Training (Food),Food
Feedback: No iron or ironing board in the room.,Upgrade Room Amenities,Rooms
"Honestly, the menu options are very limited and boring.",Revise Menu Quality,Food
We were promised a complimentary drink but never got it.,Compensate Guest,Food
"Honestly, the carpet was stained and smelled of mold.",Deep Clean & Maintenance,Rooms
Action needed: Staff got my order wrong three times.,Staff Training (Food),Food
Not happy. The salad was wilted and brown.,Inspect Kitchen Hygiene,Food
Flies buzzing around the room constantly.,Pest Control Investigation,Rooms
The TV is tiny and has no channels.,Upgrade Room Amenities,Rooms
Feedback: Pool ladders are loose and dangerous.,Pool Maintenance,Recreation
Action needed: They charged us for items we didn't order.,Compensate Guest,Food
Action needed: Service in the restaurant was incredibly slow.,Staff Training (Food),Food
Review: The TV is tiny and has no channels.,Upgrade Room Amenities,Rooms
Review: Mosquitoes in the room kept me up all night.,Pest Control Investigation,Rooms
Feedback: The pasta was overcooked and mushy.,Revise Menu Quality,Food
Feedback: Employee was on their phone ignoring guests.,Disciplinary Action,Services
Front desk staff gave us wrong information about breakfast.,Staff Communication Training,Services
"Honestly, the hairdryer provided is useless and overheating.",Upgrade Room Amenities,Rooms
Not happy. Beach staff demanded tips for chairs.,Recreation Staff Review,Recreation
Action needed: Cable machine is stuck and dangerous.,Update Gym Equipment,Recreation
Bike seat is broken.,Update Gym Equipment,Recreation
Action needed: Charged 5 stars price for 1 star food.,Compensate Guest,Food
Not happy. Priority check-in for members was not honored.,Review Check-in Process,Services
Review: No iron or ironing board in the room.,Upgrade Room Amenities,Rooms
Feedback: Lizard on the ceiling.,Pest Control Investigation,Rooms
Not happy. Windows were dirty and hard to see through.,Deep Clean & Maintenance,Rooms
No water or towels available in the gym.,Update Gym Equipment,Recreation
Misunderstanding about the room rate caused issues. Terrible.,Staff Communication Training,Services
Not happy. Entertainment team was low energy and boring.,Recreation Staff Review,Recreation
"Honestly, cable machine is stuck and dangerous.",Update Gym Equipment,Recreation
"Feedback: Key cards didn't work, had to go back down.",Review Check-in Process,Services
Not happy. Everything tastes like frozen food reheated.,Revise Menu Quality,Food
Review: The menu options are very limited and boring.,Revise Menu Quality,Food
We were promised a complimentary drink but never got it.,Compensate Guest,Food
Not happy. The steak was tough and flavorless.,Revise Menu Quality,Food
Tennis coach didn't show up for the lesson.,Recreation Staff Review,Recreation
The waiter spilled soup on me and didn't apologize.,Staff Training (Food),Food
"towels are thin, scratchy, and old.",Upgrade Room Amenities,Rooms
cable machine is stuck and dangerous.,Update Gym Equipment,Recreation
Not happy. Tennis coach didn't show up for the lesson.,Recreation Staff Review,Recreation
Action needed: Staff seemed confused by the check-in software.,Review Check-in Process,Services
Not happy. Tennis coach didn't show up for the lesson.,Recreation Staff Review,Recreation
Review: Conflicting information from different staff members.,Staff Communication Training,Services
Action needed: The toilet wasn't flushed when we arrived.,Deep Clean & Maintenance,Rooms
saw ants marching across the bathroom sink.,Pest Control Investigation,Rooms
Asked for no onions but got onions anyway.,Staff Training (Food),Food
Restaurant manager was shouting at the staff. Terrible.,Staff Training (Food),Food
The waiter spilled soup on me and didn't apologize. Terrible.,Staff Training (Food),Food
Not happy. Curtains were dusty and triggered my allergies.,Deep Clean & Maintenance,Rooms
The hairdryer provided is useless and overheating. Terrible.,Upgrade Room Amenities,Rooms
Not happy. The coffee was burnt and bitter.,Revise Menu Quality,Food
the pillows are lumpy and uncomfortable.,Upgrade Room Amenities,Rooms
Review: Cockroach in the shower.,Pest Control Investigation,Rooms
Review: Bike seat is broken.,Update Gym Equipment,Recreation
Bartender was visibly drunk.,Disciplinary Action,Services
the carpet was stained and smelled of mold.,Deep Clean & Maintenance,Rooms
Feedback: Room wasn't ready at 4 PM check-in time.,Review Check-in Process,Services
Tiles around the pool are broken and sharp.,Pool Maintenance,Recreation
Conflicting information from different staff members.,Staff Communication Training,Services
no one came to clear our table for 30 minutes.,Staff Training (Food),Food
Action needed: Windows were dirty and hard to see through.,Deep Clean & Maintenance,Rooms
"Action needed: Worst dining experience ever, I expect compensation.",Compensate Guest,Food
Room wasn't ready at 4 PM check-in time. Terrible.,Review Check-in Process,Services
Feedback: Seasonal dishes listed on the menu were not available.,Revise Menu Quality,Food
Review: Beach staff demanded tips for chairs.,Recreation Staff Review,Recreation
There was a strange object in the soup.,Inspect Kitchen Hygiene,Food
Not happy. Tiles around the pool are broken and sharp.,Pool Maintenance,Recreation
"Too much chlorine in the pool, burned my eyes.",Pool Maintenance,Recreation
Staff didn't know the ingredients of the dishes.,Staff Training (Food),Food
"Honestly, wifi signal is too weak to work in the room.",Upgrade Room Amenities,Rooms
"Honestly, i want a refund for this terrible meal.",Compensate Guest,Food
Staff got my order wrong three times. Terrible.,Staff Training (Food),Food
Review: Gym equipment is ancient and rusty.,Update Gym Equipment,Recreation
Not happy. Front desk staff gave us wrong information about breakfast.,Staff Communication Training,Services
"Honestly, staff member was smoking right outside the lobby door.",Disciplinary Action,Services
Misunderstanding about the room rate caused issues.,Staff Communication Training,Services
Front desk staff gave us wrong information about breakfast.,Staff Communication Training,Services
Not happy. Staff member was smoking right outside the lobby door.,Disciplinary Action,Services
They demanded a cash deposit unexpectedly.,Review Check-in Process,Services
Feedback: Housekeeper stole money from my wallet.,Disciplinary Action,Services
no water or towels available in the gym.,Update Gym Equipment,Recreation
"Honestly, cable machine is stuck and dangerous.",Update Gym Equipment,Recreation
Action needed: Cable machine is stuck and dangerous.,Update Gym Equipment,Recreation
"Honestly, priority check-in for members was not honored.",Review Check-in Process,Services
there was a spider on the pillow.,Pest Control Investigation,Rooms
Not happy. Housekeeper stole money from my wallet.,Disciplinary Action,Services
"Need better lighting, the room is too dim. Terrible.",Upgrade Room Amenities,Rooms
Action needed: Lifeguard was on their phone the whole time.,Recreation Staff Review,Recreation
Dead bugs on the windowsill.,Deep Clean & Maintenance,Rooms
"Honestly, the sheets had spots and didn't look fresh.",Deep Clean & Maintenance,Rooms
Our anniversary dinner was ruined by the terrible service. Terrible.,Compensate Guest,Food
Action needed: Lifeguard was on their phone the whole time.,Recreation Staff Review,Recreation
Windows were dirty and hard to see through.,Deep Clean & Maintenance,Rooms
Flies buzzing around the room constantly. Terrible.,Pest Control Investigation,Rooms
Not happy. Bike seat is broken.,Update Gym Equipment,Recreation
"Staff speaks very poor English, hard to communicate. Terrible.",Staff Communication Training,Services
Not happy. The food tasted slightly spoiled and smelled bad.,Inspect Kitchen Hygiene,Food
Action needed: Staff seemed confused by the check-in software.,Review Check-in Process,Services
Review: The toilet wasn't flushed when we arrived.,Deep Clean & Maintenance,Rooms
Review: Flies buzzing around the room constantly.,Pest Control Investigation,Rooms
"Action needed: Worst dining experience ever, I expect compensation.",Compensate Guest,Food
Not happy. The pillows are lumpy and uncomfortable.,Upgrade Room Amenities,Rooms
tour guide gave us incorrect historical info.,Recreation Staff Review,Recreation
They forgot to give us our wake-up call.,Staff Communication Training,Services
Called reception but no one answered the phone. Terrible.,Staff Communication Training,Services
Not happy. The TV is tiny and has no channels.,Upgrade Room Amenities,Rooms
Conflicting information from different staff members.,Staff Communication Training,Services
Not happy. The sheets had spots and didn't look fresh.,Deep Clean & Maintenance,Rooms
Curtains were dusty and triggered my allergies.,Deep Clean & Maintenance,Rooms
Activity director was rude to the guests.,Recreation Staff Review,Recreation
Not happy. The coffee was burnt and bitter.,Revise Menu Quality,Food
Review: The bathroom tiles had mold in the grout.,Deep Clean & Maintenance,Rooms
Review: Valet scratched my car and denied it.,Disciplinary Action,Services
the waiter spilled soup on me and didn't apologize.,Staff Training (Food),Food
"key cards didn't work, had to go back down.",Review Check-in Process,Services
they demanded a cash deposit unexpectedly.,Review Check-in Process,Services
Review: Service in the restaurant was incredibly slow.,Staff Training (Food),Food
"Action needed: The gym smells like sweat, no ventilation.",Update Gym Equipment,Recreation
Action needed: Housekeeper stole money from my wallet.,Disciplinary Action,Services
Feedback: Pool shower wasn't working.,Pool Maintenance,Recreation
Not happy. Kids club staff seemed bored and inattentive.,Recreation Staff Review,Recreation
"Feedback: Worst dining experience ever, I expect compensation.",Compensate Guest,Food
"Honestly, too much chlorine in the pool, burned my eyes.",Pool Maintenance,Recreation
Action needed: Scum line around the edge of the pool.,Pool Maintenance,Recreation
Not happy. Minibar was empty and not working.,Upgrade Room Amenities,Rooms
"Need better lighting, the room is too dim.",Upgrade Room Amenities,Rooms
Entertainment team was low energy and boring. Terrible.,Recreation Staff Review,Recreation
Action needed: Gym is too small for the number of guests.,Update Gym Equipment,Recreation
conflicting information from different staff members.,Staff Communication Training,Services
Not happy. The carpet was stained and smelled of mold.,Deep Clean & Maintenance,Rooms
Action needed: Waiters were ignoring us and chatting among themselves.,Staff Training (Food),Food
Tour guide gave us incorrect historical info. Terrible.,Recreation Staff Review,Recreation
Not happy. The buffet area looked unclean and messy.,Inspect Kitchen Hygiene,Food
"Honestly, service in the restaurant was incredibly slow.",Staff Training (Food),Food
everything tastes like frozen food reheated.,Revise Menu Quality,Food
Lifeguard was on their phone the whole time.,Recreation Staff Review,Recreation
the server was rude when i asked for water.,Staff Training (Food),Food
Bellboy didn't explain how to use the key card. Terrible.,Staff Communication Training,Services
Feedback: Front desk staff gave us wrong information about breakfast.,Staff Communication Training,Services
Yoga mats are torn and dirty. Terrible.,Update Gym Equipment,Recreation
Review: There was a spider on the pillow.,Pest Control Investigation,Rooms
Feedback: Debris and leaves floating in the water.,Pool Maintenance,Recreation
Not happy. I think I saw a mouse behind the curtain.,Pest Control Investigation,Rooms
Asked for no onions but got onions anyway.,Staff Training (Food),Food
Feedback: The presentation of the dishes was poor.,Revise Menu Quality,Food
"Pool was freezing cold, heater broken. Terrible.",Pool Maintenance,Recreation
Review: Check-in line was huge and only one counter open.,Review Check-in Process,Services
"Action needed: Need better lighting, the room is too dim.",Upgrade Room Amenities,Rooms
Not happy. Conflicting information from different staff members.,Staff Communication Training,Services
Feedback: Called reception but no one answered the phone.,Staff Communication Training,Services
Not happy. The menu options are very limited and boring.,Revise Menu Quality,Food
Not happy. They forgot to give us our wake-up call.,Staff Communication Training,Services
Not happy. The pasta was overcooked and mushy.,Revise Menu Quality,Food
"key cards didn't work, had to go back down.",Review Check-in Process,Services
Feedback: Staff was arguing loudly in the hallway.,Disciplinary Action,Services
Not happy. Service in the restaurant was incredibly slow.,Staff Training (Food),Food
Found trash from previous guests in the drawer.,Deep Clean & Maintenance,Rooms
"Honestly, no supervision in the children's play area.",Recreation Staff Review,Recreation
scum line around the edge of the pool.,Pool Maintenance,Recreation
the steak was tough and flavorless.,Revise Menu Quality,Food
Action needed: Scum line around the edge of the pool.,Pool Maintenance,Recreation
Not happy. Unprofessional behavior from the night manager.,Disciplinary Action,Services
Waiters were ignoring us and chatting among themselves. Terrible.,Staff Training (Food),Food
I want a refund for this terrible meal. Terrible.,Compensate Guest,Food
The carpet was stained and smelled of mold.,Deep Clean & Maintenance,Rooms
Review: They didn't tell us the pool was under maintenance.,Staff Communication Training,Services
No one told us about the construction noise.,Staff Communication Training,Services
Feedback: Unprofessional behavior from the night manager.,Disciplinary Action,Services
Action needed: Bike seat is broken.,Update Gym Equipment,Recreation
Action needed: They demanded a cash deposit unexpectedly.,Review Check-in Process,Services
The food tasted slightly spoiled and smelled bad. Terrible.,Inspect Kitchen Hygiene,Food
Action needed: No water or towels available in the gym.,Update Gym Equipment,Recreation
"Action needed: We waited 2 hours for our food, this is unacceptable.",Compensate Guest,Food
Not happy. Charged 5 stars price for 1 star food.,Compensate Guest,Food
Not happy. Restaurant manager was shouting at the staff.,Staff Training (Food),Food
Feedback: Called reception but no one answered the phone.,Staff Communication Training,Services
"Honestly, staff member laughed at my complaint.",Disciplinary Action,Services
"pool was freezing cold, heater broken.",Pool Maintenance,Recreation
Feedback: Housekeeper stole money from my wallet.,Disciplinary Action,Services
Feedback: Called reception but no one answered the phone.,Staff Communication Training,Services
Review: They couldn't find my booking in the system.,Review Check-in Process,Services
the food tasted slightly spoiled and smelled bad.,Inspect Kitchen Hygiene,Food
Action needed: Employee was on their phone ignoring guests.,Disciplinary Action,Services
"Honestly, they demanded a cash deposit unexpectedly.",Review Check-in Process,Services
Not happy. Flies buzzing around the room constantly.,Pest Control Investigation,Rooms
Not happy. Pool ladders are loose and dangerous.,Pool Maintenance,Recreation
"The gym smells like sweat, no ventilation. Terrible.",Update Gym Equipment,Recreation
Feedback: The waiter spilled soup on me and didn't apologize.,Staff Training (Food),Food
Review: They demanded a cash deposit unexpectedly.,Review Check-in Process,Services
Our anniversary dinner was ruined by the terrible service. Terrible.,Compensate Guest,Food
Not happy. Cockroach in the shower.,Pest Control Investigation,Rooms
"Not happy. Staff speaks very poor English, hard to communicate.",Staff Communication Training,Services
Not happy. They charged us for items we didn't order.,Compensate Guest,Food
"Review: Worst dining experience ever, I expect compensation.",Compensate Guest,Food
Feedback: Activity director was rude to the guests.,Recreation Staff Review,Recreation
staff was arguing loudly in the hallway.,Disciplinary Action,Services
Air conditioner is loud and barely cools the room. Terrible.,Upgrade Room Amenities,Rooms
Not happy. Room wasn't ready at 4 PM check-in time.,Review Check-in Process,Services
Review: The server was rude when I asked for water.,Staff Training (Food),Food
No one told us about the construction noise. Terrible.,Staff Communication Training,Services
Staff seemed confused by the check-in software. Terrible.,Review Check-in Process,Services
Lifeguard was on their phone the whole time. Terrible.,Recreation Staff Review,Recreation
Pool ladders are loose and dangerous. Terrible.,Pool Maintenance,Recreation
"Review: Pool was freezing cold, heater broken.",Pool Maintenance,Recreation
Dead bugs on the windowsill. Terrible.,Deep Clean & Maintenance,Rooms
Review: They lost our reservation even though we booked weeks ago.,Compensate Guest,Food
scum line around the edge of the pool.,Pool Maintenance,Recreation
They forgot to give us our wake-up call.,Staff Communication Training,Services
Feedback: No iron or ironing board in the room.,Upgrade Room Amenities,Rooms
Review: The room smelled like stale cigarette smoke.,Deep Clean & Maintenance,Rooms
Review: Glass had lipstick marks on it.,Inspect Kitchen Hygiene,Food
The TV is tiny and has no channels.,Upgrade Room Amenities,Rooms
Feedback: Minibar was empty and not working.,Upgrade Room Amenities,Rooms
Action needed: Food was cold when it arrived at the table.,Revise Menu Quality,Food
"We waited 2 hours for our food, this is unacceptable. Terrible.",Compensate Guest,Food
Not happy. Curtains were dusty and triggered my allergies.,Deep Clean & Maintenance,Rooms
Review: Scum line around the edge of the pool.,Pool Maintenance,Recreation
Action needed: Priority check-in for members was not honored.,Review Check-in Process,Services
Action needed: Pool ladders are loose and dangerous.,Pool Maintenance,Recreation
"Honestly, water looked stagnant and dirty.",Pool Maintenance,Recreation
Review: Beach staff demanded tips for chairs.,Recreation Staff Review,Recreation
Review: Conflicting information from different staff members.,Staff Communication Training,Services
Not happy. Food was cold when it arrived at the table.,Revise Menu Quality,Food
no one told us about the construction noise.,Staff Communication Training,Services
Action needed: Staff didn't know the ingredients of the dishes.,Staff Training (Food),Food
Feedback: Lifeguard was on their phone the whole time.,Recreation Staff Review,Recreation
Action needed: Called reception but no one answered the phone.,Staff Communication Training,Services
"Honestly, the room is infested with insects.",Pest Control Investigation,Rooms
no iron or ironing board in the room.,Upgrade Room Amenities,Rooms
System crashed during check-in. Terrible.,Review Check-in Process,Services
Review: Staff seemed confused by the check-in software.,Review Check-in Process,Services
Feedback: Charged 5 stars price for 1 star food.,Compensate Guest,Food
Water looked stagnant and dirty.,Pool Maintenance,Recreation
bellboy didn't explain how to use the key card.,Staff Communication Training,Services
Review: The menu options are very limited and boring.,Revise Menu Quality,Food
Gym is too small for the number of guests.,Update Gym Equipment,Recreation
Action needed: No supervision in the children's play area.,Recreation Staff Review,Recreation
"Honestly, tiles around the pool are broken and sharp.",Pool Maintenance,Recreation
Not happy. The TV is tiny and has no channels.,Upgrade Room Amenities,Rooms
"Honestly, the carpet was stained and smelled of mold.",Deep Clean & Maintenance,Rooms
"Honestly, the room is infested with insects.",Pest Control Investigation,Rooms
Not happy. Water looked stagnant and dirty.,Pool Maintenance,Recreation
the server was rude when i asked for water.,Staff Training (Food),Food
bellboy didn't explain how to use the key card.,Staff Communication Training,Services
the dessert was stale and dry.,Revise Menu Quality,Food
We were promised a complimentary drink but never got it.,Compensate Guest,Food
Not happy. Room wasn't ready at 4 PM check-in time.,Review Check-in Process,Services
Not happy. No one came to clear our table for 30 minutes.,Staff Training (Food),Food
Feedback: Security guard was sleeping on the job.,Disciplinary Action,Services
Not happy. The pillows are lumpy and uncomfortable.,Upgrade Room Amenities,Rooms
Gym equipment is ancient and rusty. Terrible.,Update Gym Equipment,Recreation
Not happy. Valet scratched my car and denied it.,Disciplinary Action,Services
Feedback: The plates were dirty and had leftover food stains.,Inspect Kitchen Hygiene,Food
Feedback: Found trash from previous guests in the drawer.,Deep Clean & Maintenance,Rooms
Pool shower wasn't working. Terrible.,Pool Maintenance,Recreation
curtains were dusty and triggered my allergies.,Deep Clean & Maintenance,Rooms
Not happy. I want a refund for this terrible meal.,Compensate Guest,Food
entertainment team was low energy and boring.,Recreation Staff Review,Recreation
"Feedback: Dust everywhere, especially under the bed.",Deep Clean & Maintenance,Rooms
Not happy. I want a refund for this terrible meal.,Compensate Guest,Food
Not happy. The food tasted slightly spoiled and smelled bad.,Inspect Kitchen Hygiene,Food
Review: The furniture is worn out and chipped.,Upgrade Room Amenities,Rooms
Review: They demanded a cash deposit unexpectedly.,Review Check-in Process,Services
The bathroom tiles had mold in the grout. Terrible.,Deep Clean & Maintenance,Rooms
Review: Front desk staff gave us wrong information about breakfast.,Staff Communication Training,Services
no one came to clear our table for 30 minutes.,Staff Training (Food),Food
Treadmills were all out of order.,Update Gym Equipment,Recreation
Not happy. I want a refund for this terrible meal.,Compensate Guest,Food
Action needed: Saw a cockroach near the kitchen entrance.,Inspect Kitchen Hygiene,Food
Windows were dirty and hard to see through. Terrible.,Deep Clean & Maintenance,Rooms
"Honestly, tour guide gave us incorrect historical info.",Recreation Staff Review,Recreation
Review: No supervision in the children's play area.,Recreation Staff Review,Recreation
Action needed: Waiters were ignoring us and chatting among themselves.,Staff Training (Food),Food
it took 45 minutes just to check in.,Review Check-in Process,Services
"Dust everywhere, especially under the bed. Terrible.",Deep Clean & Maintenance,Rooms
Feedback: Seasonal dishes listed on the menu were not available.,Revise Menu Quality,Food
Not happy. Lifeguard was on their phone the whole time.,Recreation Staff Review,Recreation
Review: Seasonal dishes listed on the menu were not available.,Revise Menu Quality,Food
Not happy. The plates were dirty and had leftover food stains.,Inspect Kitchen Hygiene,Food
Review: The bathroom tiles had mold in the grout.,Deep Clean & Maintenance,Rooms
Not happy. The toilet wasn't flushed when we arrived.,Deep Clean & Maintenance,Rooms
Room wasn't ready at 4 PM check-in time. Terrible.,Review Check-in Process,Services
it took 45 minutes just to check in.,Review Check-in Process,Services
The presentation of the dishes was poor.,Revise Menu Quality,Food
not enough vegetarian or vegan options.,Revise Menu Quality,Food
Feedback: The room smelled like stale cigarette smoke.,Deep Clean & Maintenance,Rooms
Feedback: The concierge made a rude comment about my appearance.,Disciplinary Action,Services
Action needed: They demanded a cash deposit unexpectedly.,Review Check-in Process,Services
"Honestly, the room smelled like stale cigarette smoke.",Deep Clean & Maintenance,Rooms
"Honestly, saw ants marching across the bathroom sink.",Pest Control Investigation,Rooms
valet scratched my car and denied it.,Disciplinary Action,Services
pool shower wasn't working.,Pool Maintenance,Recreation
employee was on their phone ignoring guests.,Disciplinary Action,Services
"Honestly, there was a spider on the pillow.",Pest Control Investigation,Rooms
the bathroom tiles had mold in the grout.,Deep Clean & Maintenance,Rooms
"Honestly, key cards didn't work, had to go back down.",Review Check-in Process,Services
Action needed: They didn't tell us the pool was under maintenance.,Staff Communication Training,Services
"Honestly, i got food poisoning after eating the seafood.",Inspect Kitchen Hygiene,Food
Review: The pasta was overcooked and mushy.,Revise Menu Quality,Food
No one told us about the construction noise. Terrible.,Staff Communication Training,Services
"Honestly, the carpet was stained and smelled of mold.",Deep Clean & Maintenance,Rooms
Action needed: Waiters were ignoring us and chatting among themselves.,Staff Training (Food),Food
Review: Scum line around the edge of the pool.,Pool Maintenance,Recreation
System crashed during check-in.,Review Check-in Process,Services
Not happy. I think I saw a mouse behind the curtain.,Pest Control Investigation,Rooms
Action needed: Bed bugs bit me all over my legs.,Pest Control Investigation,Rooms
"Feedback: Need better lighting, the room is too dim.",Upgrade Room Amenities,Rooms
"Honestly, the concierge made a rude comment about my appearance.",Disciplinary Action,Services
Tennis coach didn't show up for the lesson. Terrible.,Recreation Staff Review,Recreation
Review: I want a refund for this terrible meal.,Compensate Guest,Food
The buffet area looked unclean and messy.,Inspect Kitchen Hygiene,Food
"Honestly, our anniversary dinner was ruined by the terrible service.",Compensate Guest,Food
Bartender was visibly drunk. Terrible.,Disciplinary Action,Services
The plates were dirty and had leftover food stains.,Inspect Kitchen Hygiene,Food
Not happy. Called reception but no one answered the phone.,Staff Communication Training,Services
"Dust everywhere, especially under the bed. Terrible.",Deep Clean & Maintenance,Rooms
"Honestly, too much chlorine in the pool, burned my eyes.",Pool Maintenance,Recreation
Not happy. They refused to accept my voucher.,Compensate Guest,Food
Feedback: WiFi signal is too weak to work in the room.,Upgrade Room Amenities,Rooms
Review: Misunderstanding about the room rate caused issues.,Staff Communication Training,Services
 Filtration system was making a loud noise.,Pool Maintenance,Recreation
No one told us about the construction noise. Terrible.,Staff Communication Training,Services
Asked for no onions but got onions anyway. Terrible.,Staff Training (Food),Food
"Honestly, towels are thin, scratchy, and old.",Upgrade Room Amenities,Rooms
"Action needed: Pool was freezing cold, heater broken.",Pool Maintenance,Recreation
Not happy. Glass had lipstick marks on it.,Inspect Kitchen Hygiene,Food
Action needed: Flies buzzing around the room constantly.,Pest Control Investigation,Rooms
Kids club staff seemed bored and inattentive. Terrible.,Recreation Staff Review,Recreation
Feedback: Minibar was empty and not working.,Upgrade Room Amenities,Rooms
"Honestly, they didn't tell us the pool was under maintenance.",Staff Communication Training,Services
Review: Food was cold when it arrived at the table.,Revise Menu Quality,Food
Gym is too small for the number of guests. Terrible.,Update Gym Equipment,Recreation
Yoga mats are torn and dirty. Terrible.,Update Gym Equipment,Recreation
Called reception but no one answered the phone. Terrible.,Staff Communication Training,Services
"Honestly, pool attendant refused to give me a towel.",Recreation Staff Review,Recreation
Pool shower wasn't working.,Pool Maintenance,Recreation
"Honestly, dust everywhere, especially under the bed.",Deep Clean & Maintenance,Rooms
"Action needed: Staff speaks very poor English, hard to communicate.",Staff Communication Training,Services
Feedback: Seasonal dishes listed on the menu were not available.,Revise Menu Quality,Food
Priority check-in for members was not honored. Terrible.,Review Check-in Process,Services
"Honestly, the gym smells like sweat, no ventilation.",Update Gym Equipment,Recreation
"Honestly, not enough weights for a proper workout.",Update Gym Equipment,Recreation
The hairdryer provided is useless and overheating.,Upgrade Room Amenities,Rooms
Security guard was sleeping on the job.,Disciplinary Action,Services
windows were dirty and hard to see through.,Deep Clean & Maintenance,Rooms
I found a hair in my food.,Inspect Kitchen Hygiene,Food
Valet scratched my car and denied it.,Disciplinary Action,Services
Review: Cable machine is stuck and dangerous.,Update Gym Equipment,Recreation
Bed bugs bit me all over my legs. Terrible.,Pest Control Investigation,Rooms
Staff didn't know the ingredients of the dishes.,Staff Training (Food),Food
Not happy. Mosquitoes in the room kept me up all night.,Pest Control Investigation,Rooms
"need better lighting, the room is too dim.",Upgrade Room Amenities,Rooms
Feedback: Called reception but no one answered the phone.,Staff Communication Training,Services
"Honestly, the food tasted slightly spoiled and smelled bad.",Inspect Kitchen Hygiene,Food
Action needed: The server was rude when I asked for water.,Staff Training (Food),Food
Not happy. The TV is tiny and has no channels.,Upgrade Room Amenities,Rooms
Our anniversary dinner was ruined by the terrible service. Terrible.,Compensate Guest,Food
"Honestly, no one told us about the construction noise.",Staff Communication Training,Services
Feedback: I got food poisoning after eating the seafood.,Inspect Kitchen Hygiene,Food
Curtains were dusty and triggered my allergies.,Deep Clean & Maintenance,Rooms
Employee was on their phone ignoring guests. Terrible.,Disciplinary Action,Services
Feedback: Food was cold when it arrived at the table.,Revise Menu Quality,Food
"Action needed: Pool was freezing cold, heater broken.",Pool Maintenance,Recreation
Cable machine is stuck and dangerous.,Update Gym Equipment,Recreation
Action needed: Curtains were dusty and triggered my allergies.,Deep Clean & Maintenance,Rooms
Not happy. Curtains were dusty and triggered my allergies.,Deep Clean & Maintenance,Rooms
unprofessional behavior from the night manager.,Disciplinary Action,Services
Staff seemed confused by the check-in software. Terrible.,Review Check-in Process,Services
Not happy. They lost our reservation even though we booked weeks ago.,Compensate Guest,Food
Glass had lipstick marks on it. Terrible.,Inspect Kitchen Hygiene,Food
Staff was arguing loudly in the hallway.,Disciplinary Action,Services
Review: Saw ants marching across the bathroom sink.,Pest Control Investigation,Rooms
"Honestly, asked for no onions but got onions anyway.",Staff Training (Food),Food
Scum line around the edge of the pool.,Pool Maintenance,Recreation
Review: Gym equipment is ancient and rusty.,Update Gym Equipment,Recreation
Not happy. The furniture is worn out and chipped.,Upgrade Room Amenities,Rooms
Review: Cable machine is stuck and dangerous.,Update Gym Equipment,Recreation
Not happy. Staff was arguing loudly in the hallway.,Disciplinary Action,Services
the food tasted slightly spoiled and smelled bad.,Inspect Kitchen Hygiene,Food
the steak was tough and flavorless.,Revise Menu Quality,Food
Review: Saw ants marching across the bathroom sink.,Pest Control Investigation,Rooms
Not happy. Lobby is chaotic and disorganized.,Review Check-in Process,Services
The coffee was burnt and bitter.,Revise Menu Quality,Food
Action needed: Water looked stagnant and dirty.,Pool Maintenance,Recreation
"Towels are thin, scratchy, and old. Terrible.",Upgrade Room Amenities,Rooms
Action needed:  Filtration system was making a loud noise.,Pool Maintenance,Recreation
kids club staff seemed bored and inattentive.,Recreation Staff Review,Recreation
Not happy. They refused to accept my voucher.,Compensate Guest,Food
The waiter spilled soup on me and didn't apologize. Terrible.,Staff Training (Food),Food
Misunderstanding about the room rate caused issues. Terrible.,Staff Communication Training,Services
Action needed: Food was cold when it arrived at the table.,Revise Menu Quality,Food
Priority check-in for members was not honored. Terrible.,Review Check-in Process,Services
"Honestly, employee was on their phone ignoring guests.",Disciplinary Action,Services
the concierge made a rude comment about my appearance.,Disciplinary Action,Services
"Review: Worst dining experience ever, I expect compensation.",Compensate Guest,Food
Action needed: The bathroom tiles had mold in the grout.,Deep Clean & Maintenance,Rooms
"Honestly, check-in line was huge and only one counter open.",Review Check-in Process,Services
Review: System crashed during check-in.,Review Check-in Process,Services
Action needed: Staff got my order wrong three times.,Staff Training (Food),Food
I found a hair in my food.,Inspect Kitchen Hygiene,Food
Air conditioner is loud and barely cools the room.,Upgrade Room Amenities,Rooms
Feedback: Lobby is chaotic and disorganized.,Review Check-in Process,Services
Feedback: Waiters were ignoring us and chatting among themselves.,Staff Training (Food),Food
the hairdryer provided is useless and overheating.,Upgrade Room Amenities,Rooms
They lost our reservation even though we booked weeks ago.,Compensate Guest,Food
"pool was freezing cold, heater broken.",Pool Maintenance,Recreation
The TV is tiny and has no channels. Terrible.,Upgrade Room Amenities,Rooms
Seasonal dishes listed on the menu were not available. Terrible.,Revise Menu Quality,Food
Not happy. Dead bugs on the windowsill.,Deep Clean & Maintenance,Rooms
The room is infested with insects.,Pest Control Investigation,Rooms
Not happy. Bellboy didn't explain how to use the key card.,Staff Communication Training,Services
restaurant manager was shouting at the staff.,Staff Training (Food),Food
Curtains were dusty and triggered my allergies. Terrible.,Deep Clean & Maintenance,Rooms
"Honestly, hygiene standards in the restaurant seem very low.",Inspect Kitchen Hygiene,Food
Not happy. Pool shower wasn't working.,Pool Maintenance,Recreation
"Honestly, mosquitoes in the room kept me up all night.",Pest Control Investigation,Rooms
Not happy. The pool water was cloudy and green.,Pool Maintenance,Recreation
Not happy. The pillows are lumpy and uncomfortable.,Upgrade Room Amenities,Rooms
"We waited 2 hours for our food, this is unacceptable. Terrible.",Compensate Guest,Food
Action needed: Found trash from previous guests in the drawer.,Deep Clean & Maintenance,Rooms
Action needed: Security guard was sleeping on the job.,Disciplinary Action,Services
Housekeeper stole money from my wallet.,Disciplinary Action,Services
Not happy. No one told us about the construction noise.,Staff Communication Training,Services
Review: The pillows are lumpy and uncomfortable.,Upgrade Room Amenities,Rooms
Action needed: Staff didn't know the ingredients of the dishes.,Staff Training (Food),Food
Review: Tiles around the pool are broken and sharp.,Pool Maintenance,Recreation
"Dust everywhere, especially under the bed.",Deep Clean & Maintenance,Rooms
"Feedback: Key cards didn't work, had to go back down.",Review Check-in Process,Services
No supervision in the children's play area. Terrible.,Recreation Staff Review,Recreation
Action needed: Asked for no onions but got onions anyway.,Staff Training (Food),Food
"Review: Key cards didn't work, had to go back down.",Review Check-in Process,Services
Feedback: No iron or ironing board in the room.,Upgrade Room Amenities,Rooms
Review: Lifeguard was on their phone the whole time.,Recreation Staff Review,Recreation
Review: The salad was wilted and brown.,Inspect Kitchen Hygiene,Food
pool attendant refused to give me a towel.,Recreation Staff Review,Recreation
The concierge made a rude comment about my appearance.,Disciplinary Action,Services
Action needed: The carpet was stained and smelled of mold.,Deep Clean & Maintenance,Rooms
"Honestly, room wasn't ready at 4 pm check-in time.",Review Check-in Process,Services
Not happy. Restaurant manager was shouting at the staff.,Staff Training (Food),Food
Review: Pool attendant refused to give me a towel.,Recreation Staff Review,Recreation
"Honestly, employee was on their phone ignoring guests.",Disciplinary Action,Services
Gym is too small for the number of guests. Terrible.,Update Gym Equipment,Recreation
"Honestly, i found a hair in my food.",Inspect Kitchen Hygiene,Food
Not happy. The pool water was cloudy and green.,Pool Maintenance,Recreation
flies buzzing around the room constantly.,Pest Control Investigation,Rooms
I got food poisoning after eating the seafood. Terrible.,Inspect Kitchen Hygiene,Food
"Honestly, minibar was empty and not working.",Upgrade Room Amenities,Rooms
Waiters were ignoring us and chatting among themselves. Terrible.,Staff Training (Food),Food
"Honestly, cockroach in the shower.",Pest Control Investigation,Rooms
"Honestly, elliptical machine makes a squeaking sound.",Update Gym Equipment,Recreation
our anniversary dinner was ruined by the terrible service.,Compensate Guest,Food
The pasta was overcooked and mushy.,Revise Menu Quality,Food
Action needed: Windows were dirty and hard to see through.,Deep Clean & Maintenance,Rooms
Review: Gym is too small for the number of guests.,Update Gym Equipment,Recreation
The room is infested with insects.,Pest Control Investigation,Rooms
Review: Staff member laughed at my complaint.,Disciplinary Action,Services
"Honestly, food was cold when it arrived at the table.",Revise Menu Quality,Food
tennis coach didn't show up for the lesson.,Recreation Staff Review,Recreation
Not happy. Asked for no onions but got onions anyway.,Staff Training (Food),Food
Feedback: The pillows are lumpy and uncomfortable.,Upgrade Room Amenities,Rooms
Review: I want a refund for this terrible meal.,Compensate Guest,Food
Action needed: The pillows are lumpy and uncomfortable.,Upgrade Room Amenities,Rooms
Review: Tour guide gave us incorrect historical info.,Recreation Staff Review,Recreation
Feedback: Housekeeper stole money from my wallet.,Disciplinary Action,Services
Review: The menu options are very limited and boring.,Revise Menu Quality,Food
Action needed: Found trash from previous guests in the drawer.,Deep Clean & Maintenance,Rooms
Not happy. The pasta was overcooked and mushy.,Revise Menu Quality,Food
It took 45 minutes just to check in. Terrible.,Review Check-in Process,Services
Review: Minibar was empty and not working.,Upgrade Room Amenities,Rooms
"Review: Key cards didn't work, had to go back down.",Review Check-in Process,Services
Action needed: Valet scratched my car and denied it.,Disciplinary Action,Services
"Honestly,  filtration system was making a loud noise.",Pool Maintenance,Recreation
Review: Bed bugs bit me all over my legs.,Pest Control Investigation,Rooms
Action needed: Everything tastes like frozen food reheated.,Revise Menu Quality,Food
Action needed: The plates were dirty and had leftover food stains.,Inspect Kitchen Hygiene,Food
Action needed: Service in the restaurant was incredibly slow.,Staff Training (Food),Food
Not happy. Not enough vegetarian or vegan options.,Revise Menu Quality,Food
Staff was arguing loudly in the hallway.,Disciplinary Action,Services
Not happy. Minibar was empty and not working.,Upgrade Room Amenities,Rooms
Feedback: Evidence of termites in the wooden furniture.,Pest Control Investigation,Rooms
Feedback: Entertainment team was low energy and boring.,Recreation Staff Review,Recreation
They couldn't find my booking in the system.,Review Check-in Process,Services
Action needed: Staff got my order wrong three times.,Staff Training (Food),Food
Not happy. The hairdryer provided is useless and overheating.,Upgrade Room Amenities,Rooms
"Feedback: We waited 2 hours for our food, this is unacceptable.",Compensate Guest,Food
Not happy. The buffet area looked unclean and messy.,Inspect Kitchen Hygiene,Food
The bathroom tiles had mold in the grout. Terrible.,Deep Clean & Maintenance,Rooms
lizard on the ceiling.,Pest Control Investigation,Rooms
Feedback: They didn't tell us the pool was under maintenance.,Staff Communication Training,Services
"Honestly, they lost our reservation even though we booked weeks ago.",Compensate Guest,Food
Called reception but no one answered the phone.,Staff Communication Training,Services
Feedback: There was a strange object in the soup.,Inspect Kitchen Hygiene,Food
Scum line around the edge of the pool. Terrible.,Pool Maintenance,Recreation
Review: Front desk staff gave us wrong information about breakfast.,Staff Communication Training,Services
 filtration system was making a loud noise.,Pool Maintenance,Recreation
Not happy. Charged 5 stars price for 1 star food.,Compensate Guest,Food
Review: Glass had lipstick marks on it.,Inspect Kitchen Hygiene,Food
waiters were ignoring us and chatting among themselves.,Staff Training (Food),Food
Not happy. Air conditioner is loud and barely cools the room.,Upgrade Room Amenities,Rooms
"Honestly, restaurant manager was shouting at the staff.",Staff Training (Food),Food
"the gym smells like sweat, no ventilation.",Update Gym Equipment,Recreation
Review: The pasta was overcooked and mushy.,Revise Menu Quality,Food
Action needed: Scum line around the edge of the pool.,Pool Maintenance,Recreation
Action needed: Not enough vegetarian or vegan options.,Revise Menu Quality,Food
"staff speaks very poor english, hard to communicate.",Staff Communication Training,Services
the toilet wasn't flushed when we arrived.,Deep Clean & Maintenance,Rooms
"Dust everywhere, especially under the bed.",Deep Clean & Maintenance,Rooms
Review: Gym is too small for the number of guests.,Update Gym Equipment,Recreation
The plates were dirty and had leftover food stains.,Inspect Kitchen Hygiene,Food
Not happy. The concierge made a rude comment about my appearance.,Disciplinary Action,Services
Not enough vegetarian or vegan options. Terrible.,Revise Menu Quality,Food
Feedback: No one told us about the construction noise.,Staff Communication Training,Services
Review: Bartender was visibly drunk.,Disciplinary Action,Services
Action needed: Conflicting information from different staff members.,Staff Communication Training,Services
Staff seemed confused by the check-in software. Terrible.,Review Check-in Process,Services
Action needed: Mosquitoes in the room kept me up all night.,Pest Control Investigation,Rooms
"Review: Towels are thin, scratchy, and old.",Upgrade Room Amenities,Rooms
"Honestly, it took 45 minutes just to check in.",Review Check-in Process,Services
"Honestly, conflicting information from different staff members.",Staff Communication Training,Services
"Honestly, the presentation of the dishes was poor.",Revise Menu Quality,Food
Lifeguard was on their phone the whole time.,Recreation Staff Review,Recreation
Feedback: Cable machine is stuck and dangerous.,Update Gym Equipment,Recreation
Action needed: I think I saw a mouse behind the curtain.,Pest Control Investigation,Rooms
Waiters were ignoring us and chatting among themselves.,Staff Training (Food),Food
cable machine is stuck and dangerous.,Update Gym Equipment,Recreation
Review: Food was cold when it arrived at the table.,Revise Menu Quality,Food
Feedback: The concierge made a rude comment about my appearance.,Disciplinary Action,Services
Action needed: Not enough weights for a proper workout.,Update Gym Equipment,Recreation
windows were dirty and hard to see through.,Deep Clean & Maintenance,Rooms
The coffee was burnt and bitter. Terrible.,Revise Menu Quality,Food
concierge was unable to give simple directions.,Staff Communication Training,Services
Review: There was a strange object in the soup.,Inspect Kitchen Hygiene,Food
Review: Glass had lipstick marks on it.,Inspect Kitchen Hygiene,Food
"Honestly, bartender was visibly drunk.",Disciplinary Action,Services
The pool water was cloudy and green. Terrible.,Pool Maintenance,Recreation
Front desk staff gave us wrong information about breakfast.,Staff Communication Training,Services
Action needed: Evidence of termites in the wooden furniture.,Pest Control Investigation,Rooms
Not happy. Cable machine is stuck and dangerous.,Update Gym Equipment,Recreation
Spa therapist was chatting during the massage.,Recreation Staff Review,Recreation
There was a spider on the pillow.,Pest Control Investigation,Rooms
Not happy. Tennis coach didn't show up for the lesson.,Recreation Staff Review,Recreation
Not happy. Evidence of termites in the wooden furniture.,Pest Control Investigation,Rooms
Review: It took 45 minutes just to check in.,Review Check-in Process,Services
Scum line around the edge of the pool. Terrible.,Pool Maintenance,Recreation
"Honestly, worst dining experience ever, i expect compensation.",Compensate Guest,Food
staff member laughed at my complaint.,Disciplinary Action,Services
Action needed: The presentation of the dishes was poor.,Revise Menu Quality,Food
Kids club staff seemed bored and inattentive. Terrible.,Recreation Staff Review,Recreation
Feedback: No iron or ironing board in the room.,Upgrade Room Amenities,Rooms
"Review: The gym smells like sweat, no ventilation.",Update Gym Equipment,Recreation
the buffet area looked unclean and messy.,Inspect Kitchen Hygiene,Food
No one came to clear our table for 30 minutes. Terrible.,Staff Training (Food),Food
The pool water was cloudy and green.,Pool Maintenance,Recreation
Feedback: Check-in line was huge and only one counter open.,Review Check-in Process,Services
i think i saw a mouse behind the curtain.,Pest Control Investigation,Rooms
Review: Tiles around the pool are broken and sharp.,Pool Maintenance,Recreation
they didn't tell us the pool was under maintenance.,Staff Communication Training,Services
Staff seemed confused by the check-in software. Terrible.,Review Check-in Process,Services
the tv is tiny and has no channels.,Upgrade Room Amenities,Rooms
Review: Staff member was smoking right outside the lobby door.,Disciplinary Action,Services
Review: Yoga mats are torn and dirty.,Update Gym Equipment,Recreation
Review: Not enough weights for a proper workout.,Update Gym Equipment,Recreation
"Review: The gym smells like sweat, no ventilation.",Update Gym Equipment,Recreation
Not happy. The bathroom tiles had mold in the grout.,Deep Clean & Maintenance,Rooms
Saw ants marching across the bathroom sink. Terrible.,Pest Control Investigation,Rooms
Not happy. Saw a cockroach near the kitchen entrance.,Inspect Kitchen Hygiene,Food
Feedback: The plates were dirty and had leftover food stains.,Inspect Kitchen Hygiene,Food
Feedback: They lost our reservation even though we booked weeks ago.,Compensate Guest,Food
"Honestly, the dessert was stale and dry.",Revise Menu Quality,Food
Feedback: Food was cold when it arrived at the table.,Revise Menu Quality,Food
Pool attendant refused to give me a towel.,Recreation Staff Review,Recreation
Action needed: It took 45 minutes just to check in.,Review Check-in Process,Services
It took 45 minutes just to check in.,Review Check-in Process,Services
Feedback: Elliptical machine makes a squeaking sound.,Update Gym Equipment,Recreation
Action needed: Room wasn't ready at 4 PM check-in time.,Review Check-in Process,Services
front desk staff gave us wrong information about breakfast.,Staff Communication Training,Services
Minibar was empty and not working.,Upgrade Room Amenities,Rooms
Action needed: Housekeeper stole money from my wallet.,Disciplinary Action,Services
the bathroom tiles had mold in the grout.,Deep Clean & Maintenance,Rooms
Seasonal dishes listed on the menu were not available.,Revise Menu Quality,Food
Action needed: The menu options are very limited and boring.,Revise Menu Quality,Food
The hairdryer provided is useless and overheating.,Upgrade Room Amenities,Rooms
Water looked stagnant and dirty.,Pool Maintenance,Recreation
Saw ants marching across the bathroom sink. Terrible.,Pest Control Investigation,Rooms
Action needed: Bike seat is broken.,Update Gym Equipment,Recreation
Food was cold when it arrived at the table. Terrible.,Revise Menu Quality,Food
Action needed: Entertainment team was low energy and boring.,Recreation Staff Review,Recreation
the hairdryer provided is useless and overheating.,Upgrade Room Amenities,Rooms
Not happy. The bill included a service charge that was not mentioned.,Compensate Guest,Food
Not happy. The coffee was burnt and bitter.,Revise Menu Quality,Food
The dessert was stale and dry.,Revise Menu Quality,Food
Debris and leaves floating in the water. Terrible.,Pool Maintenance,Recreation
Action needed: Employee was on their phone ignoring guests.,Disciplinary Action,Services
Feedback: Our anniversary dinner was ruined by the terrible service.,Compensate Guest,Food
Action needed: Front desk staff gave us wrong information about breakfast.,Staff Communication Training,Services
Action needed: Tour guide gave us incorrect historical info.,Recreation Staff Review,Recreation
Review: Flies buzzing around the room constantly.,Pest Control Investigation,Rooms
Review: Entertainment team was low energy and boring.,Recreation Staff Review,Recreation
"Honestly, restaurant manager was shouting at the staff.",Staff Training (Food),Food
pool ladders are loose and dangerous.,Pool Maintenance,Recreation
The room is infested with insects.,Pest Control Investigation,Rooms
Action needed: It took 45 minutes just to check in.,Review Check-in Process,Services
Feedback: Concierge was unable to give simple directions.,Staff Communication Training,Services
"Honestly, no iron or ironing board in the room.",Upgrade Room Amenities,Rooms
Action needed: Dead bugs on the windowsill.,Deep Clean & Maintenance,Rooms
"Honestly, unprofessional behavior from the night manager.",Disciplinary Action,Services
Review: Pool shower wasn't working.,Pool Maintenance,Recreation
Feedback: Hygiene standards in the restaurant seem very low.,Inspect Kitchen Hygiene,Food
Review: Pool ladders are loose and dangerous.,Pool Maintenance,Recreation
Not happy. The plates were dirty and had leftover food stains.,Inspect Kitchen Hygiene,Food
Entertainment team was low energy and boring. Terrible.,Recreation Staff Review,Recreation
Minibar was empty and not working. Terrible.,Upgrade Room Amenities,Rooms
Our anniversary dinner was ruined by the terrible service. Terrible.,Compensate Guest,Food
Action needed: WiFi signal is too weak to work in the room.,Upgrade Room Amenities,Rooms
Feedback: Lobby is chaotic and disorganized.,Review Check-in Process,Services
I want a refund for this terrible meal. Terrible.,Compensate Guest,Food
Review: Service in the restaurant was incredibly slow.,Staff Training (Food),Food
they didn't tell us the pool was under maintenance.,Staff Communication Training,Services
 Filtration system was making a loud noise.,Pool Maintenance,Recreation
Review: Scum line around the edge of the pool.,Pool Maintenance,Recreation
"Honestly, no one came to clear our table for 30 minutes.",Staff Training (Food),Food
The carpet was stained and smelled of mold. Terrible.,Deep Clean & Maintenance,Rooms
Review: Priority check-in for members was not honored.,Review Check-in Process,Services
Not happy. Gym is too small for the number of guests.,Update Gym Equipment,Recreation
Feedback: No one told us about the construction noise.,Staff Communication Training,Services
"Feedback: Worst dining experience ever, I expect compensation.",Compensate Guest,Food
Front desk staff gave us wrong information about breakfast. Terrible.,Staff Communication Training,Services
Not happy. Staff member laughed at my complaint.,Disciplinary Action,Services
"Honestly, charged 5 stars price for 1 star food.",Compensate Guest,Food
They couldn't find my booking in the system. Terrible.,Review Check-in Process,Services
Priority check-in for members was not honored.,Review Check-in Process,Services
Staff didn't know the ingredients of the dishes. Terrible.,Staff Training (Food),Food
Not happy. They couldn't find my booking in the system.,Review Check-in Process,Services
"Honestly, staff got my order wrong three times.",Staff Training (Food),Food
"Honestly, gym is too small for the number of guests.",Update Gym Equipment,Recreation
Staff member was smoking right outside the lobby door.,Disciplinary Action,Services
Entertainment team was low energy and boring. Terrible.,Recreation Staff Review,Recreation
Not happy. Staff got my order wrong three times.,Staff Training (Food),Food
They charged us for items we didn't order. Terrible.,Compensate Guest,Food
They couldn't find my booking in the system.,Review Check-in Process,Services
check-in line was huge and only one counter open.,Review Check-in Process,Services
Not happy. The bathroom tiles had mold in the grout.,Deep Clean & Maintenance,Rooms
"Honestly, the menu options are very limited and boring.",Revise Menu Quality,Food
Action needed: Staff member laughed at my complaint.,Disciplinary Action,Services
"Honestly, gym is too small for the number of guests.",Update Gym Equipment,Recreation
"Honestly, hygiene standards in the restaurant seem very low.",Inspect Kitchen Hygiene,Food
Action needed: Charged 5 stars price for 1 star food.,Compensate Guest,Food
Review: I think I saw a mouse behind the curtain.,Pest Control Investigation,Rooms
Review: The toilet wasn't flushed when we arrived.,Deep Clean & Maintenance,Rooms
Not happy. The steak was tough and flavorless.,Revise Menu Quality,Food
Windows were dirty and hard to see through. Terrible.,Deep Clean & Maintenance,Rooms
Feedback: Our anniversary dinner was ruined by the terrible service.,Compensate Guest,Food
pool shower wasn't working.,Pool Maintenance,Recreation
Review: Not enough weights for a proper workout.,Update Gym Equipment,Recreation
Everything tastes like frozen food reheated.,Revise Menu Quality,Food
Not happy. The carpet was stained and smelled of mold.,Deep Clean & Maintenance,Rooms
"Feedback: We waited 2 hours for our food, this is unacceptable.",Compensate Guest,Food
Action needed: Restaurant manager was shouting at the staff.,Staff Training (Food),Food
Review: Food was cold when it arrived at the table.,Revise Menu Quality,Food
"Honestly, bellboy didn't explain how to use the key card.",Staff Communication Training,Services
Action needed: Staff member was smoking right outside the lobby door.,Disciplinary Action,Services
There was a spider on the pillow. Terrible.,Pest Control Investigation,Rooms
Not happy. Pool shower wasn't working.,Pool Maintenance,Recreation
Not happy. Check-in line was huge and only one counter open.,Review Check-in Process,Services
"Feedback: Towels are thin, scratchy, and old.",Upgrade Room Amenities,Rooms
Pool ladders are loose and dangerous. Terrible.,Pool Maintenance,Recreation
"Honestly, dust everywhere, especially under the bed.",Deep Clean & Maintenance,Rooms
Feedback: Flies buzzing around the room constantly.,Pest Control Investigation,Rooms
Action needed: The food tasted slightly spoiled and smelled bad.,Inspect Kitchen Hygiene,Food
"Not happy. Towels are thin, scratchy, and old.",Upgrade Room Amenities,Rooms
There was a spider on the pillow.,Pest Control Investigation,Rooms
The coffee was burnt and bitter. Terrible.,Revise Menu Quality,Food
"Honestly, misunderstanding about the room rate caused issues.",Staff Communication Training,Services
"Honestly, the concierge made a rude comment about my appearance.",Disciplinary Action,Services
Not happy. Everything tastes like frozen food reheated.,Revise Menu Quality,Food
Review: They refused to accept my voucher.,Compensate Guest,Food
Cable machine is stuck and dangerous.,Update Gym Equipment,Recreation
"Honestly, the coffee was burnt and bitter.",Revise Menu Quality,Food
The concierge made a rude comment about my appearance. Terrible.,Disciplinary Action,Services
Not happy. System crashed during check-in.,Review Check-in Process,Services
Not happy. Yoga mats are torn and dirty.,Update Gym Equipment,Recreation
not enough weights for a proper workout.,Update Gym Equipment,Recreation
Not happy. Priority check-in for members was not honored.,Review Check-in Process,Services
Action needed: I want a refund for this terrible meal.,Compensate Guest,Food
Feedback: Minibar was empty and not working.,Upgrade Room Amenities,Rooms
Action needed: Priority check-in for members was not honored.,Review Check-in Process,Services
cable machine is stuck and dangerous.,Update Gym Equipment,Recreation
Not happy. Activity director was rude to the guests.,Recreation Staff Review,Recreation
Action needed: Debris and leaves floating in the water.,Pool Maintenance,Recreation
Review: The carpet was stained and smelled of mold.,Deep Clean & Maintenance,Rooms
Not happy. Priority check-in for members was not honored.,Review Check-in Process,Services
Review: Entertainment team was low energy and boring.,Recreation Staff Review,Recreation
Feedback: Debris and leaves floating in the water.,Pool Maintenance,Recreation
"Honestly, there was a spider on the pillow.",Pest Control Investigation,Rooms
i think i saw a mouse behind the curtain.,Pest Control Investigation,Rooms
The pillows are lumpy and uncomfortable.,Upgrade Room Amenities,Rooms
Gym is too small for the number of guests. Terrible.,Update Gym Equipment,Recreation
"Honestly, they forgot to give us our wake-up call.",Staff Communication Training,Services
"Staff speaks very poor English, hard to communicate.",Staff Communication Training,Services
"Honestly,  filtration system was making a loud noise.",Pool Maintenance,Recreation
We were promised a complimentary drink but never got it.,Compensate Guest,Food
Action needed: They couldn't find my booking in the system.,Review Check-in Process,Services
"Honestly, kids club staff seemed bored and inattentive.",Recreation Staff Review,Recreation
Review: Activity director was rude to the guests.,Recreation Staff Review,Recreation
Air conditioner is loud and barely cools the room.,Upgrade Room Amenities,Rooms
Feedback: Pool shower wasn't working.,Pool Maintenance,Recreation
everything tastes like frozen food reheated.,Revise Menu Quality,Food
"we waited 2 hours for our food, this is unacceptable.",Compensate Guest,Food
"Honestly, lobby is chaotic and disorganized.",Review Check-in Process,Services
Review: They lost our reservation even though we booked weeks ago.,Compensate Guest,Food
Review: The toilet wasn't flushed when we arrived.,Deep Clean & Maintenance,Rooms
Not happy. There was a strange object in the soup.,Inspect Kitchen Hygiene,Food
Feedback: They charged us for items we didn't order.,Compensate Guest,Food
"Worst dining experience ever, I expect compensation. Terrible.",Compensate Guest,Food
Not happy. No water or towels available in the gym.,Update Gym Equipment,Recreation
"Dust everywhere, especially under the bed.",Deep Clean & Maintenance,Rooms
"Honestly, the pillows are lumpy and uncomfortable.",Upgrade Room Amenities,Rooms
"Honestly, the plates were dirty and had leftover food stains.",Inspect Kitchen Hygiene,Food
"Honestly, the bathroom tiles had mold in the grout.",Deep Clean & Maintenance,Rooms
system crashed during check-in.,Review Check-in Process,Services
Action needed: Glass had lipstick marks on it.,Inspect Kitchen Hygiene,Food
The sheets had spots and didn't look fresh.,Deep Clean & Maintenance,Rooms
Tennis coach didn't show up for the lesson.,Recreation Staff Review,Recreation
Review: Gym equipment is ancient and rusty.,Update Gym Equipment,Recreation
Feedback: Employee was on their phone ignoring guests.,Disciplinary Action,Services
Review:  Filtration system was making a loud noise.,Pool Maintenance,Recreation
"Review: Need better lighting, the room is too dim.",Upgrade Room Amenities,Rooms
The room smelled like stale cigarette smoke.,Deep Clean & Maintenance,Rooms
Action needed: The bathroom tiles had mold in the grout.,Deep Clean & Maintenance,Rooms
Not happy. Bed bugs bit me all over my legs.,Pest Control Investigation,Rooms
Action needed: Not enough vegetarian or vegan options.,Revise Menu Quality,Food
Feedback: Mosquitoes in the room kept me up all night.,Pest Control Investigation,Rooms
Waiters were ignoring us and chatting among themselves.,Staff Training (Food),Food
Not happy. Staff didn't know the ingredients of the dishes.,Staff Training (Food),Food
Review: The plates were dirty and had leftover food stains.,Inspect Kitchen Hygiene,Food
I found a hair in my food.,Inspect Kitchen Hygiene,Food
Review: Check-in line was huge and only one counter open.,Review Check-in Process,Services
scum line around the edge of the pool.,Pool Maintenance,Recreation
staff got my order wrong three times.,Staff Training (Food),Food
"Honestly, they didn't tell us the pool was under maintenance.",Staff Communication Training,Services
the hairdryer provided is useless and overheating.,Upgrade Room Amenities,Rooms
Review: No iron or ironing board in the room.,Upgrade Room Amenities,Rooms
Evidence of termites in the wooden furniture.,Pest Control Investigation,Rooms
Not happy. They charged us for items we didn't order.,Compensate Guest,Food
WiFi signal is too weak to work in the room.,Upgrade Room Amenities,Rooms
System crashed during check-in. Terrible.,Review Check-in Process,Services
Feedback: The plates were dirty and had leftover food stains.,Inspect Kitchen Hygiene,Food
Review: Activity director was rude to the guests.,Recreation Staff Review,Recreation
"Honestly, saw ants marching across the bathroom sink.",Pest Control Investigation,Rooms
They demanded a cash deposit unexpectedly. Terrible.,Review Check-in Process,Services
"Honestly, it took 45 minutes just to check in.",Review Check-in Process,Services
Action needed: Restaurant manager was shouting at the staff.,Staff Training (Food),Food
Action needed: Elliptical machine makes a squeaking sound.,Update Gym Equipment,Recreation
Feedback: Dead bugs on the windowsill.,Deep Clean & Maintenance,Rooms
Feedback: Scum line around the edge of the pool.,Pool Maintenance,Recreation
Not happy. Beach staff demanded tips for chairs.,Recreation Staff Review,Recreation
"Towels are thin, scratchy, and old. Terrible.",Upgrade Room Amenities,Rooms
Minibar was empty and not working. Terrible.,Upgrade Room Amenities,Rooms
asked for no onions but got onions anyway.,Staff Training (Food),Food
Called reception but no one answered the phone. Terrible.,Staff Communication Training,Services
the room is infested with insects.,Pest Control Investigation,Rooms
I want a refund for this terrible meal. Terrible.,Compensate Guest,Food
Action needed: System crashed during check-in.,Review Check-in Process,Services
"Dust everywhere, especially under the bed.",Deep Clean & Maintenance,Rooms
The room smelled like stale cigarette smoke. Terrible.,Deep Clean & Maintenance,Rooms
the hostess was welcoming but the servers were grumpy.,Staff Training (Food),Food
bellboy didn't explain how to use the key card.,Staff Communication Training,Services
Feedback: It took 45 minutes just to check in.,Review Check-in Process,Services
Not happy. Misunderstanding about the room rate caused issues.,Staff Communication Training,Services
Staff was arguing loudly in the hallway.,Disciplinary Action,Services
No supervision in the children's play area. Terrible.,Recreation Staff Review,Recreation
Called reception but no one answered the phone.,Staff Communication Training,Services
Not happy. Our anniversary dinner was ruined by the terrible service.,Compensate Guest,Food
Feedback: The coffee was burnt and bitter.,Revise Menu Quality,Food
Entertainment team was low energy and boring.,Recreation Staff Review,Recreation
Waiters were ignoring us and chatting among themselves.,Staff Training (Food),Food
Everything tastes like frozen food reheated. Terrible.,Revise Menu Quality,Food
I found a hair in my food.,Inspect Kitchen Hygiene,Food
Feedback: Pool attendant refused to give me a towel.,Recreation Staff Review,Recreation
The food tasted slightly spoiled and smelled bad.,Inspect Kitchen Hygiene,Food
The room is infested with insects.,Pest Control Investigation,Rooms
Feedback: Bartender was visibly drunk.,Disciplinary Action,Services
"Honestly, they lost our reservation even though we booked weeks ago.",Compensate Guest,Food
Evidence of termites in the wooden furniture.,Pest Control Investigation,Rooms
Staff was arguing loudly in the hallway. Terrible.,Disciplinary Action,Services
Food was cold when it arrived at the table. Terrible.,Revise Menu Quality,Food
Review: Bellboy didn't explain how to use the key card.,Staff Communication Training,Services
Feedback: The plates were dirty and had leftover food stains.,Inspect Kitchen Hygiene,Food
"Honestly, debris and leaves floating in the water.",Pool Maintenance,Recreation
"Action needed: Need better lighting, the room is too dim.",Upgrade Room Amenities,Rooms
there was a strange object in the soup.,Inspect Kitchen Hygiene,Food
"Honestly, restaurant manager was shouting at the staff.",Staff Training (Food),Food
Action needed: Tennis coach didn't show up for the lesson.,Recreation Staff Review,Recreation
"Honestly, glass had lipstick marks on it.",Inspect Kitchen Hygiene,Food
Review: Activity director was rude to the guests.,Recreation Staff Review,Recreation
Action needed: The coffee was burnt and bitter.,Revise Menu Quality,Food
flies buzzing around the room constantly.,Pest Control Investigation,Rooms
Gym is too small for the number of guests.,Update Gym Equipment,Recreation
Staff seemed confused by the check-in software.,Review Check-in Process,Services
Feedback: The waiter spilled soup on me and didn't apologize.,Staff Training (Food),Food
i think i saw a mouse behind the curtain.,Pest Control Investigation,Rooms
Feedback: Water looked stagnant and dirty.,Pool Maintenance,Recreation
Spa therapist was chatting during the massage. Terrible.,Recreation Staff Review,Recreation
Feedback: There was a spider on the pillow.,Pest Control Investigation,Rooms
Review: Staff was arguing loudly in the hallway.,Disciplinary Action,Services
The plates were dirty and had leftover food stains. Terrible.,Inspect Kitchen Hygiene,Food
Feedback: The pasta was overcooked and mushy.,Revise Menu Quality,Food
Action needed: Service in the restaurant was incredibly slow.,Staff Training (Food),Food
The pasta was overcooked and mushy.,Revise Menu Quality,Food
Not happy. I want a refund for this terrible meal.,Compensate Guest,Food
Not happy. Dead bugs on the windowsill.,Deep Clean & Maintenance,Rooms
Action needed: Kids club staff seemed bored and inattentive.,Recreation Staff Review,Recreation
saw a cockroach near the kitchen entrance.,Inspect Kitchen Hygiene,Food
Review: Cable machine is stuck and dangerous.,Update Gym Equipment,Recreation
Bike seat is broken. Terrible.,Update Gym Equipment,Recreation
Pool ladders are loose and dangerous. Terrible.,Pool Maintenance,Recreation
Feedback: The dessert was stale and dry.,Revise Menu Quality,Food
Not happy. The plates were dirty and had leftover food stains.,Inspect Kitchen Hygiene,Food
The bill included a service charge that was not mentioned.,Compensate Guest,Food
Not happy. They demanded a cash deposit unexpectedly.,Review Check-in Process,Services
i want a refund for this terrible meal.,Compensate Guest,Food
"Honestly, lifeguard was on their phone the whole time.",Recreation Staff Review,Recreation
charged 5 stars price for 1 star food.,Compensate Guest,Food
"Honestly, valet scratched my car and denied it.",Disciplinary Action,Services
staff got my order wrong three times.,Staff Training (Food),Food
Action needed: Windows were dirty and hard to see through.,Deep Clean & Maintenance,Rooms
Not happy. The dessert was stale and dry.,Revise Menu Quality,Food
"We waited 2 hours for our food, this is unacceptable.",Compensate Guest,Food
"Honestly, key cards didn't work, had to go back down.",Review Check-in Process,Services
Not happy. Tour guide gave us incorrect historical info.,Recreation Staff Review,Recreation
The hostess was welcoming but the servers were grumpy. Terrible.,Staff Training (Food),Food
Review: Restaurant manager was shouting at the staff.,Staff Training (Food),Food
Air conditioner is loud and barely cools the room.,Upgrade Room Amenities,Rooms
I found a hair in my food. Terrible.,Inspect Kitchen Hygiene,Food
Staff didn't know the ingredients of the dishes.,Staff Training (Food),Food
Action needed: Seasonal dishes listed on the menu were not available.,Revise Menu Quality,Food
"Honestly, the steak was tough and flavorless.",Revise Menu Quality,Food
Action needed: Employee was on their phone ignoring guests.,Disciplinary Action,Services
Feedback: Evidence of termites in the wooden furniture.,Pest Control Investigation,Rooms
"Honestly, no water or towels available in the gym.",Update Gym Equipment,Recreation
Staff didn't know the ingredients of the dishes.,Staff Training (Food),Food
"Review: We waited 2 hours for our food, this is unacceptable.",Compensate Guest,Food
Review: It took 45 minutes just to check in.,Review Check-in Process,Services
"Honestly, no water or towels available in the gym.",Update Gym Equipment,Recreation
"Honestly, the pillows are lumpy and uncomfortable.",Upgrade Room Amenities,Rooms
No water or towels available in the gym.,Update Gym Equipment,Recreation
Review: The pool water was cloudy and green.,Pool Maintenance,Recreation
Feedback: They refused to accept my voucher.,Compensate Guest,Food
Feedback: The toilet wasn't flushed when we arrived.,Deep Clean & Maintenance,Rooms
"Honestly, system crashed during check-in.",Review Check-in Process,Services
Action needed: The pillows are lumpy and uncomfortable.,Upgrade Room Amenities,Rooms
"Honestly, the tv is tiny and has no channels.",Upgrade Room Amenities,Rooms
Action needed: Elliptical machine makes a squeaking sound.,Update Gym Equipment,Recreation
Feedback: Not enough vegetarian or vegan options.,Revise Menu Quality,Food
Action needed: The salad was wilted and brown.,Inspect Kitchen Hygiene,Food
"Not happy. Dust everywhere, especially under the bed.",Deep Clean & Maintenance,Rooms
"Honestly, tiles around the pool are broken and sharp.",Pool Maintenance,Recreation
Pool attendant refused to give me a towel. Terrible.,Recreation Staff Review,Recreation
priority check-in for members was not honored.,Review Check-in Process,Services
Feedback: Room wasn't ready at 4 PM check-in time.,Review Check-in Process,Services
priority check-in for members was not honored.,Review Check-in Process,Services
"Honestly, they didn't tell us the pool was under maintenance.",Staff Communication Training,Services
Review: Hygiene standards in the restaurant seem very low.,Inspect Kitchen Hygiene,Food
Feedback: Security guard was sleeping on the job.,Disciplinary Action,Services
Not happy. I found a hair in my food.,Inspect Kitchen Hygiene,Food
Review: Glass had lipstick marks on it.,Inspect Kitchen Hygiene,Food
Action needed: Bartender was visibly drunk.,Disciplinary Action,Services
Review: Lifeguard was on their phone the whole time.,Recreation Staff Review,Recreation
Action needed: Not enough weights for a proper workout.,Update Gym Equipment,Recreation
Action needed: They couldn't find my booking in the system.,Review Check-in Process,Services
Action needed: Water looked stagnant and dirty.,Pool Maintenance,Recreation
"Action needed: Key cards didn't work, had to go back down.",Review Check-in Process,Services
Review: Staff seemed confused by the check-in software.,Review Check-in Process,Services
"Honestly, unprofessional behavior from the night manager.",Disciplinary Action,Services
 Filtration system was making a loud noise. Terrible.,Pool Maintenance,Recreation
No water or towels available in the gym. Terrible.,Update Gym Equipment,Recreation
"Honestly, our anniversary dinner was ruined by the terrible service.",Compensate Guest,Food
Not happy. The concierge made a rude comment about my appearance.,Disciplinary Action,Services
Called reception but no one answered the phone.,Staff Communication Training,Services
"Not happy. Need better lighting, the room is too dim.",Upgrade Room Amenities,Rooms
Review: Cable machine is stuck and dangerous.,Update Gym Equipment,Recreation
"Staff speaks very poor English, hard to communicate.",Staff Communication Training,Services
"Honestly, the pasta was overcooked and mushy.",Revise Menu Quality,Food
Feedback: Bartender was visibly drunk.,Disciplinary Action,Services
Not happy.  Filtration system was making a loud noise.,Pool Maintenance,Recreation
"Honestly, minibar was empty and not working.",Upgrade Room Amenities,Rooms
water looked stagnant and dirty.,Pool Maintenance,Recreation
Feedback: Pool shower wasn't working.,Pool Maintenance,Recreation
valet scratched my car and denied it.,Disciplinary Action,Services
"Honestly, it took 45 minutes just to check in.",Review Check-in Process,Services
Feedback: The presentation of the dishes was poor.,Revise Menu Quality,Food
Asked for no onions but got onions anyway.,Staff Training (Food),Food
Gym is too small for the number of guests.,Update Gym Equipment,Recreation
I got food poisoning after eating the seafood. Terrible.,Inspect Kitchen Hygiene,Food
Feedback: Windows were dirty and hard to see through.,Deep Clean & Maintenance,Rooms
entertainment team was low energy and boring.,Recreation Staff Review,Recreation
Not enough weights for a proper workout. Terrible.,Update Gym Equipment,Recreation
Feedback: Staff seemed confused by the check-in software.,Review Check-in Process,Services
Action needed: Saw ants marching across the bathroom sink.,Pest Control Investigation,Rooms
Bartender was visibly drunk. Terrible.,Disciplinary Action,Services
"Honestly, i found a hair in my food.",Inspect Kitchen Hygiene,Food
The plates were dirty and had leftover food stains. Terrible.,Inspect Kitchen Hygiene,Food
Feedback: Room wasn't ready at 4 PM check-in time.,Review Check-in Process,Services
They demanded a cash deposit unexpectedly. Terrible.,Review Check-in Process,Services
Not happy. Staff didn't know the ingredients of the dishes.,Staff Training (Food),Food
"Honestly, dead bugs on the windowsill.",Deep Clean & Maintenance,Rooms
Review: Lizard on the ceiling.,Pest Control Investigation,Rooms
"Key cards didn't work, had to go back down. Terrible.",Review Check-in Process,Services
Not happy. The TV is tiny and has no channels.,Upgrade Room Amenities,Rooms
"Honestly, restaurant manager was shouting at the staff.",Staff Training (Food),Food
Review: Air conditioner is loud and barely cools the room.,Upgrade Room Amenities,Rooms
Review: Food was cold when it arrived at the table.,Revise Menu Quality,Food
Action needed: Evidence of termites in the wooden furniture.,Pest Control Investigation,Rooms
Review: Staff member laughed at my complaint.,Disciplinary Action,Services
"Honestly, front desk staff gave us wrong information about breakfast.",Staff Communication Training,Services
Not happy. Waiters were ignoring us and chatting among themselves.,Staff Training (Food),Food
"Honestly, the food tasted slightly spoiled and smelled bad.",Inspect Kitchen Hygiene,Food
Action needed: Service in the restaurant was incredibly slow.,Staff Training (Food),Food
"Honestly, beach staff demanded tips for chairs.",Recreation Staff Review,Recreation
Not happy. Yoga mats are torn and dirty.,Update Gym Equipment,Recreation
Action needed: They couldn't find my booking in the system.,Review Check-in Process,Services
Action needed: WiFi signal is too weak to work in the room.,Upgrade Room Amenities,Rooms
Review: Everything tastes like frozen food reheated.,Revise Menu Quality,Food
Action needed: Found trash from previous guests in the drawer.,Deep Clean & Maintenance,Rooms
The hairdryer provided is useless and overheating.,Upgrade Room Amenities,Rooms
Employee was on their phone ignoring guests.,Disciplinary Action,Services
Pool ladders are loose and dangerous. Terrible.,Pool Maintenance,Recreation
Not happy. The sheets had spots and didn't look fresh.,Deep Clean & Maintenance,Rooms
the room is infested with insects.,Pest Control Investigation,Rooms
Misunderstanding about the room rate caused issues. Terrible.,Staff Communication Training,Services
"Honestly, staff was arguing loudly in the hallway.",Disciplinary Action,Services
They couldn't find my booking in the system. Terrible.,Review Check-in Process,Services
pool shower wasn't working.,Pool Maintenance,Recreation
The presentation of the dishes was poor.,Revise Menu Quality,Food
"Honestly, bed bugs bit me all over my legs.",Pest Control Investigation,Rooms
The bathroom tiles had mold in the grout. Terrible.,Deep Clean & Maintenance,Rooms
"Honestly, pool ladders are loose and dangerous.",Pool Maintenance,Recreation
found trash from previous guests in the drawer.,Deep Clean & Maintenance,Rooms
i found a hair in my food.,Inspect Kitchen Hygiene,Food
The menu options are very limited and boring. Terrible.,Revise Menu Quality,Food
Not happy. Staff got my order wrong three times.,Staff Training (Food),Food
Not happy. Gym is too small for the number of guests.,Update Gym Equipment,Recreation
Called reception but no one answered the phone.,Staff Communication Training,Services
Everything tastes like frozen food reheated. Terrible.,Revise Menu Quality,Food
Not happy. Curtains were dusty and triggered my allergies.,Deep Clean & Maintenance,Rooms
the bathroom tiles had mold in the grout.,Deep Clean & Maintenance,Rooms
Feedback: Elliptical machine makes a squeaking sound.,Update Gym Equipment,Recreation
Staff was arguing loudly in the hallway. Terrible.,Disciplinary Action,Services
Not happy. Tour guide gave us incorrect historical info.,Recreation Staff Review,Recreation
Review: We were promised a complimentary drink but never got it.,Compensate Guest,Food
Cable machine is stuck and dangerous. Terrible.,Update Gym Equipment,Recreation
The carpet was stained and smelled of mold.,Deep Clean & Maintenance,Rooms
Action needed: Cable machine is stuck and dangerous.,Update Gym Equipment,Recreation
"Honestly, spa therapist was chatting during the massage.",Recreation Staff Review,Recreation
Review: Bellboy didn't explain how to use the key card.,Staff Communication Training,Services
Action needed: Debris and leaves floating in the water.,Pool Maintenance,Recreation
Debris and leaves floating in the water. Terrible.,Pool Maintenance,Recreation
Review: Pool shower wasn't working.,Pool Maintenance,Recreation
Review: Asked for no onions but got onions anyway.,Staff Training (Food),Food
"Honestly, cable machine is stuck and dangerous.",Update Gym Equipment,Recreation
Action needed: Staff got my order wrong three times.,Staff Training (Food),Food
Feedback: Cockroach in the shower.,Pest Control Investigation,Rooms
Action needed: System crashed during check-in.,Review Check-in Process,Services
Seasonal dishes listed on the menu were not available.,Revise Menu Quality,Food
Review: I found a hair in my food.,Inspect Kitchen Hygiene,Food
the bathroom tiles had mold in the grout.,Deep Clean & Maintenance,Rooms
pool ladders are loose and dangerous.,Pool Maintenance,Recreation
"Honestly, they charged us for items we didn't order.",Compensate Guest,Food
Cable machine is stuck and dangerous. Terrible.,Update Gym Equipment,Recreation
Yoga mats are torn and dirty. Terrible.,Update Gym Equipment,Recreation
restaurant manager was shouting at the staff.,Staff Training (Food),Food
Everything tastes like frozen food reheated.,Revise Menu Quality,Food
Feedback: Bed bugs bit me all over my legs.,Pest Control Investigation,Rooms
there was a spider on the pillow.,Pest Control Investigation,Rooms
"Honestly, they refused to accept my voucher.",Compensate Guest,Food
the server was rude when i asked for water.,Staff Training (Food),Food
we were promised a complimentary drink but never got it.,Compensate Guest,Food
Feedback: It took 45 minutes just to check in.,Review Check-in Process,Services
Saw a cockroach near the kitchen entrance. Terrible.,Inspect Kitchen Hygiene,Food
Review: The salad was wilted and brown.,Inspect Kitchen Hygiene,Food
Not happy. The hairdryer provided is useless and overheating.,Upgrade Room Amenities,Rooms
Feedback: The dessert was stale and dry.,Revise Menu Quality,Food
the sheets had spots and didn't look fresh.,Deep Clean & Maintenance,Rooms
We were promised a complimentary drink but never got it. Terrible.,Compensate Guest,Food
"Not happy. Too much chlorine in the pool, burned my eyes.",Pool Maintenance,Recreation
Action needed: The bathroom tiles had mold in the grout.,Deep Clean & Maintenance,Rooms
the dessert was stale and dry.,Revise Menu Quality,Food
WiFi signal is too weak to work in the room. Terrible.,Upgrade Room Amenities,Rooms
"Not happy. Key cards didn't work, had to go back down.",Review Check-in Process,Services
Action needed: Bike seat is broken.,Update Gym Equipment,Recreation
"Honestly, mosquitoes in the room kept me up all night.",Pest Control Investigation,Rooms
Review: Cockroach in the shower.,Pest Control Investigation,Rooms
Not happy. The pasta was overcooked and mushy.,Revise Menu Quality,Food
Action needed: Waiters were ignoring us and chatting among themselves.,Staff Training (Food),Food
Not happy. The sheets had spots and didn't look fresh.,Deep Clean & Maintenance,Rooms
Scum line around the edge of the pool. Terrible.,Pool Maintenance,Recreation
Action needed: Lifeguard was on their phone the whole time.,Recreation Staff Review,Recreation
Review: Conflicting information from different staff members.,Staff Communication Training,Services
No one told us about the construction noise. Terrible.,Staff Communication Training,Services
Review: Not enough weights for a proper workout.,Update Gym Equipment,Recreation
Action needed: The sheets had spots and didn't look fresh.,Deep Clean & Maintenance,Rooms
Review: Waiters were ignoring us and chatting among themselves.,Staff Training (Food),Food
Waiters were ignoring us and chatting among themselves.,Staff Training (Food),Food
I got food poisoning after eating the seafood. Terrible.,Inspect Kitchen Hygiene,Food
There was a spider on the pillow. Terrible.,Pest Control Investigation,Rooms
Not happy. Cable machine is stuck and dangerous.,Update Gym Equipment,Recreation
Feedback: Staff member laughed at my complaint.,Disciplinary Action,Services
"Need better lighting, the room is too dim. Terrible.",Upgrade Room Amenities,Rooms
Action needed: Misunderstanding about the room rate caused issues.,Staff Communication Training,Services
spa therapist was chatting during the massage.,Recreation Staff Review,Recreation
They refused to accept my voucher. Terrible.,Compensate Guest,Food
Review: Spa therapist was chatting during the massage.,Recreation Staff Review,Recreation
tiles around the pool are broken and sharp.,Pool Maintenance,Recreation
windows were dirty and hard to see through.,Deep Clean & Maintenance,Rooms
Staff got my order wrong three times.,Staff Training (Food),Food
gym is too small for the number of guests.,Update Gym Equipment,Recreation
The buffet area looked unclean and messy. Terrible.,Inspect Kitchen Hygiene,Food
Treadmills were all out of order.,Update Gym Equipment,Recreation
The presentation of the dishes was poor. Terrible.,Revise Menu Quality,Food
Bellboy didn't explain how to use the key card.,Staff Communication Training,Services
Action needed: There was a spider on the pillow.,Pest Control Investigation,Rooms
"Honestly, waiters were ignoring us and chatting among themselves.",Staff Training (Food),Food
Review: Charged 5 stars price for 1 star food.,Compensate Guest,Food
Action needed: Valet scratched my car and denied it.,Disciplinary Action,Services
Action needed: Called reception but no one answered the phone.,Staff Communication Training,Services
Review: Our anniversary dinner was ruined by the terrible service.,Compensate Guest,Food
spa therapist was chatting during the massage.,Recreation Staff Review,Recreation
"Honestly, staff seemed confused by the check-in software.",Review Check-in Process,Services
"Honestly, not enough vegetarian or vegan options.",Revise Menu Quality,Food
Feedback: Curtains were dusty and triggered my allergies.,Deep Clean & Maintenance,Rooms
wifi signal is too weak to work in the room.,Upgrade Room Amenities,Rooms
The bill included a service charge that was not mentioned.,Compensate Guest,Food
Bike seat is broken. Terrible.,Update Gym Equipment,Recreation
The pasta was overcooked and mushy.,Revise Menu Quality,Food
Not happy. I got food poisoning after eating the seafood.,Inspect Kitchen Hygiene,Food
"Pool was freezing cold, heater broken.",Pool Maintenance,Recreation
they lost our reservation even though we booked weeks ago.,Compensate Guest,Food
Restaurant manager was shouting at the staff. Terrible.,Staff Training (Food),Food
"Honestly, i want a refund for this terrible meal.",Compensate Guest,Food
"Feedback: Too much chlorine in the pool, burned my eyes.",Pool Maintenance,Recreation
Not happy. They didn't tell us the pool was under maintenance.,Staff Communication Training,Services
Review: Waiters were ignoring us and chatting among themselves.,Staff Training (Food),Food
We were promised a complimentary drink but never got it.,Compensate Guest,Food
water looked stagnant and dirty.,Pool Maintenance,Recreation
"Feedback: The gym smells like sweat, no ventilation.",Update Gym Equipment,Recreation
Tiles around the pool are broken and sharp.,Pool Maintenance,Recreation
No water or towels available in the gym. Terrible.,Update Gym Equipment,Recreation
Not happy. There was a spider on the pillow.,Pest Control Investigation,Rooms
Review: Kids club staff seemed bored and inattentive.,Recreation Staff Review,Recreation
Not happy. Windows were dirty and hard to see through.,Deep Clean & Maintenance,Rooms
Review: Lizard on the ceiling.,Pest Control Investigation,Rooms
hygiene standards in the restaurant seem very low.,Inspect Kitchen Hygiene,Food
"Honestly, kids club staff seemed bored and inattentive.",Recreation Staff Review,Recreation
Priority check-in for members was not honored.,Review Check-in Process,Services
They couldn't find my booking in the system.,Review Check-in Process,Services
"Honestly, valet scratched my car and denied it.",Disciplinary Action,Services
the hostess was welcoming but the servers were grumpy.,Staff Training (Food),Food
"The gym smells like sweat, no ventilation.",Update Gym Equipment,Recreation
"Review: Worst dining experience ever, I expect compensation.",Compensate Guest,Food
Action needed: Concierge was unable to give simple directions.,Staff Communication Training,Services
"Honestly, pool shower wasn't working.",Pool Maintenance,Recreation
Beach staff demanded tips for chairs.,Recreation Staff Review,Recreation
The steak was tough and flavorless.,Revise Menu Quality,Food
Not happy. Bartender was visibly drunk.,Disciplinary Action,Services
"Pool was freezing cold, heater broken.",Pool Maintenance,Recreation
Feedback: Scum line around the edge of the pool.,Pool Maintenance,Recreation
Review: Front desk staff gave us wrong information about breakfast.,Staff Communication Training,Services
Bartender was visibly drunk.,Disciplinary Action,Services
We were promised a complimentary drink but never got it.,Compensate Guest,Food
Yoga mats are torn and dirty.,Update Gym Equipment,Recreation
Review: Called reception but no one answered the phone.,Staff Communication Training,Services
Review: Tour guide gave us incorrect historical info.,Recreation Staff Review,Recreation
Not happy. Found trash from previous guests in the drawer.,Deep Clean & Maintenance,Rooms
there was a spider on the pillow.,Pest Control Investigation,Rooms
Review: Charged 5 stars price for 1 star food.,Compensate Guest,Food
Not happy. Check-in line was huge and only one counter open.,Review Check-in Process,Services
"Honestly, everything tastes like frozen food reheated.",Revise Menu Quality,Food
Feedback: Bed bugs bit me all over my legs.,Pest Control Investigation,Rooms
Debris and leaves floating in the water. Terrible.,Pool Maintenance,Recreation
Room wasn't ready at 4 PM check-in time. Terrible.,Review Check-in Process,Services
Action needed: Minibar was empty and not working.,Upgrade Room Amenities,Rooms
Not happy. Staff was arguing loudly in the hallway.,Disciplinary Action,Services
Feedback: Air conditioner is loud and barely cools the room.,Upgrade Room Amenities,Rooms
The sheets had spots and didn't look fresh.,Deep Clean & Maintenance,Rooms
Action needed: Scum line around the edge of the pool.,Pool Maintenance,Recreation
Not happy. They lost our reservation even though we booked weeks ago.,Compensate Guest,Food
Lizard on the ceiling.,Pest Control Investigation,Rooms
The concierge made a rude comment about my appearance.,Disciplinary Action,Services
Feedback: I found a hair in my food.,Inspect Kitchen Hygiene,Food
Employee was on their phone ignoring guests. Terrible.,Disciplinary Action,Services
"Honestly, windows were dirty and hard to see through.",Deep Clean & Maintenance,Rooms
Feedback: The pasta was overcooked and mushy.,Revise Menu Quality,Food
"Honestly, restaurant manager was shouting at the staff.",Staff Training (Food),Food
Feedback: The pillows are lumpy and uncomfortable.,Upgrade Room Amenities,Rooms
Action needed: Charged 5 stars price for 1 star food.,Compensate Guest,Food
they forgot to give us our wake-up call.,Staff Communication Training,Services
Treadmills were all out of order.,Update Gym Equipment,Recreation
Priority check-in for members was not honored. Terrible.,Review Check-in Process,Services
Not happy. The coffee was burnt and bitter.,Revise Menu Quality,Food
Conflicting information from different staff members.,Staff Communication Training,Services
Everything tastes like frozen food reheated.,Revise Menu Quality,Food
lobby is chaotic and disorganized.,Review Check-in Process,Services
Feedback: Beach staff demanded tips for chairs.,Recreation Staff Review,Recreation
Action needed: Waiters were ignoring us and chatting among themselves.,Staff Training (Food),Food
check-in line was huge and only one counter open.,Review Check-in Process,Services
staff seemed confused by the check-in software.,Review Check-in Process,Services
Feedback: Saw a cockroach near the kitchen entrance.,Inspect Kitchen Hygiene,Food
Not happy. Debris and leaves floating in the water.,Pool Maintenance,Recreation
Action needed: No one told us about the construction noise.,Staff Communication Training,Services
Saw ants marching across the bathroom sink.,Pest Control Investigation,Rooms
staff got my order wrong three times.,Staff Training (Food),Food
"Honestly, no water or towels available in the gym.",Update Gym Equipment,Recreation
i got food poisoning after eating the seafood.,Inspect Kitchen Hygiene,Food
Not happy. Hygiene standards in the restaurant seem very low.,Inspect Kitchen Hygiene,Food
Feedback: They forgot to give us our wake-up call.,Staff Communication Training,Services
Feedback: Unprofessional behavior from the night manager.,Disciplinary Action,Services
Action needed: Kids club staff seemed bored and inattentive.,Recreation Staff Review,Recreation
"staff speaks very poor english, hard to communicate.",Staff Communication Training,Services
Review: There was a spider on the pillow.,Pest Control Investigation,Rooms
staff member was smoking right outside the lobby door.,Disciplinary Action,Services
Tiles around the pool are broken and sharp. Terrible.,Pool Maintenance,Recreation
"Honestly, bed bugs bit me all over my legs.",Pest Control Investigation,Rooms
entertainment team was low energy and boring.,Recreation Staff Review,Recreation
Action needed: I think I saw a mouse behind the curtain.,Pest Control Investigation,Rooms
The furniture is worn out and chipped.,Upgrade Room Amenities,Rooms
Feedback: The menu options are very limited and boring.,Revise Menu Quality,Food
Action needed: Evidence of termites in the wooden furniture.,Pest Control Investigation,Rooms
Review: It took 45 minutes just to check in.,Review Check-in Process,Services
no one told us about the construction noise.,Staff Communication Training,Services
Action needed: The room smelled like stale cigarette smoke.,Deep Clean & Maintenance,Rooms
lifeguard was on their phone the whole time.,Recreation Staff Review,Recreation
Action needed: They charged us for items we didn't order.,Compensate Guest,Food
They lost our reservation even though we booked weeks ago. Terrible.,Compensate Guest,Food
Not happy. Lobby is chaotic and disorganized.,Review Check-in Process,Services
"Honestly, front desk staff gave us wrong information about breakfast.",Staff Communication Training,Services
Not happy. Seasonal dishes listed on the menu were not available.,Revise Menu Quality,Food
Review: The bill included a service charge that was not mentioned.,Compensate Guest,Food
Action needed: Not enough weights for a proper workout.,Update Gym Equipment,Recreation
food was cold when it arrived at the table.,Revise Menu Quality,Food
Review: There was a spider on the pillow.,Pest Control Investigation,Rooms
"Honestly, tiles around the pool are broken and sharp.",Pool Maintenance,Recreation
"Review: Towels are thin, scratchy, and old.",Upgrade Room Amenities,Rooms
Feedback: Valet scratched my car and denied it.,Disciplinary Action,Services
Feedback: Dead bugs on the windowsill.,Deep Clean & Maintenance,Rooms
Action needed: Staff seemed confused by the check-in software.,Review Check-in Process,Services
Action needed: Windows were dirty and hard to see through.,Deep Clean & Maintenance,Rooms
Review: It took 45 minutes just to check in.,Review Check-in Process,Services
Feedback: It took 45 minutes just to check in.,Review Check-in Process,Services
Not happy. The furniture is worn out and chipped.,Upgrade Room Amenities,Rooms
Pool attendant refused to give me a towel. Terrible.,Recreation Staff Review,Recreation
Review: The room is infested with insects.,Pest Control Investigation,Rooms
Action needed: Front desk staff gave us wrong information about breakfast.,Staff Communication Training,Services
Action needed: Staff got my order wrong three times.,Staff Training (Food),Food
Not happy. Flies buzzing around the room constantly.,Pest Control Investigation,Rooms
Not happy. Spa therapist was chatting during the massage.,Recreation Staff Review,Recreation
Action needed: The room smelled like stale cigarette smoke.,Deep Clean & Maintenance,Rooms
Not happy. Staff member was smoking right outside the lobby door.,Disciplinary Action,Services
"Honestly, elliptical machine makes a squeaking sound.",Update Gym Equipment,Recreation
Misunderstanding about the room rate caused issues.,Staff Communication Training,Services
"Honestly, no water or towels available in the gym.",Update Gym Equipment,Recreation
"Review: Worst dining experience ever, I expect compensation.",Compensate Guest,Food
The room is infested with insects.,Pest Control Investigation,Rooms
Feedback: They demanded a cash deposit unexpectedly.,Review Check-in Process,Services
Review: Asked for no onions but got onions anyway.,Staff Training (Food),Food
"Honestly, found trash from previous guests in the drawer.",Deep Clean & Maintenance,Rooms
Entertainment team was low energy and boring. Terrible.,Recreation Staff Review,Recreation
Action needed: Pool attendant refused to give me a towel.,Recreation Staff Review,Recreation
no supervision in the children's play area.,Recreation Staff Review,Recreation
Action needed: Front desk staff gave us wrong information about breakfast.,Staff Communication Training,Services
Water looked stagnant and dirty.,Pool Maintenance,Recreation
Feedback: The pillows are lumpy and uncomfortable.,Upgrade Room Amenities,Rooms
Spa therapist was chatting during the massage. Terrible.,Recreation Staff Review,Recreation
i found a hair in my food.,Inspect Kitchen Hygiene,Food
Review: Housekeeper stole money from my wallet.,Disciplinary Action,Services
the plates were dirty and had leftover food stains.,Inspect Kitchen Hygiene,Food
Saw ants marching across the bathroom sink.,Pest Control Investigation,Rooms
Review: Service in the restaurant was incredibly slow.,Staff Training (Food),Food
"Honestly, windows were dirty and hard to see through.",Deep Clean & Maintenance,Rooms
"Honestly, saw ants marching across the bathroom sink.",Pest Control Investigation,Rooms
Not happy. Tour guide gave us incorrect historical info.,Recreation Staff Review,Recreation
bartender was visibly drunk.,Disciplinary Action,Services
"Action needed: Pool was freezing cold, heater broken.",Pool Maintenance,Recreation
Not happy. The toilet wasn't flushed when we arrived.,Deep Clean & Maintenance,Rooms
Saw ants marching across the bathroom sink. Terrible.,Pest Control Investigation,Rooms
Review: Found trash from previous guests in the drawer.,Deep Clean & Maintenance,Rooms
"Honestly, lobby is chaotic and disorganized.",Review Check-in Process,Services
Action needed: Pool attendant refused to give me a towel.,Recreation Staff Review,Recreation
"Honestly, yoga mats are torn and dirty.",Update Gym Equipment,Recreation
Staff member laughed at my complaint.,Disciplinary Action,Services
Everything tastes like frozen food reheated. Terrible.,Revise Menu Quality,Food
bed bugs bit me all over my legs.,Pest Control Investigation,Rooms
The pasta was overcooked and mushy.,Revise Menu Quality,Food
Unprofessional behavior from the night manager. Terrible.,Disciplinary Action,Services
Review: Unprofessional behavior from the night manager.,Disciplinary Action,Services
"Honestly, conflicting information from different staff members.",Staff Communication Training,Services
Review: Minibar was empty and not working.,Upgrade Room Amenities,Rooms
Review: Our anniversary dinner was ruined by the terrible service.,Compensate Guest,Food
lifeguard was on their phone the whole time.,Recreation Staff Review,Recreation
Feedback: I think I saw a mouse behind the curtain.,Pest Control Investigation,Rooms
Staff was arguing loudly in the hallway.,Disciplinary Action,Services
Review: Misunderstanding about the room rate caused issues.,Staff Communication Training,Services
Feedback: Scum line around the edge of the pool.,Pool Maintenance,Recreation
The sheets had spots and didn't look fresh.,Deep Clean & Maintenance,Rooms
Action needed: Everything tastes like frozen food reheated.,Revise Menu Quality,Food
"Review: Towels are thin, scratchy, and old.",Upgrade Room Amenities,Rooms
Action needed: Pool ladders are loose and dangerous.,Pool Maintenance,Recreation
The room is infested with insects. Terrible.,Pest Control Investigation,Rooms
"Not happy. Staff speaks very poor English, hard to communicate.",Staff Communication Training,Services
WiFi signal is too weak to work in the room. Terrible.,Upgrade Room Amenities,Rooms
Action needed: Mosquitoes in the room kept me up all night.,Pest Control Investigation,Rooms
Not happy. Hygiene standards in the restaurant seem very low.,Inspect Kitchen Hygiene,Food
"Honestly,  filtration system was making a loud noise.",Pool Maintenance,Recreation
the room is infested with insects.,Pest Control Investigation,Rooms
Feedback: Service in the restaurant was incredibly slow.,Staff Training (Food),Food
I want a refund for this terrible meal.,Compensate Guest,Food
Misunderstanding about the room rate caused issues.,Staff Communication Training,Services
Action needed: Evidence of termites in the wooden furniture.,Pest Control Investigation,Rooms
Feedback: Saw a cockroach near the kitchen entrance.,Inspect Kitchen Hygiene,Food
i think i saw a mouse behind the curtain.,Pest Control Investigation,Rooms
There was a spider on the pillow.,Pest Control Investigation,Rooms
Minibar was empty and not working. Terrible.,Upgrade Room Amenities,Rooms
Seasonal dishes listed on the menu were not available.,Revise Menu Quality,Food
The server was rude when I asked for water.,Staff Training (Food),Food
concierge was unable to give simple directions.,Staff Communication Training,Services
Scum line around the edge of the pool.,Pool Maintenance,Recreation
Not happy. The dessert was stale and dry.,Revise Menu Quality,Food
No one told us about the construction noise.,Staff Communication Training,Services
Feedback: Saw a cockroach near the kitchen entrance.,Inspect Kitchen Hygiene,Food
"Honestly, not enough vegetarian or vegan options.",Revise Menu Quality,Food
saw a cockroach near the kitchen entrance.,Inspect Kitchen Hygiene,Food
Not happy. The server was rude when I asked for water.,Staff Training (Food),Food
"pool was freezing cold, heater broken.",Pool Maintenance,Recreation
Action needed: Gym is too small for the number of guests.,Update Gym Equipment,Recreation
"Honestly, windows were dirty and hard to see through.",Deep Clean & Maintenance,Rooms
Action needed: No one told us about the construction noise.,Staff Communication Training,Services
scum line around the edge of the pool.,Pool Maintenance,Recreation
Not happy. Debris and leaves floating in the water.,Pool Maintenance,Recreation
"Honestly, the bathroom tiles had mold in the grout.",Deep Clean & Maintenance,Rooms
gym is too small for the number of guests.,Update Gym Equipment,Recreation
employee was on their phone ignoring guests.,Disciplinary Action,Services
"Honestly, waiters were ignoring us and chatting among themselves.",Staff Training (Food),Food
glass had lipstick marks on it.,Inspect Kitchen Hygiene,Food
Review: The carpet was stained and smelled of mold.,Deep Clean & Maintenance,Rooms
staff seemed confused by the check-in software.,Review Check-in Process,Services
"Review: Worst dining experience ever, I expect compensation.",Compensate Guest,Food
Feedback: I think I saw a mouse behind the curtain.,Pest Control Investigation,Rooms
it took 45 minutes just to check in.,Review Check-in Process,Services
"Honestly, no iron or ironing board in the room.",Upgrade Room Amenities,Rooms
Action needed: I got food poisoning after eating the seafood.,Inspect Kitchen Hygiene,Food
"Honestly, asked for no onions but got onions anyway.",Staff Training (Food),Food
"Honestly, flies buzzing around the room constantly.",Pest Control Investigation,Rooms
glass had lipstick marks on it.,Inspect Kitchen Hygiene,Food
I got food poisoning after eating the seafood. Terrible.,Inspect Kitchen Hygiene,Food
Not happy. Minibar was empty and not working.,Upgrade Room Amenities,Rooms
Action needed: The steak was tough and flavorless.,Revise Menu Quality,Food
Not happy. Saw a cockroach near the kitchen entrance.,Inspect Kitchen Hygiene,Food
The room smelled like stale cigarette smoke. Terrible.,Deep Clean & Maintenance,Rooms
they charged us for items we didn't order.,Compensate Guest,Food
Action needed: It took 45 minutes just to check in.,Review Check-in Process,Services
"Honestly, the plates were dirty and had leftover food stains.",Inspect Kitchen Hygiene,Food
"Action needed: We waited 2 hours for our food, this is unacceptable.",Compensate Guest,Food
Lobby is chaotic and disorganized.,Review Check-in Process,Services
I found a hair in my food. Terrible.,Inspect Kitchen Hygiene,Food
Staff was arguing loudly in the hallway.,Disciplinary Action,Services
"Review: We waited 2 hours for our food, this is unacceptable.",Compensate Guest,Food
Feedback: Pool shower wasn't working.,Pool Maintenance,Recreation
Feedback: Bartender was visibly drunk.,Disciplinary Action,Services
"Honestly, key cards didn't work, had to go back down.",Review Check-in Process,Services
They couldn't find my booking in the system. Terrible.,Review Check-in Process,Services
Not happy. WiFi signal is too weak to work in the room.,Upgrade Room Amenities,Rooms
Review: No iron or ironing board in the room.,Upgrade Room Amenities,Rooms
spa therapist was chatting during the massage.,Recreation Staff Review,Recreation
Spa therapist was chatting during the massage.,Recreation Staff Review,Recreation
Action needed: Valet scratched my car and denied it.,Disciplinary Action,Services
debris and leaves floating in the water.,Pool Maintenance,Recreation
"Too much chlorine in the pool, burned my eyes.",Pool Maintenance,Recreation
Not happy. The room is infested with insects.,Pest Control Investigation,Rooms
"Pool was freezing cold, heater broken. Terrible.",Pool Maintenance,Recreation
Feedback: They forgot to give us our wake-up call.,Staff Communication Training,Services
Action needed: Bed bugs bit me all over my legs.,Pest Control Investigation,Rooms
"Review: Towels are thin, scratchy, and old.",Upgrade Room Amenities,Rooms
Not happy. Dead bugs on the windowsill.,Deep Clean & Maintenance,Rooms
Not happy. Valet scratched my car and denied it.,Disciplinary Action,Services
Not happy. The hairdryer provided is useless and overheating.,Upgrade Room Amenities,Rooms
"Not happy. The gym smells like sweat, no ventilation.",Update Gym Equipment,Recreation
"Key cards didn't work, had to go back down. Terrible.",Review Check-in Process,Services
Not happy. Lobby is chaotic and disorganized.,Review Check-in Process,Services
Review: The concierge made a rude comment about my appearance.,Disciplinary Action,Services
Review: The hostess was welcoming but the servers were grumpy.,Staff Training (Food),Food
"Honestly, security guard was sleeping on the job.",Disciplinary Action,Services
"Not happy. Dust everywhere, especially under the bed.",Deep Clean & Maintenance,Rooms
i found a hair in my food.,Inspect Kitchen Hygiene,Food
"Action needed: Staff speaks very poor English, hard to communicate.",Staff Communication Training,Services
Review: The concierge made a rude comment about my appearance.,Disciplinary Action,Services
I want a refund for this terrible meal.,Compensate Guest,Food
Review: Tiles around the pool are broken and sharp.,Pool Maintenance,Recreation
the food tasted slightly spoiled and smelled bad.,Inspect Kitchen Hygiene,Food
Not happy. The food tasted slightly spoiled and smelled bad.,Inspect Kitchen Hygiene,Food
Cable machine is stuck and dangerous.,Update Gym Equipment,Recreation
Review: Bed bugs bit me all over my legs.,Pest Control Investigation,Rooms
Feedback: They forgot to give us our wake-up call.,Staff Communication Training,Services
the coffee was burnt and bitter.,Revise Menu Quality,Food
Action needed: I found a hair in my food.,Inspect Kitchen Hygiene,Food
Not happy. Bellboy didn't explain how to use the key card.,Staff Communication Training,Services
the room smelled like stale cigarette smoke.,Deep Clean & Maintenance,Rooms
Review: Pool ladders are loose and dangerous.,Pool Maintenance,Recreation
Evidence of termites in the wooden furniture.,Pest Control Investigation,Rooms
"Honestly, the gym smells like sweat, no ventilation.",Update Gym Equipment,Recreation
Feedback: No water or towels available in the gym.,Update Gym Equipment,Recreation
Review: Cockroach in the shower.,Pest Control Investigation,Rooms
Not happy. The pasta was overcooked and mushy.,Revise Menu Quality,Food
Review: The hairdryer provided is useless and overheating.,Upgrade Room Amenities,Rooms
Feedback: Beach staff demanded tips for chairs.,Recreation Staff Review,Recreation
Not happy.  Filtration system was making a loud noise.,Pool Maintenance,Recreation
Not happy.  Filtration system was making a loud noise.,Pool Maintenance,Recreation
security guard was sleeping on the job.,Disciplinary Action,Services
Feedback: Pool ladders are loose and dangerous.,Pool Maintenance,Recreation
Not happy. The pillows are lumpy and uncomfortable.,Upgrade Room Amenities,Rooms
Room wasn't ready at 4 PM check-in time.,Review Check-in Process,Services
Gym is too small for the number of guests.,Update Gym Equipment,Recreation
charged 5 stars price for 1 star food.,Compensate Guest,Food
"Honestly, the tv is tiny and has no channels.",Upgrade Room Amenities,Rooms
i want a refund for this terrible meal.,Compensate Guest,Food
they lost our reservation even though we booked weeks ago.,Compensate Guest,Food
The waiter spilled soup on me and didn't apologize. Terrible.,Staff Training (Food),Food
the bathroom tiles had mold in the grout.,Deep Clean & Maintenance,Rooms
"Honestly, valet scratched my car and denied it.",Disciplinary Action,Services
pool ladders are loose and dangerous.,Pool Maintenance,Recreation
Bartender was visibly drunk.,Disciplinary Action,Services
"Honestly, seasonal dishes listed on the menu were not available.",Revise Menu Quality,Food
conflicting information from different staff members.,Staff Communication Training,Services
Saw a cockroach near the kitchen entrance.,Inspect Kitchen Hygiene,Food
The pasta was overcooked and mushy. Terrible.,Revise Menu Quality,Food
Feedback: Everything tastes like frozen food reheated.,Revise Menu Quality,Food
Feedback: Waiters were ignoring us and chatting among themselves.,Staff Training (Food),Food
Glass had lipstick marks on it.,Inspect Kitchen Hygiene,Food
Action needed: The waiter spilled soup on me and didn't apologize.,Staff Training (Food),Food
Review: The presentation of the dishes was poor.,Revise Menu Quality,Food
staff was arguing loudly in the hallway.,Disciplinary Action,Services
"Review: The gym smells like sweat, no ventilation.",Update Gym Equipment,Recreation
Curtains were dusty and triggered my allergies.,Deep Clean & Maintenance,Rooms
Action needed: Activity director was rude to the guests.,Recreation Staff Review,Recreation
The hostess was welcoming but the servers were grumpy. Terrible.,Staff Training (Food),Food
Bed bugs bit me all over my legs. Terrible.,Pest Control Investigation,Rooms
Feedback: Windows were dirty and hard to see through.,Deep Clean & Maintenance,Rooms
Employee was on their phone ignoring guests.,Disciplinary Action,Services
"Honestly, they refused to accept my voucher.",Compensate Guest,Food
the pasta was overcooked and mushy.,Revise Menu Quality,Food
Hygiene standards in the restaurant seem very low. Terrible.,Inspect Kitchen Hygiene,Food
Feedback: Valet scratched my car and denied it.,Disciplinary Action,Services
i found a hair in my food.,Inspect Kitchen Hygiene,Food
Bellboy didn't explain how to use the key card.,Staff Communication Training,Services
They refused to accept my voucher. Terrible.,Compensate Guest,Food
Review: Called reception but no one answered the phone.,Staff Communication Training,Services
Not happy. Bellboy didn't explain how to use the key card.,Staff Communication Training,Services
Action needed: Charged 5 stars price for 1 star food.,Compensate Guest,Food
"Honestly, water looked stagnant and dirty.",Pool Maintenance,Recreation
"Honestly, they didn't tell us the pool was under maintenance.",Staff Communication Training,Services
Feedback: Employee was on their phone ignoring guests.,Disciplinary Action,Services
Cockroach in the shower. Terrible.,Pest Control Investigation,Rooms
Not happy. The hairdryer provided is useless and overheating.,Upgrade Room Amenities,Rooms
"worst dining experience ever, i expect compensation.",Compensate Guest,Food
Action needed: I think I saw a mouse behind the curtain.,Pest Control Investigation,Rooms
Not happy. Pool attendant refused to give me a towel.,Recreation Staff Review,Recreation
Action needed: Cable machine is stuck and dangerous.,Update Gym Equipment,Recreation
Action needed: The presentation of the dishes was poor.,Revise Menu Quality,Food
They forgot to give us our wake-up call. Terrible.,Staff Communication Training,Services
Action needed: They demanded a cash deposit unexpectedly.,Review Check-in Process,Services
Feedback: Staff was arguing loudly in the hallway.,Disciplinary Action,Services
Feedback: The room smelled like stale cigarette smoke.,Deep Clean & Maintenance,Rooms
Not happy. Lobby is chaotic and disorganized.,Review Check-in Process,Services
Feedback: Treadmills were all out of order.,Update Gym Equipment,Recreation
Asked for no onions but got onions anyway.,Staff Training (Food),Food
Dead bugs on the windowsill. Terrible.,Deep Clean & Maintenance,Rooms
Debris and leaves floating in the water. Terrible.,Pool Maintenance,Recreation
"Honestly, pool ladders are loose and dangerous.",Pool Maintenance,Recreation
Not happy. The food tasted slightly spoiled and smelled bad.,Inspect Kitchen Hygiene,Food
elliptical machine makes a squeaking sound.,Update Gym Equipment,Recreation
"Honestly, the server was rude when i asked for water.",Staff Training (Food),Food
There was a strange object in the soup.,Inspect Kitchen Hygiene,Food
Service in the restaurant was incredibly slow.,Staff Training (Food),Food
"Honestly, flies buzzing around the room constantly.",Pest Control Investigation,Rooms
Review: Saw a cockroach near the kitchen entrance.,Inspect Kitchen Hygiene,Food
Review: The hairdryer provided is useless and overheating.,Upgrade Room Amenities,Rooms
everything tastes like frozen food reheated.,Revise Menu Quality,Food
Not happy. Staff didn't know the ingredients of the dishes.,Staff Training (Food),Food
Not happy. Saw ants marching across the bathroom sink.,Pest Control Investigation,Rooms
Saw ants marching across the bathroom sink.,Pest Control Investigation,Rooms
Review: Employee was on their phone ignoring guests.,Disciplinary Action,Services
Action needed: Employee was on their phone ignoring guests.,Disciplinary Action,Services
Feedback: Waiters were ignoring us and chatting among themselves.,Staff Training (Food),Food
"Honestly, no one told us about the construction noise.",Staff Communication Training,Services
Not happy. Gym is too small for the number of guests.,Update Gym Equipment,Recreation
Review: Glass had lipstick marks on it.,Inspect Kitchen Hygiene,Food
bellboy didn't explain how to use the key card.,Staff Communication Training,Services
Action needed: There was a strange object in the soup.,Inspect Kitchen Hygiene,Food
"Not happy. Dust everywhere, especially under the bed.",Deep Clean & Maintenance,Rooms
concierge was unable to give simple directions.,Staff Communication Training,Services
System crashed during check-in.,Review Check-in Process,Services
Review: I got food poisoning after eating the seafood.,Inspect Kitchen Hygiene,Food
Feedback: Evidence of termites in the wooden furniture.,Pest Control Investigation,Rooms
Action needed: Bartender was visibly drunk.,Disciplinary Action,Services
Pool ladders are loose and dangerous.,Pool Maintenance,Recreation
Review: They didn't tell us the pool was under maintenance.,Staff Communication Training,Services
The plates were dirty and had leftover food stains.,Inspect Kitchen Hygiene,Food
Review: The server was rude when I asked for water.,Staff Training (Food),Food
They didn't tell us the pool was under maintenance. Terrible.,Staff Communication Training,Services
Not happy. They forgot to give us our wake-up call.,Staff Communication Training,Services
Service in the restaurant was incredibly slow.,Staff Training (Food),Food
Feedback: Food was cold when it arrived at the table.,Revise Menu Quality,Food
Review: We were promised a complimentary drink but never got it.,Compensate Guest,Food
pool ladders are loose and dangerous.,Pool Maintenance,Recreation
"Honestly, i got food poisoning after eating the seafood.",Inspect Kitchen Hygiene,Food
Hygiene standards in the restaurant seem very low.,Inspect Kitchen Hygiene,Food
"Honestly, dead bugs on the windowsill.",Deep Clean & Maintenance,Rooms
mosquitoes in the room kept me up all night.,Pest Control Investigation,Rooms
Review: The presentation of the dishes was poor.,Revise Menu Quality,Food
Review: Lobby is chaotic and disorganized.,Review Check-in Process,Services
Feedback: Staff member laughed at my complaint.,Disciplinary Action,Services
Feedback: The carpet was stained and smelled of mold.,Deep Clean & Maintenance,Rooms
Feedback: Unprofessional behavior from the night manager.,Disciplinary Action,Services
Not happy. Conflicting information from different staff members.,Staff Communication Training,Services
The toilet wasn't flushed when we arrived.,Deep Clean & Maintenance,Rooms
Not happy. Entertainment team was low energy and boring.,Recreation Staff Review,Recreation
Staff member was smoking right outside the lobby door. Terrible.,Disciplinary Action,Services
kids club staff seemed bored and inattentive.,Recreation Staff Review,Recreation
misunderstanding about the room rate caused issues.,Staff Communication Training,Services
Food was cold when it arrived at the table. Terrible.,Revise Menu Quality,Food
Conflicting information from different staff members. Terrible.,Staff Communication Training,Services
the coffee was burnt and bitter.,Revise Menu Quality,Food
"Honestly, housekeeper stole money from my wallet.",Disciplinary Action,Services
"Honestly,  filtration system was making a loud noise.",Pool Maintenance,Recreation
employee was on their phone ignoring guests.,Disciplinary Action,Services
activity director was rude to the guests.,Recreation Staff Review,Recreation
Review: Lifeguard was on their phone the whole time.,Recreation Staff Review,Recreation
They couldn't find my booking in the system.,Review Check-in Process,Services
Review: Saw ants marching across the bathroom sink.,Pest Control Investigation,Rooms
Not happy. The server was rude when I asked for water.,Staff Training (Food),Food
Not happy. Seasonal dishes listed on the menu were not available.,Revise Menu Quality,Food
The buffet area looked unclean and messy.,Inspect Kitchen Hygiene,Food
Feedback: Cable machine is stuck and dangerous.,Update Gym Equipment,Recreation
Action needed: The room is infested with insects.,Pest Control Investigation,Rooms
Action needed: There was a strange object in the soup.,Inspect Kitchen Hygiene,Food
"Honestly, the server was rude when i asked for water.",Staff Training (Food),Food
Front desk staff gave us wrong information about breakfast.,Staff Communication Training,Services
Action needed: The menu options are very limited and boring.,Revise Menu Quality,Food
Not happy. Restaurant manager was shouting at the staff.,Staff Training (Food),Food
Not happy. The food tasted slightly spoiled and smelled bad.,Inspect Kitchen Hygiene,Food
Feedback: No one told us about the construction noise.,Staff Communication Training,Services
no iron or ironing board in the room.,Upgrade Room Amenities,Rooms
Review: Front desk staff gave us wrong information about breakfast.,Staff Communication Training,Services
Feedback: There was a spider on the pillow.,Pest Control Investigation,Rooms
Gym is too small for the number of guests. Terrible.,Update Gym Equipment,Recreation
"Honestly, no water or towels available in the gym.",Update Gym Equipment,Recreation
Not happy. Gym is too small for the number of guests.,Update Gym Equipment,Recreation
Not happy. Not enough vegetarian or vegan options.,Revise Menu Quality,Food
Review: The bathroom tiles had mold in the grout.,Deep Clean & Maintenance,Rooms
Not happy. Service in the restaurant was incredibly slow.,Staff Training (Food),Food
Treadmills were all out of order. Terrible.,Update Gym Equipment,Recreation
Cable machine is stuck and dangerous.,Update Gym Equipment,Recreation
Review: Evidence of termites in the wooden furniture.,Pest Control Investigation,Rooms
"Honestly, cockroach in the shower.",Pest Control Investigation,Rooms
Water looked stagnant and dirty.,Pool Maintenance,Recreation
Not happy. They lost our reservation even though we booked weeks ago.,Compensate Guest,Food
The food tasted slightly spoiled and smelled bad.,Inspect Kitchen Hygiene,Food
Action needed: Scum line around the edge of the pool.,Pool Maintenance,Recreation
Not happy. Housekeeper stole money from my wallet.,Disciplinary Action,Services
Review: The sheets had spots and didn't look fresh.,Deep Clean & Maintenance,Rooms
Not happy. Valet scratched my car and denied it.,Disciplinary Action,Services
There was a spider on the pillow. Terrible.,Pest Control Investigation,Rooms
Feedback: The pillows are lumpy and uncomfortable.,Upgrade Room Amenities,Rooms
Housekeeper stole money from my wallet.,Disciplinary Action,Services
Action needed: Bed bugs bit me all over my legs.,Pest Control Investigation,Rooms
Action needed: The steak was tough and flavorless.,Revise Menu Quality,Food
Feedback: The steak was tough and flavorless.,Revise Menu Quality,Food
"The gym smells like sweat, no ventilation.",Update Gym Equipment,Recreation
Review: The steak was tough and flavorless.,Revise Menu Quality,Food
Action needed: Everything tastes like frozen food reheated.,Revise Menu Quality,Food
scum line around the edge of the pool.,Pool Maintenance,Recreation
Concierge was unable to give simple directions. Terrible.,Staff Communication Training,Services
"Need better lighting, the room is too dim. Terrible.",Upgrade Room Amenities,Rooms
activity director was rude to the guests.,Recreation Staff Review,Recreation
Not happy. Restaurant manager was shouting at the staff.,Staff Training (Food),Food
Review: Gym equipment is ancient and rusty.,Update Gym Equipment,Recreation
Employee was on their phone ignoring guests.,Disciplinary Action,Services
the sheets had spots and didn't look fresh.,Deep Clean & Maintenance,Rooms
I found a hair in my food. Terrible.,Inspect Kitchen Hygiene,Food
Not happy. Staff got my order wrong three times.,Staff Training (Food),Food
gym is too small for the number of guests.,Update Gym Equipment,Recreation
Water looked stagnant and dirty. Terrible.,Pool Maintenance,Recreation
Action needed: The room smelled like stale cigarette smoke.,Deep Clean & Maintenance,Rooms
Review: I found a hair in my food.,Inspect Kitchen Hygiene,Food
No one told us about the construction noise.,Staff Communication Training,Services
The menu options are very limited and boring.,Revise Menu Quality,Food
Not happy. The room is infested with insects.,Pest Control Investigation,Rooms
Action needed: Scum line around the edge of the pool.,Pool Maintenance,Recreation
Action needed: Spa therapist was chatting during the massage.,Recreation Staff Review,Recreation
"Honestly, yoga mats are torn and dirty.",Update Gym Equipment,Recreation
elliptical machine makes a squeaking sound.,Update Gym Equipment,Recreation
Feedback: Staff was arguing loudly in the hallway.,Disciplinary Action,Services
there was a strange object in the soup.,Inspect Kitchen Hygiene,Food
"Honestly, priority check-in for members was not honored.",Review Check-in Process,Services
"Honestly, saw ants marching across the bathroom sink.",Pest Control Investigation,Rooms
Not happy. Cockroach in the shower.,Pest Control Investigation,Rooms
the server was rude when i asked for water.,Staff Training (Food),Food
Hygiene standards in the restaurant seem very low. Terrible.,Inspect Kitchen Hygiene,Food
Feedback: Staff member was smoking right outside the lobby door.,Disciplinary Action,Services
"Honestly, towels are thin, scratchy, and old.",Upgrade Room Amenities,Rooms
Feedback: The pasta was overcooked and mushy.,Revise Menu Quality,Food
Not happy. The hairdryer provided is useless and overheating.,Upgrade Room Amenities,Rooms
"Honestly, valet scratched my car and denied it.",Disciplinary Action,Services
Review: They charged us for items we didn't order.,Compensate Guest,Food
Not happy. No supervision in the children's play area.,Recreation Staff Review,Recreation
"Honestly, entertainment team was low energy and boring.",Recreation Staff Review,Recreation
Not happy. They demanded a cash deposit unexpectedly.,Review Check-in Process,Services
I think I saw a mouse behind the curtain.,Pest Control Investigation,Rooms
 Filtration system was making a loud noise. Terrible.,Pool Maintenance,Recreation
"Honestly, curtains were dusty and triggered my allergies.",Deep Clean & Maintenance,Rooms
Pool ladders are loose and dangerous.,Pool Maintenance,Recreation
Feedback: They couldn't find my booking in the system.,Review Check-in Process,Services
There was a spider on the pillow.,Pest Control Investigation,Rooms
Review: Waiters were ignoring us and chatting among themselves.,Staff Training (Food),Food
I found a hair in my food. Terrible.,Inspect Kitchen Hygiene,Food
"Honestly, the hostess was welcoming but the servers were grumpy.",Staff Training (Food),Food
"Honestly, the concierge made a rude comment about my appearance.",Disciplinary Action,Services
Not enough vegetarian or vegan options. Terrible.,Revise Menu Quality,Food
Housekeeper stole money from my wallet. Terrible.,Disciplinary Action,Services
pool ladders are loose and dangerous.,Pool Maintenance,Recreation
Action needed: Housekeeper stole money from my wallet.,Disciplinary Action,Services
The carpet was stained and smelled of mold.,Deep Clean & Maintenance,Rooms
Action needed: They lost our reservation even though we booked weeks ago.,Compensate Guest,Food
Feedback: We were promised a complimentary drink but never got it.,Compensate Guest,Food
Not happy. Food was cold when it arrived at the table.,Revise Menu Quality,Food
waiters were ignoring us and chatting among themselves.,Staff Training (Food),Food
Tiles around the pool are broken and sharp. Terrible.,Pool Maintenance,Recreation
The coffee was burnt and bitter.,Revise Menu Quality,Food
Not happy. Our anniversary dinner was ruined by the terrible service.,Compensate Guest,Food
"Honestly, valet scratched my car and denied it.",Disciplinary Action,Services
"Honestly, unprofessional behavior from the night manager.",Disciplinary Action,Services
Dead bugs on the windowsill.,Deep Clean & Maintenance,Rooms
Action needed: I want a refund for this terrible meal.,Compensate Guest,Food
"Action needed: Pool was freezing cold, heater broken.",Pool Maintenance,Recreation
the pasta was overcooked and mushy.,Revise Menu Quality,Food
Review: Treadmills were all out of order.,Update Gym Equipment,Recreation
Not happy. The toilet wasn't flushed when we arrived.,Deep Clean & Maintenance,Rooms
Review: Bike seat is broken.,Update Gym Equipment,Recreation
WiFi signal is too weak to work in the room. Terrible.,Upgrade Room Amenities,Rooms
found trash from previous guests in the drawer.,Deep Clean & Maintenance,Rooms
"Honestly, evidence of termites in the wooden furniture.",Pest Control Investigation,Rooms
No iron or ironing board in the room. Terrible.,Upgrade Room Amenities,Rooms
"Honestly, gym is too small for the number of guests.",Update Gym Equipment,Recreation
The bathroom tiles had mold in the grout.,Deep Clean & Maintenance,Rooms
"Action needed: Towels are thin, scratchy, and old.",Upgrade Room Amenities,Rooms
"Honestly, the sheets had spots and didn't look fresh.",Deep Clean & Maintenance,Rooms
Review: Elliptical machine makes a squeaking sound.,Update Gym Equipment,Recreation
Feedback: Tour guide gave us incorrect historical info.,Recreation Staff Review,Recreation
Valet scratched my car and denied it. Terrible.,Disciplinary Action,Services
Action needed: Hygiene standards in the restaurant seem very low.,Inspect Kitchen Hygiene,Food
They refused to accept my voucher.,Compensate Guest,Food
The hostess was welcoming but the servers were grumpy. Terrible.,Staff Training (Food),Food
Review: Bed bugs bit me all over my legs.,Pest Control Investigation,Rooms
Action needed: Front desk staff gave us wrong information about breakfast.,Staff Communication Training,Services
Review: Staff was arguing loudly in the hallway.,Disciplinary Action,Services
treadmills were all out of order.,Update Gym Equipment,Recreation
"Honestly, concierge was unable to give simple directions.",Staff Communication Training,Services
Not happy. I found a hair in my food.,Inspect Kitchen Hygiene,Food
Feedback: We were promised a complimentary drink but never got it.,Compensate Guest,Food
Not happy. They lost our reservation even though we booked weeks ago.,Compensate Guest,Food
"Honestly, we waited 2 hours for our food, this is unacceptable.",Compensate Guest,Food
Feedback: Asked for no onions but got onions anyway.,Staff Training (Food),Food
"Towels are thin, scratchy, and old. Terrible.",Upgrade Room Amenities,Rooms
Not happy. Windows were dirty and hard to see through.,Deep Clean & Maintenance,Rooms
"Honestly, seasonal dishes listed on the menu were not available.",Revise Menu Quality,Food
tour guide gave us incorrect historical info.,Recreation Staff Review,Recreation
Conflicting information from different staff members.,Staff Communication Training,Services
mosquitoes in the room kept me up all night.,Pest Control Investigation,Rooms
Review: Priority check-in for members was not honored.,Review Check-in Process,Services
"Honestly,  filtration system was making a loud noise.",Pool Maintenance,Recreation
Flies buzzing around the room constantly. Terrible.,Pest Control Investigation,Rooms
"Honestly, the room smelled like stale cigarette smoke.",Deep Clean & Maintenance,Rooms
"Honestly, the hostess was welcoming but the servers were grumpy.",Staff Training (Food),Food
Asked for no onions but got onions anyway.,Staff Training (Food),Food
tennis coach didn't show up for the lesson.,Recreation Staff Review,Recreation
Review: Lobby is chaotic and disorganized.,Review Check-in Process,Services
the hairdryer provided is useless and overheating.,Upgrade Room Amenities,Rooms
Elliptical machine makes a squeaking sound.,Update Gym Equipment,Recreation
Gym equipment is ancient and rusty.,Update Gym Equipment,Recreation
Water looked stagnant and dirty. Terrible.,Pool Maintenance,Recreation
Action needed: Service in the restaurant was incredibly slow.,Staff Training (Food),Food
Not happy. I found a hair in my food.,Inspect Kitchen Hygiene,Food
"Honestly, there was a strange object in the soup.",Inspect Kitchen Hygiene,Food
Not happy. No supervision in the children's play area.,Recreation Staff Review,Recreation
Action needed: Staff didn't know the ingredients of the dishes.,Staff Training (Food),Food
there was a strange object in the soup.,Inspect Kitchen Hygiene,Food
entertainment team was low energy and boring.,Recreation Staff Review,Recreation
Not happy. Found trash from previous guests in the drawer.,Deep Clean & Maintenance,Rooms
Feedback: Staff was arguing loudly in the hallway.,Disciplinary Action,Services
Review: Tiles around the pool are broken and sharp.,Pool Maintenance,Recreation
Review: Gym equipment is ancient and rusty.,Update Gym Equipment,Recreation
Review: Flies buzzing around the room constantly.,Pest Control Investigation,Rooms
they charged us for items we didn't order.,Compensate Guest,Food
Review: The room smelled like stale cigarette smoke.,Deep Clean & Maintenance,Rooms
Not happy. Hygiene standards in the restaurant seem very low.,Inspect Kitchen Hygiene,Food
Feedback: Food was cold when it arrived at the table.,Revise Menu Quality,Food
Feedback: The furniture is worn out and chipped.,Upgrade Room Amenities,Rooms
Feedback: The steak was tough and flavorless.,Revise Menu Quality,Food
Not happy. Tiles around the pool are broken and sharp.,Pool Maintenance,Recreation
Not happy. Cockroach in the shower.,Pest Control Investigation,Rooms
Not happy. The toilet wasn't flushed when we arrived.,Deep Clean & Maintenance,Rooms
Review: Minibar was empty and not working.,Upgrade Room Amenities,Rooms
"staff speaks very poor english, hard to communicate.",Staff Communication Training,Services
Treadmills were all out of order.,Update Gym Equipment,Recreation
Review: Evidence of termites in the wooden furniture.,Pest Control Investigation,Rooms
the pillows are lumpy and uncomfortable.,Upgrade Room Amenities,Rooms
Feedback: The carpet was stained and smelled of mold.,Deep Clean & Maintenance,Rooms
Check-in line was huge and only one counter open.,Review Check-in Process,Services
Action needed: Tour guide gave us incorrect historical info.,Recreation Staff Review,Recreation
Unprofessional behavior from the night manager.,Disciplinary Action,Services
Review: The toilet wasn't flushed when we arrived.,Deep Clean & Maintenance,Rooms
They forgot to give us our wake-up call. Terrible.,Staff Communication Training,Services
 Filtration system was making a loud noise.,Pool Maintenance,Recreation
"Review: Need better lighting, the room is too dim.",Upgrade Room Amenities,Rooms
Feedback: I want a refund for this terrible meal.,Compensate Guest,Food
Review: Minibar was empty and not working.,Upgrade Room Amenities,Rooms
The concierge made a rude comment about my appearance.,Disciplinary Action,Services
"Not happy. Key cards didn't work, had to go back down.",Review Check-in Process,Services
"Honestly, we waited 2 hours for our food, this is unacceptable.",Compensate Guest,Food
"Honestly,  filtration system was making a loud noise.",Pool Maintenance,Recreation
Feedback: The pool water was cloudy and green.,Pool Maintenance,Recreation
"Honestly, they demanded a cash deposit unexpectedly.",Review Check-in Process,Services
restaurant manager was shouting at the staff.,Staff Training (Food),Food
Valet scratched my car and denied it.,Disciplinary Action,Services
saw a cockroach near the kitchen entrance.,Inspect Kitchen Hygiene,Food
Restaurant manager was shouting at the staff.,Staff Training (Food),Food
Beach staff demanded tips for chairs. Terrible.,Recreation Staff Review,Recreation
"Action needed: We waited 2 hours for our food, this is unacceptable.",Compensate Guest,Food
Action needed: Cable machine is stuck and dangerous.,Update Gym Equipment,Recreation
They demanded a cash deposit unexpectedly.,Review Check-in Process,Services
Review: Unprofessional behavior from the night manager.,Disciplinary Action,Services
The carpet was stained and smelled of mold. Terrible.,Deep Clean & Maintenance,Rooms
We were promised a complimentary drink but never got it.,Compensate Guest,Food
"Staff speaks very poor English, hard to communicate.",Staff Communication Training,Services
Not happy. Charged 5 stars price for 1 star food.,Compensate Guest,Food
They demanded a cash deposit unexpectedly.,Review Check-in Process,Services
"Action needed: We waited 2 hours for our food, this is unacceptable.",Compensate Guest,Food
"Honestly, found trash from previous guests in the drawer.",Deep Clean & Maintenance,Rooms
Review: Valet scratched my car and denied it.,Disciplinary Action,Services
The concierge made a rude comment about my appearance. Terrible.,Disciplinary Action,Services
"Pool was freezing cold, heater broken. Terrible.",Pool Maintenance,Recreation
"Honestly, too much chlorine in the pool, burned my eyes.",Pool Maintenance,Recreation
"Feedback: The gym smells like sweat, no ventilation.",Update Gym Equipment,Recreation
 Filtration system was making a loud noise. Terrible.,Pool Maintenance,Recreation
No one came to clear our table for 30 minutes.,Staff Training (Food),Food
Feedback: The plates were dirty and had leftover food stains.,Inspect Kitchen Hygiene,Food
"Honestly, beach staff demanded tips for chairs.",Recreation Staff Review,Recreation
Restaurant manager was shouting at the staff.,Staff Training (Food),Food
Not happy. The concierge made a rude comment about my appearance.,Disciplinary Action,Services
No one came to clear our table for 30 minutes. Terrible.,Staff Training (Food),Food
Entertainment team was low energy and boring. Terrible.,Recreation Staff Review,Recreation
Priority check-in for members was not honored.,Review Check-in Process,Services
Feedback: I found a hair in my food.,Inspect Kitchen Hygiene,Food
Not happy. The salad was wilted and brown.,Inspect Kitchen Hygiene,Food
Review: Room wasn't ready at 4 PM check-in time.,Review Check-in Process,Services
The coffee was burnt and bitter.,Revise Menu Quality,Food
Elliptical machine makes a squeaking sound.,Update Gym Equipment,Recreation
Review: Concierge was unable to give simple directions.,Staff Communication Training,Services
 filtration system was making a loud noise.,Pool Maintenance,Recreation
No supervision in the children's play area. Terrible.,Recreation Staff Review,Recreation
Review: Everything tastes like frozen food reheated.,Revise Menu Quality,Food
Dead bugs on the windowsill.,Deep Clean & Maintenance,Rooms
Pool ladders are loose and dangerous.,Pool Maintenance,Recreation
Evidence of termites in the wooden furniture.,Pest Control Investigation,Rooms
"Honestly, the presentation of the dishes was poor.",Revise Menu Quality,Food
conflicting information from different staff members.,Staff Communication Training,Services
Feedback: Dead bugs on the windowsill.,Deep Clean & Maintenance,Rooms
The room is infested with insects. Terrible.,Pest Control Investigation,Rooms
Not happy. Service in the restaurant was incredibly slow.,Staff Training (Food),Food
"Honestly, gym is too small for the number of guests.",Update Gym Equipment,Recreation
Review: Pool attendant refused to give me a towel.,Recreation Staff Review,Recreation
Review: Concierge was unable to give simple directions.,Staff Communication Training,Services
Review: No iron or ironing board in the room.,Upgrade Room Amenities,Rooms
There was a strange object in the soup. Terrible.,Inspect Kitchen Hygiene,Food
Review: Bartender was visibly drunk.,Disciplinary Action,Services
"Review: Pool was freezing cold, heater broken.",Pool Maintenance,Recreation
Concierge was unable to give simple directions.,Staff Communication Training,Services
No water or towels available in the gym.,Update Gym Equipment,Recreation
"Honestly, we waited 2 hours for our food, this is unacceptable.",Compensate Guest,Food
"Honestly, towels are thin, scratchy, and old.",Upgrade Room Amenities,Rooms
Our anniversary dinner was ruined by the terrible service. Terrible.,Compensate Guest,Food
The concierge made a rude comment about my appearance.,Disciplinary Action,Services
"Review: Staff speaks very poor English, hard to communicate.",Staff Communication Training,Services
Review: The concierge made a rude comment about my appearance.,Disciplinary Action,Services
Feedback: Priority check-in for members was not honored.,Review Check-in Process,Services
Action needed: Saw ants marching across the bathroom sink.,Pest Control Investigation,Rooms
Feedback: Waiters were ignoring us and chatting among themselves.,Staff Training (Food),Food
Review: Unprofessional behavior from the night manager.,Disciplinary Action,Services
"Too much chlorine in the pool, burned my eyes.",Pool Maintenance,Recreation
Action needed: Staff got my order wrong three times.,Staff Training (Food),Food
Action needed: Food was cold when it arrived at the table.,Revise Menu Quality,Food
 filtration system was making a loud noise.,Pool Maintenance,Recreation
The furniture is worn out and chipped. Terrible.,Upgrade Room Amenities,Rooms
"Honestly, minibar was empty and not working.",Upgrade Room Amenities,Rooms
Not happy. Asked for no onions but got onions anyway.,Staff Training (Food),Food
Not happy. No one came to clear our table for 30 minutes.,Staff Training (Food),Food
The plates were dirty and had leftover food stains. Terrible.,Inspect Kitchen Hygiene,Food
the menu options are very limited and boring.,Revise Menu Quality,Food
"Honestly,  filtration system was making a loud noise.",Pool Maintenance,Recreation
Feedback: The hairdryer provided is useless and overheating.,Upgrade Room Amenities,Rooms
"Pool was freezing cold, heater broken.",Pool Maintenance,Recreation
Not happy. It took 45 minutes just to check in.,Review Check-in Process,Services
Feedback: Spa therapist was chatting during the massage.,Recreation Staff Review,Recreation
The plates were dirty and had leftover food stains.,Inspect Kitchen Hygiene,Food
Employee was on their phone ignoring guests.,Disciplinary Action,Services
Elliptical machine makes a squeaking sound.,Update Gym Equipment,Recreation
"Honestly, saw ants marching across the bathroom sink.",Pest Control Investigation,Rooms
Review: Waiters were ignoring us and chatting among themselves.,Staff Training (Food),Food
Action needed: Lobby is chaotic and disorganized.,Review Check-in Process,Services
Action needed: Air conditioner is loud and barely cools the room.,Upgrade Room Amenities,Rooms
Review: The food tasted slightly spoiled and smelled bad.,Inspect Kitchen Hygiene,Food
Feedback: Staff seemed confused by the check-in software.,Review Check-in Process,Services
Feedback: Glass had lipstick marks on it.,Inspect Kitchen Hygiene,Food
"Honestly, the bill included a service charge that was not mentioned.",Compensate Guest,Food
Not happy. Charged 5 stars price for 1 star food.,Compensate Guest,Food
"Honestly, windows were dirty and hard to see through.",Deep Clean & Maintenance,Rooms
Not happy. Beach staff demanded tips for chairs.,Recreation Staff Review,Recreation
Feedback: Tour guide gave us incorrect historical info.,Recreation Staff Review,Recreation
"Honestly, valet scratched my car and denied it.",Disciplinary Action,Services
"Honestly, gym equipment is ancient and rusty.",Update Gym Equipment,Recreation
"need better lighting, the room is too dim.",Upgrade Room Amenities,Rooms
Check-in line was huge and only one counter open.,Review Check-in Process,Services
Staff was arguing loudly in the hallway.,Disciplinary Action,Services
Not happy. Tennis coach didn't show up for the lesson.,Recreation Staff Review,Recreation
"Honestly, wifi signal is too weak to work in the room.",Upgrade Room Amenities,Rooms
Action needed: No one came to clear our table for 30 minutes.,Staff Training (Food),Food
"Honestly, misunderstanding about the room rate caused issues.",Staff Communication Training,Services
no one came to clear our table for 30 minutes.,Staff Training (Food),Food
Everything tastes like frozen food reheated. Terrible.,Revise Menu Quality,Food
Action needed: Conflicting information from different staff members.,Staff Communication Training,Services
Action needed: The hairdryer provided is useless and overheating.,Upgrade Room Amenities,Rooms
Action needed: Everything tastes like frozen food reheated.,Revise Menu Quality,Food
Action needed: Staff member was smoking right outside the lobby door.,Disciplinary Action,Services
"Pool was freezing cold, heater broken. Terrible.",Pool Maintenance,Recreation
Action needed: The menu options are very limited and boring.,Revise Menu Quality,Food
"Honestly, the sheets had spots and didn't look fresh.",Deep Clean & Maintenance,Rooms
"Honestly, worst dining experience ever, i expect compensation.",Compensate Guest,Food
Security guard was sleeping on the job.,Disciplinary Action,Services
Kids club staff seemed bored and inattentive.,Recreation Staff Review,Recreation
Feedback: Spa therapist was chatting during the massage.,Recreation Staff Review,Recreation
Feedback: Employee was on their phone ignoring guests.,Disciplinary Action,Services
Feedback: Scum line around the edge of the pool.,Pool Maintenance,Recreation
"Review: The gym smells like sweat, no ventilation.",Update Gym Equipment,Recreation
Not happy. Spa therapist was chatting during the massage.,Recreation Staff Review,Recreation
Review: No iron or ironing board in the room.,Upgrade Room Amenities,Rooms
"Action needed: Key cards didn't work, had to go back down.",Review Check-in Process,Services
"Not happy. Towels are thin, scratchy, and old.",Upgrade Room Amenities,Rooms
"Honestly, flies buzzing around the room constantly.",Pest Control Investigation,Rooms
"Honestly, the coffee was burnt and bitter.",Revise Menu Quality,Food
Action needed: Kids club staff seemed bored and inattentive.,Recreation Staff Review,Recreation
Review: Windows were dirty and hard to see through.,Deep Clean & Maintenance,Rooms
minibar was empty and not working.,Upgrade Room Amenities,Rooms
the coffee was burnt and bitter.,Revise Menu Quality,Food
no one told us about the construction noise.,Staff Communication Training,Services
"Key cards didn't work, had to go back down.",Review Check-in Process,Services
Not happy. System crashed during check-in.,Review Check-in Process,Services
"Honestly, called reception but no one answered the phone.",Staff Communication Training,Services
Not happy. Bartender was visibly drunk.,Disciplinary Action,Services
Not happy. The toilet wasn't flushed when we arrived.,Deep Clean & Maintenance,Rooms
Action needed: Not enough weights for a proper workout.,Update Gym Equipment,Recreation
Pool ladders are loose and dangerous. Terrible.,Pool Maintenance,Recreation
They lost our reservation even though we booked weeks ago. Terrible.,Compensate Guest,Food
"Honestly, the furniture is worn out and chipped.",Upgrade Room Amenities,Rooms
Bellboy didn't explain how to use the key card.,Staff Communication Training,Services
Review: They lost our reservation even though we booked weeks ago.,Compensate Guest,Food
"Honestly, the pool water was cloudy and green.",Pool Maintenance,Recreation
The bill included a service charge that was not mentioned. Terrible.,Compensate Guest,Food
Feedback: Gym equipment is ancient and rusty.,Update Gym Equipment,Recreation
Bartender was visibly drunk. Terrible.,Disciplinary Action,Services
Review: Kids club staff seemed bored and inattentive.,Recreation Staff Review,Recreation
Feedback: They refused to accept my voucher.,Compensate Guest,Food
"Feedback: Need better lighting, the room is too dim.",Upgrade Room Amenities,Rooms
Not happy. The food tasted slightly spoiled and smelled bad.,Inspect Kitchen Hygiene,Food
"Honestly, tiles around the pool are broken and sharp.",Pool Maintenance,Recreation
Not happy. Activity director was rude to the guests.,Recreation Staff Review,Recreation
Staff was arguing loudly in the hallway.,Disciplinary Action,Services
Not happy. Staff was arguing loudly in the hallway.,Disciplinary Action,Services
Feedback: The dessert was stale and dry.,Revise Menu Quality,Food
Not happy. Found trash from previous guests in the drawer.,Deep Clean & Maintenance,Rooms
Staff didn't know the ingredients of the dishes.,Staff Training (Food),Food
the carpet was stained and smelled of mold.,Deep Clean & Maintenance,Rooms
Waiters were ignoring us and chatting among themselves. Terrible.,Staff Training (Food),Food
Feedback: Elliptical machine makes a squeaking sound.,Update Gym Equipment,Recreation
Seasonal dishes listed on the menu were not available.,Revise Menu Quality,Food
Food was cold when it arrived at the table. Terrible.,Revise Menu Quality,Food
Review: They charged us for items we didn't order.,Compensate Guest,Food
"worst dining experience ever, i expect compensation.",Compensate Guest,Food
"Honestly, unprofessional behavior from the night manager.",Disciplinary Action,Services
The menu options are very limited and boring.,Revise Menu Quality,Food
staff didn't know the ingredients of the dishes.,Staff Training (Food),Food
Feedback: Gym is too small for the number of guests.,Update Gym Equipment,Recreation
The pillows are lumpy and uncomfortable.,Upgrade Room Amenities,Rooms
Action needed: We were promised a complimentary drink but never got it.,Compensate Guest,Food
Lizard on the ceiling. Terrible.,Pest Control Investigation,Rooms
"We waited 2 hours for our food, this is unacceptable. Terrible.",Compensate Guest,Food
Action needed: Bartender was visibly drunk.,Disciplinary Action,Services
Feedback: No supervision in the children's play area.,Recreation Staff Review,Recreation
I found a hair in my food. Terrible.,Inspect Kitchen Hygiene,Food
Feedback: Staff got my order wrong three times.,Staff Training (Food),Food
Action needed: No water or towels available in the gym.,Update Gym Equipment,Recreation
"Honestly, flies buzzing around the room constantly.",Pest Control Investigation,Rooms
Action needed: I want a refund for this terrible meal.,Compensate Guest,Food
Lizard on the ceiling. Terrible.,Pest Control Investigation,Rooms
Review: Waiters were ignoring us and chatting among themselves.,Staff Training (Food),Food
Review: The plates were dirty and had leftover food stains.,Inspect Kitchen Hygiene,Food
the waiter spilled soup on me and didn't apologize.,Staff Training (Food),Food
Feedback: Spa therapist was chatting during the massage.,Recreation Staff Review,Recreation
"Review: The gym smells like sweat, no ventilation.",Update Gym Equipment,Recreation
kids club staff seemed bored and inattentive.,Recreation Staff Review,Recreation
Feedback: Staff didn't know the ingredients of the dishes.,Staff Training (Food),Food
"Honestly, everything tastes like frozen food reheated.",Revise Menu Quality,Food
the plates were dirty and had leftover food stains.,Inspect Kitchen Hygiene,Food
Feedback: Bartender was visibly drunk.,Disciplinary Action,Services
Staff was arguing loudly in the hallway.,Disciplinary Action,Services
"Honestly, staff member laughed at my complaint.",Disciplinary Action,Services
Action needed: Employee was on their phone ignoring guests.,Disciplinary Action,Services
Review: The food tasted slightly spoiled and smelled bad.,Inspect Kitchen Hygiene,Food
Action needed: Tennis coach didn't show up for the lesson.,Recreation Staff Review,Recreation
Not happy. Charged 5 stars price for 1 star food.,Compensate Guest,Food
Action needed: The server was rude when I asked for water.,Staff Training (Food),Food
no one came to clear our table for 30 minutes.,Staff Training (Food),Food
the sheets had spots and didn't look fresh.,Deep Clean & Maintenance,Rooms
"Honestly, we waited 2 hours for our food, this is unacceptable.",Compensate Guest,Food
Feedback: The plates were dirty and had leftover food stains.,Inspect Kitchen Hygiene,Food
The pool water was cloudy and green. Terrible.,Pool Maintenance,Recreation
No iron or ironing board in the room.,Upgrade Room Amenities,Rooms
water looked stagnant and dirty.,Pool Maintenance,Recreation
Action needed: They didn't tell us the pool was under maintenance.,Staff Communication Training,Services
"Feedback: Too much chlorine in the pool, burned my eyes.",Pool Maintenance,Recreation
Not happy. Entertainment team was low energy and boring.,Recreation Staff Review,Recreation
Staff seemed confused by the check-in software. Terrible.,Review Check-in Process,Services
The pool water was cloudy and green.,Pool Maintenance,Recreation
They charged us for items we didn't order.,Compensate Guest,Food
Review: No one came to clear our table for 30 minutes.,Staff Training (Food),Food
The hostess was welcoming but the servers were grumpy.,Staff Training (Food),Food
Action needed: The furniture is worn out and chipped.,Upgrade Room Amenities,Rooms
Feedback: Conflicting information from different staff members.,Staff Communication Training,Services
Feedback: Staff seemed confused by the check-in software.,Review Check-in Process,Services
"Honestly, conflicting information from different staff members.",Staff Communication Training,Services
Bellboy didn't explain how to use the key card.,Staff Communication Training,Services
they charged us for items we didn't order.,Compensate Guest,Food
the pool water was cloudy and green.,Pool Maintenance,Recreation
Not happy. Not enough vegetarian or vegan options.,Revise Menu Quality,Food
Feedback: The plates were dirty and had leftover food stains.,Inspect Kitchen Hygiene,Food
Staff got my order wrong three times. Terrible.,Staff Training (Food),Food
"Honestly, there was a spider on the pillow.",Pest Control Investigation,Rooms
Employee was on their phone ignoring guests. Terrible.,Disciplinary Action,Services
i think i saw a mouse behind the curtain.,Pest Control Investigation,Rooms
Not happy. The hostess was welcoming but the servers were grumpy.,Staff Training (Food),Food
Feedback: I want a refund for this terrible meal.,Compensate Guest,Food
"We waited 2 hours for our food, this is unacceptable. Terrible.",Compensate Guest,Food
they demanded a cash deposit unexpectedly.,Review Check-in Process,Services
Not happy. Lizard on the ceiling.,Pest Control Investigation,Rooms
"Worst dining experience ever, I expect compensation.",Compensate Guest,Food
Not happy. Staff member laughed at my complaint.,Disciplinary Action,Services
everything tastes like frozen food reheated.,Revise Menu Quality,Food
It took 45 minutes just to check in. Terrible.,Review Check-in Process,Services
Action needed: Called reception but no one answered the phone.,Staff Communication Training,Services
Feedback: There was a strange object in the soup.,Inspect Kitchen Hygiene,Food
Feedback: No one came to clear our table for 30 minutes.,Staff Training (Food),Food
The buffet area looked unclean and messy. Terrible.,Inspect Kitchen Hygiene,Food
Not happy. Valet scratched my car and denied it.,Disciplinary Action,Services
Feedback: Spa therapist was chatting during the massage.,Recreation Staff Review,Recreation
"Honestly, the concierge made a rude comment about my appearance.",Disciplinary Action,Services
"Honestly, everything tastes like frozen food reheated.",Revise Menu Quality,Food
"Feedback: Key cards didn't work, had to go back down.",Review Check-in Process,Services
"Honestly, charged 5 stars price for 1 star food.",Compensate Guest,Food
Feedback: Lizard on the ceiling.,Pest Control Investigation,Rooms
i think i saw a mouse behind the curtain.,Pest Control Investigation,Rooms
Action needed: Food was cold when it arrived at the table.,Revise Menu Quality,Food
Not happy. Valet scratched my car and denied it.,Disciplinary Action,Services
No iron or ironing board in the room. Terrible.,Upgrade Room Amenities,Rooms
Review: No supervision in the children's play area.,Recreation Staff Review,Recreation
Not happy. Tiles around the pool are broken and sharp.,Pool Maintenance,Recreation
Action needed:  Filtration system was making a loud noise.,Pool Maintenance,Recreation
Action needed: There was a strange object in the soup.,Inspect Kitchen Hygiene,Food
scum line around the edge of the pool.,Pool Maintenance,Recreation
Not happy. No one came to clear our table for 30 minutes.,Staff Training (Food),Food
Review: The carpet was stained and smelled of mold.,Deep Clean & Maintenance,Rooms
Check-in line was huge and only one counter open. Terrible.,Review Check-in Process,Services
Review: I got food poisoning after eating the seafood.,Inspect Kitchen Hygiene,Food
Action needed: Pool shower wasn't working.,Pool Maintenance,Recreation
"Need better lighting, the room is too dim.",Upgrade Room Amenities,Rooms
Review: Valet scratched my car and denied it.,Disciplinary Action,Services
Elliptical machine makes a squeaking sound. Terrible.,Update Gym Equipment,Recreation
Review: Restaurant manager was shouting at the staff.,Staff Training (Food),Food
valet scratched my car and denied it.,Disciplinary Action,Services
tour guide gave us incorrect historical info.,Recreation Staff Review,Recreation
"Review: Dust everywhere, especially under the bed.",Deep Clean & Maintenance,Rooms
The coffee was burnt and bitter.,Revise Menu Quality,Food
Activity director was rude to the guests. Terrible.,Recreation Staff Review,Recreation
"Honestly, no iron or ironing board in the room.",Upgrade Room Amenities,Rooms
"Honestly, evidence of termites in the wooden furniture.",Pest Control Investigation,Rooms
Action needed: Saw ants marching across the bathroom sink.,Pest Control Investigation,Rooms
Action needed: Saw a cockroach near the kitchen entrance.,Inspect Kitchen Hygiene,Food
"Not happy. The gym smells like sweat, no ventilation.",Update Gym Equipment,Recreation
"the gym smells like sweat, no ventilation.",Update Gym Equipment,Recreation
Action needed: Activity director was rude to the guests.,Recreation Staff Review,Recreation
Lizard on the ceiling.,Pest Control Investigation,Rooms
Feedback: Housekeeper stole money from my wallet.,Disciplinary Action,Services
Review: We were promised a complimentary drink but never got it.,Compensate Guest,Food
Not happy. Lifeguard was on their phone the whole time.,Recreation Staff Review,Recreation
Action needed: I found a hair in my food.,Inspect Kitchen Hygiene,Food
Feedback: They refused to accept my voucher.,Compensate Guest,Food
Charged 5 stars price for 1 star food.,Compensate Guest,Food
"Honestly, staff got my order wrong three times.",Staff Training (Food),Food
Action needed: Not enough weights for a proper workout.,Update Gym Equipment,Recreation
Review: Asked for no onions but got onions anyway.,Staff Training (Food),Food
Not happy. The salad was wilted and brown.,Inspect Kitchen Hygiene,Food
Not happy. The dessert was stale and dry.,Revise Menu Quality,Food
"Honestly, priority check-in for members was not honored.",Review Check-in Process,Services
"Honestly, elliptical machine makes a squeaking sound.",Update Gym Equipment,Recreation
spa therapist was chatting during the massage.,Recreation Staff Review,Recreation
"We waited 2 hours for our food, this is unacceptable. Terrible.",Compensate Guest,Food
Action needed: Tennis coach didn't show up for the lesson.,Recreation Staff Review,Recreation
activity director was rude to the guests.,Recreation Staff Review,Recreation
Feedback: They couldn't find my booking in the system.,Review Check-in Process,Services
Action needed: Spa therapist was chatting during the massage.,Recreation Staff Review,Recreation
Review: They charged us for items we didn't order.,Compensate Guest,Food
Staff seemed confused by the check-in software. Terrible.,Review Check-in Process,Services
"Honestly, front desk staff gave us wrong information about breakfast.",Staff Communication Training,Services
Action needed: Dead bugs on the windowsill.,Deep Clean & Maintenance,Rooms
Water looked stagnant and dirty.,Pool Maintenance,Recreation
Review: The buffet area looked unclean and messy.,Inspect Kitchen Hygiene,Food
Review: The pool water was cloudy and green.,Pool Maintenance,Recreation
"Honestly, tennis coach didn't show up for the lesson.",Recreation Staff Review,Recreation
not enough vegetarian or vegan options.,Revise Menu Quality,Food
Service in the restaurant was incredibly slow.,Staff Training (Food),Food
Not happy. Bike seat is broken.,Update Gym Equipment,Recreation
Review: Pool shower wasn't working.,Pool Maintenance,Recreation
Elliptical machine makes a squeaking sound. Terrible.,Update Gym Equipment,Recreation
Not happy. Air conditioner is loud and barely cools the room.,Upgrade Room Amenities,Rooms
Review: They refused to accept my voucher.,Compensate Guest,Food
Not happy. Staff member laughed at my complaint.,Disciplinary Action,Services
Action needed: Concierge was unable to give simple directions.,Staff Communication Training,Services
Not happy. Restaurant manager was shouting at the staff.,Staff Training (Food),Food
Not happy. Gym is too small for the number of guests.,Update Gym Equipment,Recreation
"Honestly, the plates were dirty and had leftover food stains.",Inspect Kitchen Hygiene,Food
Feedback: Flies buzzing around the room constantly.,Pest Control Investigation,Rooms
Gym is too small for the number of guests. Terrible.,Update Gym Equipment,Recreation
"Honestly, wifi signal is too weak to work in the room.",Upgrade Room Amenities,Rooms
Not happy. Lobby is chaotic and disorganized.,Review Check-in Process,Services
Tour guide gave us incorrect historical info.,Recreation Staff Review,Recreation
Review: Cable machine is stuck and dangerous.,Update Gym Equipment,Recreation
Review: Called reception but no one answered the phone.,Staff Communication Training,Services
Action needed: Flies buzzing around the room constantly.,Pest Control Investigation,Rooms
"need better lighting, the room is too dim.",Upgrade Room Amenities,Rooms
Review: Housekeeper stole money from my wallet.,Disciplinary Action,Services
They refused to accept my voucher. Terrible.,Compensate Guest,Food
Cable machine is stuck and dangerous.,Update Gym Equipment,Recreation
Review: The dessert was stale and dry.,Revise Menu Quality,Food
Review: We were promised a complimentary drink but never got it.,Compensate Guest,Food
Review: No supervision in the children's play area.,Recreation Staff Review,Recreation
Staff member laughed at my complaint. Terrible.,Disciplinary Action,Services
"Honestly, spa therapist was chatting during the massage.",Recreation Staff Review,Recreation
Action needed: Staff got my order wrong three times.,Staff Training (Food),Food
Feedback: No supervision in the children's play area.,Recreation Staff Review,Recreation
Not happy. The carpet was stained and smelled of mold.,Deep Clean & Maintenance,Rooms
"Feedback: Worst dining experience ever, I expect compensation.",Compensate Guest,Food
The bathroom tiles had mold in the grout. Terrible.,Deep Clean & Maintenance,Rooms
"The gym smells like sweat, no ventilation.",Update Gym Equipment,Recreation
minibar was empty and not working.,Upgrade Room Amenities,Rooms
"Honestly, no supervision in the children's play area.",Recreation Staff Review,Recreation
Found trash from previous guests in the drawer. Terrible.,Deep Clean & Maintenance,Rooms
Action needed: No supervision in the children's play area.,Recreation Staff Review,Recreation
Action needed: Staff member was smoking right outside the lobby door.,Disciplinary Action,Services
Feedback: The TV is tiny and has no channels.,Upgrade Room Amenities,Rooms
Action needed: I got food poisoning after eating the seafood.,Inspect Kitchen Hygiene,Food
the pillows are lumpy and uncomfortable.,Upgrade Room Amenities,Rooms
Review: They charged us for items we didn't order.,Compensate Guest,Food
"Pool was freezing cold, heater broken. Terrible.",Pool Maintenance,Recreation
staff member laughed at my complaint.,Disciplinary Action,Services
"Honestly, kids club staff seemed bored and inattentive.",Recreation Staff Review,Recreation
"Honestly, the hostess was welcoming but the servers were grumpy.",Staff Training (Food),Food
Mosquitoes in the room kept me up all night. Terrible.,Pest Control Investigation,Rooms
"Honestly, unprofessional behavior from the night manager.",Disciplinary Action,Services
Not happy. The room is infested with insects.,Pest Control Investigation,Rooms
bellboy didn't explain how to use the key card.,Staff Communication Training,Services
Action needed: I got food poisoning after eating the seafood.,Inspect Kitchen Hygiene,Food
Not happy. Tour guide gave us incorrect historical info.,Recreation Staff Review,Recreation
they couldn't find my booking in the system.,Review Check-in Process,Services
The pool water was cloudy and green. Terrible.,Pool Maintenance,Recreation
Action needed: Pool ladders are loose and dangerous.,Pool Maintenance,Recreation
"Honestly, saw a cockroach near the kitchen entrance.",Inspect Kitchen Hygiene,Food
"Honestly, the food tasted slightly spoiled and smelled bad.",Inspect Kitchen Hygiene,Food
Curtains were dusty and triggered my allergies. Terrible.,Deep Clean & Maintenance,Rooms
Dead bugs on the windowsill. Terrible.,Deep Clean & Maintenance,Rooms
Air conditioner is loud and barely cools the room. Terrible.,Upgrade Room Amenities,Rooms
The dessert was stale and dry.,Revise Menu Quality,Food
staff didn't know the ingredients of the dishes.,Staff Training (Food),Food
The TV is tiny and has no channels. Terrible.,Upgrade Room Amenities,Rooms
Not happy. The pool water was cloudy and green.,Pool Maintenance,Recreation
Action needed: No one told us about the construction noise.,Staff Communication Training,Services
They didn't tell us the pool was under maintenance. Terrible.,Staff Communication Training,Services
"Honestly, the menu options are very limited and boring.",Revise Menu Quality,Food
our anniversary dinner was ruined by the terrible service.,Compensate Guest,Food
"Not happy. Staff speaks very poor English, hard to communicate.",Staff Communication Training,Services
Review: Staff member was smoking right outside the lobby door.,Disciplinary Action,Services
wifi signal is too weak to work in the room.,Upgrade Room Amenities,Rooms
"Honestly, debris and leaves floating in the water.",Pool Maintenance,Recreation
activity director was rude to the guests.,Recreation Staff Review,Recreation
Review: Evidence of termites in the wooden furniture.,Pest Control Investigation,Rooms
Feedback: Pool shower wasn't working.,Pool Maintenance,Recreation
Not happy. Beach staff demanded tips for chairs.,Recreation Staff Review,Recreation
"Action needed: Too much chlorine in the pool, burned my eyes.",Pool Maintenance,Recreation
food was cold when it arrived at the table.,Revise Menu Quality,Food
Review: They didn't tell us the pool was under maintenance.,Staff Communication Training,Services
Action needed: The room smelled like stale cigarette smoke.,Deep Clean & Maintenance,Rooms
Employee was on their phone ignoring guests. Terrible.,Disciplinary Action,Services
Review: I think I saw a mouse behind the curtain.,Pest Control Investigation,Rooms
"Honestly, the server was rude when i asked for water.",Staff Training (Food),Food
Entertainment team was low energy and boring. Terrible.,Recreation Staff Review,Recreation
Feedback: The waiter spilled soup on me and didn't apologize.,Staff Training (Food),Food
"Honestly, they forgot to give us our wake-up call.",Staff Communication Training,Services
Lifeguard was on their phone the whole time. Terrible.,Recreation Staff Review,Recreation
Review: The TV is tiny and has no channels.,Upgrade Room Amenities,Rooms
Not happy. The plates were dirty and had leftover food stains.,Inspect Kitchen Hygiene,Food
Action needed: WiFi signal is too weak to work in the room.,Upgrade Room Amenities,Rooms
Cable machine is stuck and dangerous.,Update Gym Equipment,Recreation
The toilet wasn't flushed when we arrived. Terrible.,Deep Clean & Maintenance,Rooms
Conflicting information from different staff members. Terrible.,Staff Communication Training,Services
Flies buzzing around the room constantly.,Pest Control Investigation,Rooms
"Action needed: Key cards didn't work, had to go back down.",Review Check-in Process,Services
the room is infested with insects.,Pest Control Investigation,Rooms
Not happy. The server was rude when I asked for water.,Staff Training (Food),Food
activity director was rude to the guests.,Recreation Staff Review,Recreation
Not happy. Conflicting information from different staff members.,Staff Communication Training,Services
Feedback: Room wasn't ready at 4 PM check-in time.,Review Check-in Process,Services
Tour guide gave us incorrect historical info.,Recreation Staff Review,Recreation
"Honestly, evidence of termites in the wooden furniture.",Pest Control Investigation,Rooms
Review: Staff member was smoking right outside the lobby door.,Disciplinary Action,Services
Not happy. The steak was tough and flavorless.,Revise Menu Quality,Food
Feedback: Bed bugs bit me all over my legs.,Pest Control Investigation,Rooms
the pillows are lumpy and uncomfortable.,Upgrade Room Amenities,Rooms
"Honestly, the concierge made a rude comment about my appearance.",Disciplinary Action,Services
Feedback: Pool shower wasn't working.,Pool Maintenance,Recreation
Review: There was a strange object in the soup.,Inspect Kitchen Hygiene,Food
The hairdryer provided is useless and overheating. Terrible.,Upgrade Room Amenities,Rooms
The room is infested with insects. Terrible.,Pest Control Investigation,Rooms
"Honestly, dust everywhere, especially under the bed.",Deep Clean & Maintenance,Rooms
They couldn't find my booking in the system.,Review Check-in Process,Services
Action needed: No supervision in the children's play area.,Recreation Staff Review,Recreation
Feedback: Debris and leaves floating in the water.,Pool Maintenance,Recreation
Not happy. Housekeeper stole money from my wallet.,Disciplinary Action,Services
Staff didn't know the ingredients of the dishes.,Staff Training (Food),Food
Not happy. The pillows are lumpy and uncomfortable.,Upgrade Room Amenities,Rooms
Review: Treadmills were all out of order.,Update Gym Equipment,Recreation
"Key cards didn't work, had to go back down.",Review Check-in Process,Services
Feedback: No water or towels available in the gym.,Update Gym Equipment,Recreation
The plates were dirty and had leftover food stains. Terrible.,Inspect Kitchen Hygiene,Food
"Worst dining experience ever, I expect compensation. Terrible.",Compensate Guest,Food
"too much chlorine in the pool, burned my eyes.",Pool Maintenance,Recreation
Not happy. The waiter spilled soup on me and didn't apologize.,Staff Training (Food),Food
Review: Called reception but no one answered the phone.,Staff Communication Training,Services
Feedback: Unprofessional behavior from the night manager.,Disciplinary Action,Services
Not enough weights for a proper workout. Terrible.,Update Gym Equipment,Recreation
Not happy. The room is infested with insects.,Pest Control Investigation,Rooms
Review:  Filtration system was making a loud noise.,Pool Maintenance,Recreation
Action needed: Glass had lipstick marks on it.,Inspect Kitchen Hygiene,Food
"Honestly, staff member was smoking right outside the lobby door.",Disciplinary Action,Services
Feedback: Misunderstanding about the room rate caused issues.,Staff Communication Training,Services
Feedback: There was a strange object in the soup.,Inspect Kitchen Hygiene,Food
Staff got my order wrong three times. Terrible.,Staff Training (Food),Food
Action needed: The dessert was stale and dry.,Revise Menu Quality,Food
Hygiene standards in the restaurant seem very low. Terrible.,Inspect Kitchen Hygiene,Food
"Honestly, debris and leaves floating in the water.",Pool Maintenance,Recreation
"Honestly, the food tasted slightly spoiled and smelled bad.",Inspect Kitchen Hygiene,Food
Review: Yoga mats are torn and dirty.,Update Gym Equipment,Recreation
"Honestly, service in the restaurant was incredibly slow.",Staff Training (Food),Food
Review: They didn't tell us the pool was under maintenance.,Staff Communication Training,Services
Action needed: The bathroom tiles had mold in the grout.,Deep Clean & Maintenance,Rooms
"Honestly, no iron or ironing board in the room.",Upgrade Room Amenities,Rooms
"Honestly, the furniture is worn out and chipped.",Upgrade Room Amenities,Rooms
Kids club staff seemed bored and inattentive.,Recreation Staff Review,Recreation
Minibar was empty and not working. Terrible.,Upgrade Room Amenities,Rooms
Action needed: Pool attendant refused to give me a towel.,Recreation Staff Review,Recreation
Our anniversary dinner was ruined by the terrible service.,Compensate Guest,Food
Air conditioner is loud and barely cools the room. Terrible.,Upgrade Room Amenities,Rooms
Review: Bike seat is broken.,Update Gym Equipment,Recreation
Review: System crashed during check-in.,Review Check-in Process,Services
Action needed: Pool attendant refused to give me a towel.,Recreation Staff Review,Recreation
"Honestly, the furniture is worn out and chipped.",Upgrade Room Amenities,Rooms
"Honestly, the hostess was welcoming but the servers were grumpy.",Staff Training (Food),Food
Review: The pillows are lumpy and uncomfortable.,Upgrade Room Amenities,Rooms
"Honestly, concierge was unable to give simple directions.",Staff Communication Training,Services
Action needed: The waiter spilled soup on me and didn't apologize.,Staff Training (Food),Food
Action needed: I found a hair in my food.,Inspect Kitchen Hygiene,Food
No one told us about the construction noise. Terrible.,Staff Communication Training,Services
staff didn't know the ingredients of the dishes.,Staff Training (Food),Food
Activity director was rude to the guests.,Recreation Staff Review,Recreation
"Honestly, security guard was sleeping on the job.",Disciplinary Action,Services
"towels are thin, scratchy, and old.",Upgrade Room Amenities,Rooms
Not happy. Debris and leaves floating in the water.,Pool Maintenance,Recreation
Action needed: Cable machine is stuck and dangerous.,Update Gym Equipment,Recreation
Feedback: Yoga mats are torn and dirty.,Update Gym Equipment,Recreation
cable machine is stuck and dangerous.,Update Gym Equipment,Recreation
curtains were dusty and triggered my allergies.,Deep Clean & Maintenance,Rooms
no supervision in the children's play area.,Recreation Staff Review,Recreation
"Honestly, priority check-in for members was not honored.",Review Check-in Process,Services
Feedback: The furniture is worn out and chipped.,Upgrade Room Amenities,Rooms
i think i saw a mouse behind the curtain.,Pest Control Investigation,Rooms
Not happy. The bill included a service charge that was not mentioned.,Compensate Guest,Food
Feedback: Gym is too small for the number of guests.,Update Gym Equipment,Recreation
Feedback: Entertainment team was low energy and boring.,Recreation Staff Review,Recreation
"Review: Need better lighting, the room is too dim.",Upgrade Room Amenities,Rooms
Review: Gym equipment is ancient and rusty.,Update Gym Equipment,Recreation
There was a spider on the pillow. Terrible.,Pest Control Investigation,Rooms
the server was rude when i asked for water.,Staff Training (Food),Food
Not happy. The waiter spilled soup on me and didn't apologize.,Staff Training (Food),Food
"Honestly, the sheets had spots and didn't look fresh.",Deep Clean & Maintenance,Rooms
kids club staff seemed bored and inattentive.,Recreation Staff Review,Recreation
"Honestly, not enough vegetarian or vegan options.",Revise Menu Quality,Food
Not happy. Staff got my order wrong three times.,Staff Training (Food),Food
Action needed: The room smelled like stale cigarette smoke.,Deep Clean & Maintenance,Rooms
Action needed: Windows were dirty and hard to see through.,Deep Clean & Maintenance,Rooms
Asked for no onions but got onions anyway. Terrible.,Staff Training (Food),Food
Not happy. Gym equipment is ancient and rusty.,Update Gym Equipment,Recreation
Action needed: Dead bugs on the windowsill.,Deep Clean & Maintenance,Rooms
"Honestly, no iron or ironing board in the room.",Upgrade Room Amenities,Rooms
"Review: We waited 2 hours for our food, this is unacceptable.",Compensate Guest,Food
Priority check-in for members was not honored.,Review Check-in Process,Services
Action needed: Check-in line was huge and only one counter open.,Review Check-in Process,Services
the bathroom tiles had mold in the grout.,Deep Clean & Maintenance,Rooms
The bathroom tiles had mold in the grout. Terrible.,Deep Clean & Maintenance,Rooms
Action needed: Windows were dirty and hard to see through.,Deep Clean & Maintenance,Rooms
 Filtration system was making a loud noise. Terrible.,Pool Maintenance,Recreation
Action needed: Conflicting information from different staff members.,Staff Communication Training,Services
Action needed: Elliptical machine makes a squeaking sound.,Update Gym Equipment,Recreation
The sheets had spots and didn't look fresh.,Deep Clean & Maintenance,Rooms
"Honestly, no water or towels available in the gym.",Update Gym Equipment,Recreation
Action needed: Saw ants marching across the bathroom sink.,Pest Control Investigation,Rooms
Feedback: The pillows are lumpy and uncomfortable.,Upgrade Room Amenities,Rooms
Feedback: Air conditioner is loud and barely cools the room.,Upgrade Room Amenities,Rooms
The bathroom tiles had mold in the grout. Terrible.,Deep Clean & Maintenance,Rooms
Review: Beach staff demanded tips for chairs.,Recreation Staff Review,Recreation
Kids club staff seemed bored and inattentive.,Recreation Staff Review,Recreation
Activity director was rude to the guests. Terrible.,Recreation Staff Review,Recreation
The furniture is worn out and chipped. Terrible.,Upgrade Room Amenities,Rooms
Review: We were promised a complimentary drink but never got it.,Compensate Guest,Food
Restaurant manager was shouting at the staff.,Staff Training (Food),Food
system crashed during check-in.,Review Check-in Process,Services
Debris and leaves floating in the water. Terrible.,Pool Maintenance,Recreation
Review: Minibar was empty and not working.,Upgrade Room Amenities,Rooms
Not happy. Room wasn't ready at 4 PM check-in time.,Review Check-in Process,Services
Feedback: Housekeeper stole money from my wallet.,Disciplinary Action,Services
Room wasn't ready at 4 PM check-in time.,Review Check-in Process,Services
Bed bugs bit me all over my legs.,Pest Control Investigation,Rooms
Review:  Filtration system was making a loud noise.,Pool Maintenance,Recreation
"Action needed: The gym smells like sweat, no ventilation.",Update Gym Equipment,Recreation
"Not happy. Need better lighting, the room is too dim.",Upgrade Room Amenities,Rooms
"Honestly, the bill included a service charge that was not mentioned.",Compensate Guest,Food
Feedback: They demanded a cash deposit unexpectedly.,Review Check-in Process,Services
Action needed: Charged 5 stars price for 1 star food.,Compensate Guest,Food
Action needed: The coffee was burnt and bitter.,Revise Menu Quality,Food
Not happy. Scum line around the edge of the pool.,Pool Maintenance,Recreation
"Honestly, the pillows are lumpy and uncomfortable.",Upgrade Room Amenities,Rooms
bartender was visibly drunk.,Disciplinary Action,Services
"Honestly, no supervision in the children's play area.",Recreation Staff Review,Recreation
Yoga mats are torn and dirty. Terrible.,Update Gym Equipment,Recreation
Feedback: It took 45 minutes just to check in.,Review Check-in Process,Services
"Need better lighting, the room is too dim.",Upgrade Room Amenities,Rooms
Action needed: The room is infested with insects.,Pest Control Investigation,Rooms
Saw a cockroach near the kitchen entrance.,Inspect Kitchen Hygiene,Food
Action needed: Our anniversary dinner was ruined by the terrible service.,Compensate Guest,Food
Not happy. The menu options are very limited and boring.,Revise Menu Quality,Food
Action needed: No water or towels available in the gym.,Update Gym Equipment,Recreation
Not happy. Staff was arguing loudly in the hallway.,Disciplinary Action,Services
Not happy. No one came to clear our table for 30 minutes.,Staff Training (Food),Food
Action needed: Activity director was rude to the guests.,Recreation Staff Review,Recreation
Not happy. The bathroom tiles had mold in the grout.,Deep Clean & Maintenance,Rooms
Bartender was visibly drunk. Terrible.,Disciplinary Action,Services
Review: Spa therapist was chatting during the massage.,Recreation Staff Review,Recreation
Not happy. There was a spider on the pillow.,Pest Control Investigation,Rooms
"Honestly, they charged us for items we didn't order.",Compensate Guest,Food
There was a strange object in the soup.,Inspect Kitchen Hygiene,Food
Review: Seasonal dishes listed on the menu were not available.,Revise Menu Quality,Food
unprofessional behavior from the night manager.,Disciplinary Action,Services
The server was rude when I asked for water. Terrible.,Staff Training (Food),Food
The menu options are very limited and boring. Terrible.,Revise Menu Quality,Food
Action needed: Employee was on their phone ignoring guests.,Disciplinary Action,Services
Feedback: Activity director was rude to the guests.,Recreation Staff Review,Recreation
"pool was freezing cold, heater broken.",Pool Maintenance,Recreation
Action needed: We were promised a complimentary drink but never got it.,Compensate Guest,Food
Not happy. Room wasn't ready at 4 PM check-in time.,Review Check-in Process,Services
Action needed: Curtains were dusty and triggered my allergies.,Deep Clean & Maintenance,Rooms
Review: Check-in line was huge and only one counter open.,Review Check-in Process,Services
Action needed: They refused to accept my voucher.,Compensate Guest,Food
"Review: Need better lighting, the room is too dim.",Upgrade Room Amenities,Rooms
"Honestly, bartender was visibly drunk.",Disciplinary Action,Services
Review: Evidence of termites in the wooden furniture.,Pest Control Investigation,Rooms
Staff member laughed at my complaint. Terrible.,Disciplinary Action,Services
Feedback: Concierge was unable to give simple directions.,Staff Communication Training,Services
staff got my order wrong three times.,Staff Training (Food),Food
Review: The hairdryer provided is useless and overheating.,Upgrade Room Amenities,Rooms
"Honestly, pool attendant refused to give me a towel.",Recreation Staff Review,Recreation
"key cards didn't work, had to go back down.",Review Check-in Process,Services
"Honestly, the dessert was stale and dry.",Revise Menu Quality,Food
Feedback: Pool shower wasn't working.,Pool Maintenance,Recreation
Debris and leaves floating in the water.,Pool Maintenance,Recreation
Unprofessional behavior from the night manager. Terrible.,Disciplinary Action,Services
Asked for no onions but got onions anyway.,Staff Training (Food),Food
Feedback: Saw ants marching across the bathroom sink.,Pest Control Investigation,Rooms
i got food poisoning after eating the seafood.,Inspect Kitchen Hygiene,Food
front desk staff gave us wrong information about breakfast.,Staff Communication Training,Services
Action needed:  Filtration system was making a loud noise.,Pool Maintenance,Recreation
Action needed: Cockroach in the shower.,Pest Control Investigation,Rooms
Not happy. Pool ladders are loose and dangerous.,Pool Maintenance,Recreation
Review: Called reception but no one answered the phone.,Staff Communication Training,Services
Bike seat is broken. Terrible.,Update Gym Equipment,Recreation
"Honestly, towels are thin, scratchy, and old.",Upgrade Room Amenities,Rooms
Feedback: The menu options are very limited and boring.,Revise Menu Quality,Food
"Honestly, misunderstanding about the room rate caused issues.",Staff Communication Training,Services
"Honestly, the menu options are very limited and boring.",Revise Menu Quality,Food
Review: WiFi signal is too weak to work in the room.,Upgrade Room Amenities,Rooms
Feedback: Seasonal dishes listed on the menu were not available.,Revise Menu Quality,Food
"Honestly, priority check-in for members was not honored.",Review Check-in Process,Services
Feedback: The hairdryer provided is useless and overheating.,Upgrade Room Amenities,Rooms
Our anniversary dinner was ruined by the terrible service. Terrible.,Compensate Guest,Food
"Feedback: Too much chlorine in the pool, burned my eyes.",Pool Maintenance,Recreation
"Dust everywhere, especially under the bed. Terrible.",Deep Clean & Maintenance,Rooms
They couldn't find my booking in the system. Terrible.,Review Check-in Process,Services
Evidence of termites in the wooden furniture.,Pest Control Investigation,Rooms
Feedback: They lost our reservation even though we booked weeks ago.,Compensate Guest,Food
Not happy. The bathroom tiles had mold in the grout.,Deep Clean & Maintenance,Rooms
Review: Check-in line was huge and only one counter open.,Review Check-in Process,Services
Review: I got food poisoning after eating the seafood.,Inspect Kitchen Hygiene,Food
i think i saw a mouse behind the curtain.,Pest Control Investigation,Rooms
We were promised a complimentary drink but never got it. Terrible.,Compensate Guest,Food
"Honestly, pool ladders are loose and dangerous.",Pool Maintenance,Recreation
the coffee was burnt and bitter.,Revise Menu Quality,Food
Feedback: Not enough vegetarian or vegan options.,Revise Menu Quality,Food
"staff speaks very poor english, hard to communicate.",Staff Communication Training,Services
no one came to clear our table for 30 minutes.,Staff Training (Food),Food
"Honestly, staff speaks very poor english, hard to communicate.",Staff Communication Training,Services
Not happy. The waiter spilled soup on me and didn't apologize.,Staff Training (Food),Food
They charged us for items we didn't order. Terrible.,Compensate Guest,Food
The waiter spilled soup on me and didn't apologize. Terrible.,Staff Training (Food),Food
"Honestly, the coffee was burnt and bitter.",Revise Menu Quality,Food
Not happy. Security guard was sleeping on the job.,Disciplinary Action,Services
Not happy. Bellboy didn't explain how to use the key card.,Staff Communication Training,Services
Action needed: Activity director was rude to the guests.,Recreation Staff Review,Recreation
the bill included a service charge that was not mentioned.,Compensate Guest,Food
"Honestly, the room smelled like stale cigarette smoke.",Deep Clean & Maintenance,Rooms
Action needed: Bike seat is broken.,Update Gym Equipment,Recreation
Action needed: Not enough vegetarian or vegan options.,Revise Menu Quality,Food
Not happy. Elliptical machine makes a squeaking sound.,Update Gym Equipment,Recreation
Waiters were ignoring us and chatting among themselves. Terrible.,Staff Training (Food),Food
Misunderstanding about the room rate caused issues.,Staff Communication Training,Services
"worst dining experience ever, i expect compensation.",Compensate Guest,Food
Action needed: Flies buzzing around the room constantly.,Pest Control Investigation,Rooms
Not happy. There was a strange object in the soup.,Inspect Kitchen Hygiene,Food
The plates were dirty and had leftover food stains.,Inspect Kitchen Hygiene,Food
"Not happy. Towels are thin, scratchy, and old.",Upgrade Room Amenities,Rooms
The concierge made a rude comment about my appearance. Terrible.,Disciplinary Action,Services
It took 45 minutes just to check in. Terrible.,Review Check-in Process,Services
Service in the restaurant was incredibly slow.,Staff Training (Food),Food
Feedback: Minibar was empty and not working.,Upgrade Room Amenities,Rooms
I want a refund for this terrible meal. Terrible.,Compensate Guest,Food
They demanded a cash deposit unexpectedly. Terrible.,Review Check-in Process,Services
Bike seat is broken.,Update Gym Equipment,Recreation
Feedback: The bill included a service charge that was not mentioned.,Compensate Guest,Food
"Honestly, water looked stagnant and dirty.",Pool Maintenance,Recreation
"Action needed: The gym smells like sweat, no ventilation.",Update Gym Equipment,Recreation
Not happy. The hairdryer provided is useless and overheating.,Upgrade Room Amenities,Rooms
I think I saw a mouse behind the curtain. Terrible.,Pest Control Investigation,Rooms
Action needed: Debris and leaves floating in the water.,Pool Maintenance,Recreation
Not happy. No one told us about the construction noise.,Staff Communication Training,Services
"Honestly, the food tasted slightly spoiled and smelled bad.",Inspect Kitchen Hygiene,Food
Waiters were ignoring us and chatting among themselves. Terrible.,Staff Training (Food),Food
Feedback: Lobby is chaotic and disorganized.,Review Check-in Process,Services
"Honestly, not enough weights for a proper workout.",Update Gym Equipment,Recreation
the toilet wasn't flushed when we arrived.,Deep Clean & Maintenance,Rooms
Water looked stagnant and dirty. Terrible.,Pool Maintenance,Recreation
"Honestly, the room smelled like stale cigarette smoke.",Deep Clean & Maintenance,Rooms
Feedback: Bellboy didn't explain how to use the key card.,Staff Communication Training,Services
Feedback: Curtains were dusty and triggered my allergies.,Deep Clean & Maintenance,Rooms
Feedback: Staff member laughed at my complaint.,Disciplinary Action,Services
"Honestly, priority check-in for members was not honored.",Review Check-in Process,Services
Review: Cable machine is stuck and dangerous.,Update Gym Equipment,Recreation
Feedback: Employee was on their phone ignoring guests.,Disciplinary Action,Services
Review: Mosquitoes in the room kept me up all night.,Pest Control Investigation,Rooms
Review: The buffet area looked unclean and messy.,Inspect Kitchen Hygiene,Food
Not happy. Bed bugs bit me all over my legs.,Pest Control Investigation,Rooms
They forgot to give us our wake-up call. Terrible.,Staff Communication Training,Services
Asked for no onions but got onions anyway. Terrible.,Staff Training (Food),Food
They couldn't find my booking in the system. Terrible.,Review Check-in Process,Services
"dust everywhere, especially under the bed.",Deep Clean & Maintenance,Rooms
Review: Called reception but no one answered the phone.,Staff Communication Training,Services
Bartender was visibly drunk.,Disciplinary Action,Services
Review: Lizard on the ceiling.,Pest Control Investigation,Rooms
Feedback: The waiter spilled soup on me and didn't apologize.,Staff Training (Food),Food
elliptical machine makes a squeaking sound.,Update Gym Equipment,Recreation
Pool ladders are loose and dangerous. Terrible.,Pool Maintenance,Recreation
the furniture is worn out and chipped.,Upgrade Room Amenities,Rooms
Not happy. Security guard was sleeping on the job.,Disciplinary Action,Services
The toilet wasn't flushed when we arrived.,Deep Clean & Maintenance,Rooms
Action needed: Tour guide gave us incorrect historical info.,Recreation Staff Review,Recreation
cockroach in the shower.,Pest Control Investigation,Rooms
Not enough vegetarian or vegan options. Terrible.,Revise Menu Quality,Food
Spa therapist was chatting during the massage. Terrible.,Recreation Staff Review,Recreation
Staff member was smoking right outside the lobby door. Terrible.,Disciplinary Action,Services
"Pool was freezing cold, heater broken. Terrible.",Pool Maintenance,Recreation
Review: The salad was wilted and brown.,Inspect Kitchen Hygiene,Food
Feedback: Flies buzzing around the room constantly.,Pest Control Investigation,Rooms
Not happy. They charged us for items we didn't order.,Compensate Guest,Food
staff member laughed at my complaint.,Disciplinary Action,Services
Not happy. Yoga mats are torn and dirty.,Update Gym Equipment,Recreation
"Honestly, there was a spider on the pillow.",Pest Control Investigation,Rooms
Not happy. No supervision in the children's play area.,Recreation Staff Review,Recreation
Not happy. Check-in line was huge and only one counter open.,Review Check-in Process,Services
Feedback: The bill included a service charge that was not mentioned.,Compensate Guest,Food
Feedback: Not enough vegetarian or vegan options.,Revise Menu Quality,Food
Spa therapist was chatting during the massage. Terrible.,Recreation Staff Review,Recreation
"Honestly, unprofessional behavior from the night manager.",Disciplinary Action,Services
No one came to clear our table for 30 minutes. Terrible.,Staff Training (Food),Food
Feedback: No one told us about the construction noise.,Staff Communication Training,Services
Feedback: There was a strange object in the soup.,Inspect Kitchen Hygiene,Food
"The gym smells like sweat, no ventilation.",Update Gym Equipment,Recreation
The coffee was burnt and bitter.,Revise Menu Quality,Food
"Honestly, they charged us for items we didn't order.",Compensate Guest,Food
Not happy. Front desk staff gave us wrong information about breakfast.,Staff Communication Training,Services
"Review: Worst dining experience ever, I expect compensation.",Compensate Guest,Food
Feedback: The toilet wasn't flushed when we arrived.,Deep Clean & Maintenance,Rooms
Feedback: Room wasn't ready at 4 PM check-in time.,Review Check-in Process,Services
Not happy. Employee was on their phone ignoring guests.,Disciplinary Action,Services
Review: No water or towels available in the gym.,Update Gym Equipment,Recreation
Review: Minibar was empty and not working.,Upgrade Room Amenities,Rooms
Not happy. Called reception but no one answered the phone.,Staff Communication Training,Services
Feedback: Waiters were ignoring us and chatting among themselves.,Staff Training (Food),Food
yoga mats are torn and dirty.,Update Gym Equipment,Recreation
The furniture is worn out and chipped.,Upgrade Room Amenities,Rooms
Not happy. The buffet area looked unclean and messy.,Inspect Kitchen Hygiene,Food
"Honestly, spa therapist was chatting during the massage.",Recreation Staff Review,Recreation
Not happy. Employee was on their phone ignoring guests.,Disciplinary Action,Services
Tiles around the pool are broken and sharp. Terrible.,Pool Maintenance,Recreation
Elliptical machine makes a squeaking sound. Terrible.,Update Gym Equipment,Recreation
Action needed: Bellboy didn't explain how to use the key card.,Staff Communication Training,Services
Not happy. Windows were dirty and hard to see through.,Deep Clean & Maintenance,Rooms
seasonal dishes listed on the menu were not available.,Revise Menu Quality,Food
the room smelled like stale cigarette smoke.,Deep Clean & Maintenance,Rooms
The coffee was burnt and bitter.,Revise Menu Quality,Food
They didn't tell us the pool was under maintenance.,Staff Communication Training,Services
Review: No iron or ironing board in the room.,Upgrade Room Amenities,Rooms
Not happy. Pool shower wasn't working.,Pool Maintenance,Recreation
entertainment team was low energy and boring.,Recreation Staff Review,Recreation
"Feedback: We waited 2 hours for our food, this is unacceptable.",Compensate Guest,Food
"Honestly, they charged us for items we didn't order.",Compensate Guest,Food
"Honestly, the bathroom tiles had mold in the grout.",Deep Clean & Maintenance,Rooms
Review: Asked for no onions but got onions anyway.,Staff Training (Food),Food
Not happy. Bike seat is broken.,Update Gym Equipment,Recreation
"Feedback: Too much chlorine in the pool, burned my eyes.",Pool Maintenance,Recreation
